,RMSE,MAE,MAPE,PI Width,CI Coverage,PI Overlap
mean,390.4706394787085,335.7589057074653,5.414496469497413,0.0,0.0,0.0
median,390.1226040942212,335.45322672526044,5.4094544334346555,0.0,0.0,0.0
std,3.5616875525821614,2.9836979448230787,0.046610320853568386,0.0,0.0,0.0
