,RMSE,MAE,MAPE,PI Width,CI Coverage,PI Overlap
mean,6093.210929140499,6084.775098513728,99.98905214335478,0.0,0.0,0.0
median,6093.244479156804,6084.81160745273,99.989703716158,0.0,0.0,0.0
std,0.17709813196515264,0.18750011993138063,0.0032611607264206688,0.0,0.0,0.0
