,RMSE,MAE,MAPE,PI Width,CI Coverage,PI Overlap
mean,6093.257046130937,6084.824251779997,99.98991222321756,0.0,0.0,0.0
median,6093.270696614343,6084.840143463263,99.99021257324017,0.0,0.0,0.0
std,0.16029412959849315,0.1686869951056556,0.0029177647298486427,0.0,0.0,0.0
