True,Pred
5750,2.6739647
5399,0.29316312
6123,0.23297691
5730,0.23177952
6015,0.23175584
5989,0.23175538
6333,0.23175538
6388,0.23175538
6048,0.23175538
6322,0.23175538
6405,0.23175538
6523,0.23175538
