True,Pred
5750,3.5633156
5399,0.430224
6123,0.25995973
5730,0.25313407
6015,0.25286674
5989,0.2528563
6333,0.2528559
6388,0.2528559
6048,0.2528559
6322,0.2528559
6405,0.2528559
6523,0.2528559
