True,Pred
5750,1.5104398
5399,0.2602806
6123,0.21907595
5730,0.21788633
6015,0.21785215
5989,0.21785116
6333,0.21785113
6388,0.21785113
6048,0.21785113
6322,0.21785113
6405,0.21785113
6523,0.21785113
