True,Pred
4323,3.8204887
4825,3.8204887
4462,3.8204887
4642,3.8204887
4369,3.8204887
4672,3.8204887
4661,3.8204887
4655,3.8204887
4716,3.8204887
4377,3.8204887
4484,3.8204887
4911,3.8204887
5218,3.8204887
5759,3.8204887
5456,3.8204887
5359,3.8204887
5305,3.8204887
5769,3.8204887
5565,3.8204887
5367,3.8204887
5633,3.8204887
5664,3.8204887
6082,3.8204887
6505,3.8204887
5813,3.8204887
6379,3.8204887
6091,3.8204887
6219,3.8204887
6052,3.8204887
6105,3.8204887
6030,3.8204887
5969,3.8204887
5707,3.8204887
5681,3.8204887
6052,3.8204887
5904,3.8204887
5426,3.8204887
6005,3.8204887
5766,3.8204887
5946,3.8204887
5981,3.8204887
6104,3.8204887
5991,3.8204887
5670,3.8204887
5709,3.8204887
5416,3.8204887
5793,3.8204887
