True,Pred
4323,3.8305573
4825,3.8305573
4462,3.8305573
4642,3.8305573
4369,3.8305573
4672,3.8305573
4661,3.8305573
4655,3.8305573
4716,3.8305573
4377,3.8305573
4484,3.8305573
4911,3.8305573
5218,3.8305573
5759,3.8305573
5456,3.8305573
5359,3.8305573
5305,3.8305573
5769,3.8305573
5565,3.8305573
5367,3.8305573
5633,3.8305573
5664,3.8305573
6082,3.8305573
6505,3.8305573
5813,3.8305573
6379,3.8305573
6091,3.8305573
6219,3.8305573
6052,3.8305573
6105,3.8305573
6030,3.8305573
5969,3.8305573
5707,3.8305573
5681,3.8305573
6052,3.8305573
5904,3.8305573
5426,3.8305573
6005,3.8305573
5766,3.8305573
5946,3.8305573
5981,3.8305573
6104,3.8305573
5991,3.8305573
5670,3.8305573
5709,3.8305573
5416,3.8305573
5793,3.8305573
