True,Pred
5750,2.6583571
5399,0.33187371
6123,0.23169494
5730,0.22834732
6015,0.22823699
5989,0.22823334
6333,0.22823322
6388,0.22823322
6048,0.22823322
6322,0.22823322
6405,0.22823322
6523,0.22823322
