True,Pred
5750,3.8305573
5399,0.49567544
6123,0.23897813
5730,0.22473922
6015,0.223975
5989,0.22393408
6333,0.22393188
6388,0.22393174
6048,0.22393174
6322,0.22393174
6405,0.22393174
6523,0.22393174
