True,Pred
4323,1.5104398
4825,1.5104398
4462,1.5104398
4642,1.5104398
4369,1.5104398
4672,1.5104398
4661,1.5104398
4655,1.5104398
4716,1.5104398
4377,1.5104398
4484,1.5104398
4911,1.5104398
5218,1.5104398
5759,1.5104398
5456,1.5104398
5359,1.5104398
5305,1.5104398
5769,1.5104398
5565,1.5104398
5367,1.5104398
5633,1.5104398
5664,1.5104398
6082,1.5104398
6505,1.5104398
5813,1.5104398
6379,1.5104398
6091,1.5104398
6219,1.5104398
6052,1.5104398
6105,1.5104398
6030,1.5104398
5969,1.5104398
5707,1.5104398
5681,1.5104398
6052,1.5104398
5904,1.5104398
5426,1.5104398
6005,1.5104398
5766,1.5104398
5946,1.5104398
5981,1.5104398
6104,1.5104398
5991,1.5104398
5670,1.5104398
5709,1.5104398
5416,1.5104398
5793,1.5104398
