True,Pred
4323,3.7477672
4825,3.7477672
4462,3.7477672
4642,3.7477672
4369,3.7477672
4672,3.7477672
4661,3.7477672
4655,3.7477672
4716,3.7477672
4377,3.7477672
4484,3.7477672
4911,3.7477672
5218,3.7477672
5759,3.7477672
5456,3.7477672
5359,3.7477672
5305,3.7477672
5769,3.7477672
5565,3.7477672
5367,3.7477672
5633,3.7477672
5664,3.7477672
6082,3.7477672
6505,3.7477672
5813,3.7477672
6379,3.7477672
6091,3.7477672
6219,3.7477672
6052,3.7477672
6105,3.7477672
6030,3.7477672
5969,3.7477672
5707,3.7477672
5681,3.7477672
6052,3.7477672
5904,3.7477672
5426,3.7477672
6005,3.7477672
5766,3.7477672
5946,3.7477672
5981,3.7477672
6104,3.7477672
5991,3.7477672
5670,3.7477672
5709,3.7477672
5416,3.7477672
5793,3.7477672
