True,Pred
5750,3.1909702
5399,0.38903454
6123,0.2211307
5730,0.21350604
6015,0.2131666
5989,0.21315153
6333,0.21315084
6388,0.21315081
6048,0.21315081
6322,0.21315081
6405,0.21315081
6523,0.21315081
