True,Pred
5750,3.9255261
5399,0.5835141
6123,0.30682677
5730,0.289417
6015,0.2883562
5989,0.2882917
6333,0.28828782
6388,0.28828755
6048,0.28828752
6322,0.28828752
6405,0.28828752
6523,0.28828752
