True,Pred
4323,4.2316103
4825,4.2316103
4462,4.2316103
4642,4.2316103
4369,4.2316103
4672,4.2316103
4661,4.2316103
4655,4.2316103
4716,4.2316103
4377,4.2316103
4484,4.2316103
4911,4.2316103
5218,4.2316103
5759,4.2316103
5456,4.2316103
5359,4.2316103
5305,4.2316103
5769,4.2316103
5565,4.2316103
5367,4.2316103
5633,4.2316103
5664,4.2316103
6082,4.2316103
6505,4.2316103
5813,4.2316103
6379,4.2316103
6091,4.2316103
6219,4.2316103
6052,4.2316103
6105,4.2316103
6030,4.2316103
5969,4.2316103
5707,4.2316103
5681,4.2316103
6052,4.2316103
5904,4.2316103
5426,4.2316103
6005,4.2316103
5766,4.2316103
5946,4.2316103
5981,4.2316103
6104,4.2316103
5991,4.2316103
5670,4.2316103
5709,4.2316103
5416,4.2316103
5793,4.2316103
