True,Pred
5750,3.8204887
5399,0.40206823
6123,0.21173781
5730,0.20481163
6015,0.20456672
5989,0.20455804
6333,0.20455775
6388,0.20455773
6048,0.20455772
6322,0.20455772
6405,0.20455772
6523,0.20455772
