True,Pred
4323,2.067334
4825,2.067334
4462,2.067334
4642,2.067334
4369,2.067334
4672,2.067334
4661,2.067334
4655,2.067334
4716,2.067334
4377,2.067334
4484,2.067334
4911,2.067334
5218,2.067334
5759,2.067334
5456,2.067334
5359,2.067334
5305,2.067334
5769,2.067334
5565,2.067334
5367,2.067334
5633,2.067334
5664,2.067334
6082,2.067334
6505,2.067334
5813,2.067334
6379,2.067334
6091,2.067334
6219,2.067334
6052,2.067334
6105,2.067334
6030,2.067334
5969,2.067334
5707,2.067334
5681,2.067334
6052,2.067334
5904,2.067334
5426,2.067334
6005,2.067334
5766,2.067334
5946,2.067334
5981,2.067334
6104,2.067334
5991,2.067334
5670,2.067334
5709,2.067334
5416,2.067334
5793,2.067334
