True,Pred
4323,2.162218
4825,2.162218
4462,2.162218
4642,2.162218
4369,2.162218
4672,2.162218
4661,2.162218
4655,2.162218
4716,2.162218
4377,2.162218
4484,2.162218
4911,2.162218
5218,2.162218
5759,2.162218
5456,2.162218
5359,2.162218
5305,2.162218
5769,2.162218
5565,2.162218
5367,2.162218
5633,2.162218
5664,2.162218
6082,2.162218
6505,2.162218
5813,2.162218
6379,2.162218
6091,2.162218
6219,2.162218
6052,2.162218
6105,2.162218
6030,2.162218
5969,2.162218
5707,2.162218
5681,2.162218
6052,2.162218
5904,2.162218
5426,2.162218
6005,2.162218
5766,2.162218
5946,2.162218
5981,2.162218
6104,2.162218
5991,2.162218
5670,2.162218
5709,2.162218
5416,2.162218
5793,2.162218
