True,Pred
4323,2.550759
4825,2.550759
4462,2.550759
4642,2.550759
4369,2.550759
4672,2.550759
4661,2.550759
4655,2.550759
4716,2.550759
4377,2.550759
4484,2.550759
4911,2.550759
5218,2.550759
5759,2.550759
5456,2.550759
5359,2.550759
5305,2.550759
5769,2.550759
5565,2.550759
5367,2.550759
5633,2.550759
5664,2.550759
6082,2.550759
6505,2.550759
5813,2.550759
6379,2.550759
6091,2.550759
6219,2.550759
6052,2.550759
6105,2.550759
6030,2.550759
5969,2.550759
5707,2.550759
5681,2.550759
6052,2.550759
5904,2.550759
5426,2.550759
6005,2.550759
5766,2.550759
5946,2.550759
5981,2.550759
6104,2.550759
5991,2.550759
5670,2.550759
5709,2.550759
5416,2.550759
5793,2.550759
