True,Pred
5750,4.140362
5399,0.7324649
6123,0.35842028
5730,0.32633772
6015,0.32368603
5989,0.32346758
6333,0.32344958
6388,0.32344812
6048,0.323448
6322,0.323448
6405,0.323448
6523,0.323448
