True,Pred
5750,1.311167
5399,0.22485894
6123,0.21403506
5730,0.21392977
6015,0.21392874
5989,0.21392873
6333,0.21392873
6388,0.21392873
6048,0.21392873
6322,0.21392873
6405,0.21392873
6523,0.21392873
