True,Pred
4323,5.9150934
4825,5.9150934
4462,5.9150934
4642,5.9150934
4369,5.9150934
4672,5.9150934
4661,5.9150934
4655,5.9150934
4716,5.9150934
4377,5.9150934
4484,5.9150934
4911,5.9150934
5218,5.9150934
5759,5.9150934
5456,5.9150934
5359,5.9150934
5305,5.9150934
5769,5.9150934
5565,5.9150934
5367,5.9150934
5633,5.9150934
5664,5.9150934
6082,5.9150934
6505,5.9150934
5813,5.9150934
6379,5.9150934
6091,5.9150934
6219,5.9150934
6052,5.9150934
6105,5.9150934
6030,5.9150934
5969,5.9150934
5707,5.9150934
5681,5.9150934
6052,5.9150934
5904,5.9150934
5426,5.9150934
6005,5.9150934
5766,5.9150934
5946,5.9150934
5981,5.9150934
6104,5.9150934
5991,5.9150934
5670,5.9150934
5709,5.9150934
5416,5.9150934
5793,5.9150934
