True,Pred
5750,2.067334
5399,0.30310258
6123,0.24200544
5730,0.2401796
6015,0.24012536
5989,0.24012375
6333,0.24012372
6388,0.24012372
6048,0.24012372
6322,0.24012372
6405,0.24012372
6523,0.24012372
