True,Pred
5750,3.1171012
5399,0.4687655
6123,0.27309975
5730,0.26192275
6015,0.26129913
5989,0.26126438
6333,0.26126245
6388,0.26126233
6048,0.26126233
6322,0.26126233
6405,0.26126233
6523,0.26126233
