True,Pred
4323,7.412166
4825,7.412166
4462,7.412166
4642,7.412166
4369,7.412166
4672,7.412166
4661,7.412166
4655,7.412166
4716,7.412166
4377,7.412166
4484,7.412166
4911,7.412166
5218,7.412166
5759,7.412166
5456,7.412166
5359,7.412166
5305,7.412166
5769,7.412166
5565,7.412166
5367,7.412166
5633,7.412166
5664,7.412166
6082,7.412166
6505,7.412166
5813,7.412166
6379,7.412166
6091,7.412166
6219,7.412166
6052,7.412166
6105,7.412166
6030,7.412166
5969,7.412166
5707,7.412166
5681,7.412166
6052,7.412166
5904,7.412166
5426,7.412166
6005,7.412166
5766,7.412166
5946,7.412166
5981,7.412166
6104,7.412166
5991,7.412166
5670,7.412166
5709,7.412166
5416,7.412166
5793,7.412166
