True,Pred
4323,5.454761
4825,5.454761
4462,5.454761
4642,5.454761
4369,5.454761
4672,5.454761
4661,5.454761
4655,5.454761
4716,5.454761
4377,5.454761
4484,5.454761
4911,5.454761
5218,5.454761
5759,5.454761
5456,5.454761
5359,5.454761
5305,5.454761
5769,5.454761
5565,5.454761
5367,5.454761
5633,5.454761
5664,5.454761
6082,5.454761
6505,5.454761
5813,5.454761
6379,5.454761
6091,5.454761
6219,5.454761
6052,5.454761
6105,5.454761
6030,5.454761
5969,5.454761
5707,5.454761
5681,5.454761
6052,5.454761
5904,5.454761
5426,5.454761
6005,5.454761
5766,5.454761
5946,5.454761
5981,5.454761
6104,5.454761
5991,5.454761
5670,5.454761
5709,5.454761
5416,5.454761
5793,5.454761
