True,Pred
5750,5.9688644
5399,1.1865954
6123,0.4165296
5730,0.3323121
6015,0.32398796
5989,0.32317466
6333,0.32309526
6388,0.3230875
6048,0.32308674
6322,0.3230867
6405,0.3230867
6523,0.3230867
