True,Pred
5750,3.9106572
5399,0.46549183
6123,0.22469003
5730,0.21223438
6015,0.21160708
5989,0.21157552
6333,0.21157393
6388,0.21157387
6048,0.21157387
6322,0.21157387
6405,0.21157387
6523,0.21157387
