True,Pred
5750,3.9857643
5399,0.5251716
6123,0.29165447
5730,0.27962035
6015,0.27901635
5989,0.27898642
6333,0.27898496
6388,0.27898487
6048,0.27898487
6322,0.27898487
6405,0.27898487
6523,0.27898487
