True,Pred
5750,3.7477672
5399,0.67111766
6123,0.3389466
5730,0.31149784
6015,0.3093184
5989,0.30914593
6333,0.30913228
6388,0.3091312
6048,0.30913112
6322,0.30913112
6405,0.30913112
6523,0.30913112
