True,Pred
4323,4.2855477
4825,4.2855477
4462,4.2855477
4642,4.2855477
4369,4.2855477
4672,4.2855477
4661,4.2855477
4655,4.2855477
4716,4.2855477
4377,4.2855477
4484,4.2855477
4911,4.2855477
5218,4.2855477
5759,4.2855477
5456,4.2855477
5359,4.2855477
5305,4.2855477
5769,4.2855477
5565,4.2855477
5367,4.2855477
5633,4.2855477
5664,4.2855477
6082,4.2855477
6505,4.2855477
5813,4.2855477
6379,4.2855477
6091,4.2855477
6219,4.2855477
6052,4.2855477
6105,4.2855477
6030,4.2855477
5969,4.2855477
5707,4.2855477
5681,4.2855477
6052,4.2855477
5904,4.2855477
5426,4.2855477
6005,4.2855477
5766,4.2855477
5946,4.2855477
5981,4.2855477
6104,4.2855477
5991,4.2855477
5670,4.2855477
5709,4.2855477
5416,4.2855477
5793,4.2855477
