True,Pred
5750,5.551845
5399,0.73541117
6123,0.25907844
5730,0.22968149
6015,0.22797945
5989,0.22788128
6333,0.22787562
6388,0.22787529
6048,0.22787529
6322,0.22787529
6405,0.22787529
6523,0.22787529
