True,Pred
5750,3.7473586
5399,0.47763398
6123,0.28655323
5730,0.27867404
6015,0.27835688
5989,0.27834412
6333,0.27834362
6388,0.2783436
6048,0.2783436
6322,0.2783436
6405,0.2783436
6523,0.2783436
