True,Pred
5750,4.5825677
5399,0.55258155
6123,0.3130141
5730,0.3038459
6015,0.3035058
5989,0.3034932
6333,0.30349275
6388,0.30349272
6048,0.30349272
6322,0.30349272
6405,0.30349272
6523,0.30349272
