True,Pred
5750,3.2409031
5399,0.44225734
6123,0.25859356
5730,0.24924442
6015,0.24877816
5989,0.24875495
6333,0.24875382
6388,0.24875373
6048,0.24875373
6322,0.24875373
6405,0.24875373
6523,0.24875373
