True,Pred
5750,4.2855477
5399,0.5342905
6123,0.2846062
5730,0.27309594
6015,0.27258116
5989,0.27255815
6333,0.27255714
6388,0.27255708
6048,0.27255708
6322,0.27255708
6405,0.27255708
6523,0.27255708
