True,Pred
5750,3.7265038
5399,0.4789674
6123,0.2964014
5730,0.28868064
6015,0.28836066
5989,0.2883474
6333,0.2883469
6388,0.28834686
6048,0.28834686
6322,0.28834686
6405,0.28834686
6523,0.28834686
