True,Pred
5750,2.7994041
5399,0.40109587
6123,0.2928374
5730,0.2888337
6015,0.28868744
5989,0.28868204
6333,0.2886819
6388,0.2886819
6048,0.2886819
6322,0.2886819
6405,0.2886819
6523,0.2886819
