True,Pred
5750,2.162218
5399,0.26141277
6123,0.1845406
5730,0.18180609
6015,0.18170962
5989,0.18170622
6333,0.1817061
6388,0.18170609
6048,0.18170609
6322,0.18170609
6405,0.18170609
6523,0.18170609
