,RMSE,MAE,MAPE,PI Width,CI Coverage,PI Overlap
mean,376.616971182962,327.41658799913205,5.275649188422165,0.0,0.0,0.0
median,374.94069281320054,325.9118855794271,5.251993044297707,0.0,0.0,0.0
std,9.096591944721725,7.893025217080636,0.12462400820109937,0.0,0.0,0.0
