,RMSE,MAE,MAPE,PI Width,CI Coverage,PI Overlap
mean,321.18929688281384,270.56023220486117,4.422950045678343,0.0,0.0,0.0
median,311.116976859931,257.6375935872396,4.218286623321397,0.0,0.0,0.0
std,58.10732069406553,54.386180368645505,0.8264676201707174,0.0,0.0,0.0
