,RMSE,MAE,MAPE,PI Width,CI Coverage,PI Overlap
mean,2852.254424481651,2725.8524359809026,30.370675468144217,0.0,0.0,0.0
std,54.7013909264904,56.12200044826925,0.6408963490246036,0.0,0.0,0.0
