,RMSE,MAE,MAPE,PI Width,CI Coverage,PI Overlap
mean,605.2007525657385,551.231766764323,8.982566875202231,0.0,0.0,0.0
std,430.6714100054688,422.6410038155044,6.908393594975094,0.0,0.0,0.0
