,RMSE,MAE,MAPE,PI Width,CI Coverage,PI Overlap
mean,774.6991065431929,688.2511182996961,11.073988405739438,0.0,0.0,0.0
median,672.1302129707539,591.9601643880209,9.492936705023427,0.0,0.0,0.0
std,420.7448305939464,390.88692747605467,6.2736592283320265,0.0,0.0,0.0
