,RMSE,MAE,MAPE,PI Width,CI Coverage,PI Overlap
mean,707.0530669239652,621.2015204535589,9.98428801977624,0.0,0.0,0.0
median,583.8109210998922,509.1743367513021,8.16700744041703,0.0,0.0,0.0
std,366.2453446316378,328.8176812552292,5.245380745468269,0.0,0.0,0.0
