,RMSE,MAE,MAPE,PI Width,CI Coverage,PI Overlap
mean,282.67446410839943,228.36951809064718,4.158785178920357,0.0,0.0,0.0
median,284.00030233469045,229.223809424867,4.173663757198348,0.0,0.0,0.0
std,3.7172856810506416,3.064741733215894,0.06232659682852046,0.0,0.0,0.0
