,RMSE,MAE,MAPE,PI Width,CI Coverage,PI Overlap
mean,463.5903471812456,404.2917575412327,6.497115223575591,0.0,0.0,0.0
median,497.12283561453705,434.93660481770837,6.980918083076128,0.0,0.0,0.0
std,86.65257803789244,79.70846336322771,1.2623817535007928,0.0,0.0,0.0
