,RMSE,MAE,MAPE,PI Width,CI Coverage,PI Overlap
mean,390.5265187625378,339.2898478190104,5.483609531261278,0.0,0.0,0.0
median,391.7756002695609,340.385986328125,5.500860305850793,0.0,0.0,0.0
std,6.992205421754906,6.077650325325461,0.09537115441639976,0.0,0.0,0.0
