,RMSE,MAE,MAPE,PI Width,CI Coverage,PI Overlap
mean,348.46735535815685,299.621575249566,4.836321731038293,0.0,0.0,0.0
median,348.0145239796815,297.80275472005206,4.808500474513323,0.0,0.0,0.0
std,13.876017291457364,13.179320152270812,0.20772967512233825,0.0,0.0,0.0
