True,Pred
5750,45.077724
5399,43.80895
6123,37.9448
5730,37.55983
6015,36.420185
5989,36.289608
6333,36.01462
6388,35.9716
6048,35.901527
6322,35.88791
6405,35.869724
6523,35.865555
