True,Pred
5750,13.638551
5399,11.771762
6123,4.6999626
5730,3.3391721
6015,1.4020963
5989,0.9602305
6333,0.6427167
6388,0.57282335
6048,0.53489184
6322,0.5257412
6405,0.5214282
6523,0.520286
