True,Pred
4825,19.790913
4462,19.790913
4642,19.790913
4369,19.790913
4672,19.790913
4661,19.790913
4655,19.790913
4716,19.790913
4377,19.790913
4484,19.790913
4911,19.790913
5218,19.790913
5759,19.790913
5456,19.790913
5359,19.790913
5305,19.790913
5769,19.790913
5565,19.790913
5367,19.790913
5633,19.790913
5664,19.790913
6082,19.790913
6505,19.790913
5813,19.790913
6379,19.790913
6091,19.790913
6219,19.790913
6052,19.790913
6105,19.790913
6030,19.790913
5969,19.790913
5707,19.790913
5681,19.790913
6052,19.790913
5904,19.790913
5426,19.790913
6005,19.790913
5766,19.790913
5946,19.790913
5981,19.790913
6104,19.790913
5991,19.790913
5670,19.790913
5709,19.790913
5416,19.790913
5793,19.790913
