True,Pred
5750,11.101818
5399,9.368307
6123,2.6781802
5730,1.8027757
6015,0.8087885
5989,0.659788
6333,0.559384
6388,0.54205877
6048,0.5328541
6322,0.5310107
6405,0.5301663
6523,0.5299767
