True,Pred
4825,24.927786
4462,24.927782
4642,24.927792
4369,24.927788
4672,24.927786
4661,24.927784
4655,24.92779
4716,24.92779
4377,24.92779
4484,24.927792
4911,24.927784
5218,24.927788
5759,24.927795
5456,24.927797
5359,24.9278
5305,24.927797
5769,24.927797
5565,24.927797
5367,24.9278
5633,24.927797
5664,24.9278
6082,24.9278
6505,24.9278
5813,24.9278
6379,24.9278
6091,24.9278
6219,24.9278
6052,24.9278
6105,24.9278
6030,24.9278
5969,24.9278
5707,24.9278
5681,24.9278
6052,24.9278
5904,24.9278
5426,24.9278
6005,24.9278
5766,24.9278
5946,24.9278
5981,24.9278
6104,24.9278
5991,24.9278
5670,24.9278
5709,24.9278
5416,24.9278
5793,24.9278
