True,Pred
4825,24.43341
4462,24.43341
4642,24.43341
4369,24.43341
4672,24.43341
4661,24.43341
4655,24.43341
4716,24.43341
4377,24.43341
4484,24.43341
4911,24.43341
5218,24.43341
5759,24.43341
5456,24.43341
5359,24.43341
5305,24.43341
5769,24.43341
5565,24.43341
5367,24.43341
5633,24.43341
5664,24.43341
6082,24.43341
6505,24.43341
5813,24.43341
6379,24.43341
6091,24.43341
6219,24.43341
6052,24.43341
6105,24.43341
6030,24.43341
5969,24.43341
5707,24.43341
5681,24.43341
6052,24.43341
5904,24.43341
5426,24.43341
6005,24.43341
5766,24.43341
5946,24.43341
5981,24.43341
6104,24.43341
5991,24.43341
5670,24.43341
5709,24.43341
5416,24.43341
5793,24.43341
