True,Pred
4825,18.838346
4462,18.838346
4642,18.838346
4369,18.838346
4672,18.838346
4661,18.838346
4655,18.838346
4716,18.838346
4377,18.838346
4484,18.838346
4911,18.838346
5218,18.838346
5759,18.838346
5456,18.838346
5359,18.838346
5305,18.838346
5769,18.838346
5565,18.838346
5367,18.838346
5633,18.838346
5664,18.838346
6082,18.838346
6505,18.838346
5813,18.838346
6379,18.838346
6091,18.838346
6219,18.838346
6052,18.838346
6105,18.838346
6030,18.838346
5969,18.838346
5707,18.838346
5681,18.838346
6052,18.838346
5904,18.838346
5426,18.838346
6005,18.838346
5766,18.838346
5946,18.838346
5981,18.838346
6104,18.838346
5991,18.838346
5670,18.838346
5709,18.838346
5416,18.838346
5793,18.838346
