True,Pred
5750,13.440963
5399,11.864893
6123,5.180036
5730,4.000293
6015,1.9973917
5989,1.4879316
6333,1.0294237
6388,0.909477
6048,0.830821
6322,0.8082829
6405,0.7956512
6523,0.7916788
