True,Pred
5750,49.59476
5399,47.20266
6123,36.965015
5730,36.24039
6015,34.370094
5989,34.11624
6333,33.66097
6388,33.573658
6048,33.45381
6322,33.424927
6405,33.392475
6523,33.38324
