True,Pred
5750,30.451708
5399,28.258383
6123,18.530008
5730,17.402456
6015,14.439023
5989,13.592518
6333,12.062509
6388,11.3360195
6048,10.299679
6322,9.621687
6405,8.7820635
6523,8.108963
