True,Pred
5750,30.693626
5399,28.705917
6123,18.434021
5730,16.572775
6015,12.026196
5989,10.2624855
6333,7.5135064
6388,5.964953
6048,4.1945515
6322,3.0724816
6405,2.1114087
6523,1.5551422
