True,Pred
4825,45.888744
4462,45.888744
4642,45.888744
4369,45.888744
4672,45.888744
4661,45.888744
4655,45.888744
4716,45.888744
4377,45.888744
4484,45.888744
4911,45.888744
5218,45.888744
5759,45.888744
5456,45.888744
5359,45.888744
5305,45.888744
5769,45.888744
5565,45.888744
5367,45.888744
5633,45.888744
5664,45.888744
6082,45.888744
6505,45.888744
5813,45.888744
6379,45.888744
6091,45.888744
6219,45.888744
6052,45.888744
6105,45.888744
6030,45.888744
5969,45.888744
5707,45.888744
5681,45.888744
6052,45.888744
5904,45.888744
5426,45.888744
6005,45.888744
5766,45.888744
5946,45.888744
5981,45.888744
6104,45.888744
5991,45.888744
5670,45.888744
5709,45.888744
5416,45.888744
5793,45.888744
