True,Pred
5750,31.924818
5399,29.688467
6123,17.52917
5730,15.884485
6015,11.067284
5989,9.486571
6333,6.579269
6388,5.1671486
6048,3.457605
6322,2.570222
6405,1.8253833
6523,1.4647914
