True,Pred
5750,18.838346
5399,17.007797
6123,6.68297
5730,4.857431
6015,2.0348155
5989,1.3251557
6333,0.7810496
6388,0.6464779
6048,0.57131153
6322,0.55138075
6405,0.54174495
6523,0.5389647
