True,Pred
5750,36.128975
5399,33.779266
6123,23.458965
5730,21.91611
6015,17.744099
5989,16.41407
6333,13.887887
6388,12.619216
6048,10.733291
6322,9.465868
6405,7.8790846
6523,6.627472
