True,Pred
4825,40.966152
4462,40.966152
4642,40.966152
4369,40.966152
4672,40.966152
4661,40.966152
4655,40.966152
4716,40.966152
4377,40.966152
4484,40.966152
4911,40.966152
5218,40.966152
5759,40.966152
5456,40.966152
5359,40.966152
5305,40.966152
5769,40.966152
5565,40.966152
5367,40.966152
5633,40.966152
5664,40.966152
6082,40.966152
6505,40.966152
5813,40.966152
6379,40.966152
6091,40.966152
6219,40.966152
6052,40.966152
6105,40.966152
6030,40.966152
5969,40.966152
5707,40.966152
5681,40.966152
6052,40.966152
5904,40.966152
5426,40.966152
6005,40.966152
5766,40.966152
5946,40.966152
5981,40.966152
6104,40.966152
5991,40.966152
5670,40.966152
5709,40.966152
5416,40.966152
5793,40.966152
