True,Pred
5750,20.018118
5399,18.912394
6123,11.467269
5730,9.867938
6015,6.0521145
5989,4.496487
6333,2.5837083
6388,1.7706554
6048,1.1638863
6322,0.931947
6405,0.7998209
6523,0.749985
