True,Pred
4825,30.305387
4462,30.305387
4642,30.305387
4369,30.305387
4672,30.305387
4661,30.305387
4655,30.305387
4716,30.305387
4377,30.305387
4484,30.305387
4911,30.305387
5218,30.305387
5759,30.305387
5456,30.305387
5359,30.305387
5305,30.305387
5769,30.305387
5565,30.305387
5367,30.305387
5633,30.305387
5664,30.305387
6082,30.305387
6505,30.305387
5813,30.305387
6379,30.305387
6091,30.305387
6219,30.305387
6052,30.305387
6105,30.305387
6030,30.305387
5969,30.305387
5707,30.305387
5681,30.305387
6052,30.305387
5904,30.305387
5426,30.305387
6005,30.305387
5766,30.305387
5946,30.305387
5981,30.305387
6104,30.305387
5991,30.305387
5670,30.305387
5709,30.305387
5416,30.305387
5793,30.305387
