True,Pred
5750,18.883913
5399,16.543
6123,7.4790535
5730,5.915382
6015,3.1207676
5989,2.2668366
6333,1.413191
6388,1.1262063
6048,0.9236141
6322,0.8513468
6405,0.80831546
6523,0.7918448
