True,Pred
4825,21.02362
4462,21.02362
4642,21.02362
4369,21.02362
4672,21.02362
4661,21.02362
4655,21.02362
4716,21.02362
4377,21.02362
4484,21.02362
4911,21.02362
5218,21.02362
5759,21.02362
5456,21.02362
5359,21.02362
5305,21.02362
5769,21.02362
5565,21.02362
5367,21.02362
5633,21.02362
5664,21.02362
6082,21.02362
6505,21.02362
5813,21.02362
6379,21.02362
6091,21.02362
6219,21.02362
6052,21.02362
6105,21.02362
6030,21.02362
5969,21.02362
5707,21.02362
5681,21.02362
6052,21.02362
5904,21.02362
5426,21.02362
6005,21.02362
5766,21.02362
5946,21.02362
5981,21.02362
6104,21.02362
5991,21.02362
5670,21.02362
5709,21.02362
5416,21.02362
5793,21.02362
