True,Pred
4825,46.525784
4462,46.525784
4642,46.525784
4369,46.525784
4672,46.525784
4661,46.525784
4655,46.525784
4716,46.525784
4377,46.525784
4484,46.525784
4911,46.525784
5218,46.525784
5759,46.525784
5456,46.525784
5359,46.525784
5305,46.525784
5769,46.525784
5565,46.525784
5367,46.525784
5633,46.525784
5664,46.525784
6082,46.525784
6505,46.525784
5813,46.525784
6379,46.525784
6091,46.525784
6219,46.525784
6052,46.525784
6105,46.525784
6030,46.525784
5969,46.525784
5707,46.525784
5681,46.525784
6052,46.525784
5904,46.525784
5426,46.525784
6005,46.525784
5766,46.525784
5946,46.525784
5981,46.525784
6104,46.525784
5991,46.525784
5670,46.525784
5709,46.525784
5416,46.525784
5793,46.525784
