True,Pred
5750,24.107374
5399,21.598864
6123,11.176238
5730,9.451843
6015,5.716355
5989,4.381155
6333,2.6495547
6388,1.8796872
6048,1.2374457
6322,0.9644665
6405,0.7933903
6523,0.72224456
