True,Pred
5750,37.510483
5399,35.120018
6123,18.31487
5730,16.73874
6015,11.562988
5989,10.349541
6333,7.9207706
6388,6.975127
6048,5.6129594
6322,4.897258
6405,4.0709977
6523,3.5618556
