True,Pred
4825,43.162956
4462,43.162956
4642,43.162956
4369,43.162956
4672,43.162956
4661,43.162956
4655,43.162956
4716,43.162956
4377,43.162956
4484,43.162956
4911,43.162956
5218,43.162956
5759,43.162956
5456,43.162956
5359,43.162956
5305,43.162956
5769,43.162956
5565,43.162956
5367,43.162956
5633,43.162956
5664,43.162956
6082,43.162956
6505,43.162956
5813,43.162956
6379,43.162956
6091,43.162956
6219,43.162956
6052,43.162956
6105,43.162956
6030,43.162956
5969,43.162956
5707,43.162956
5681,43.162956
6052,43.162956
5904,43.162956
5426,43.162956
6005,43.162956
5766,43.162956
5946,43.162956
5981,43.162956
6104,43.162956
5991,43.162956
5670,43.162956
5709,43.162956
5416,43.162956
5793,43.162956
