True,Pred
5750,12.866886
5399,10.762932
6123,4.211322
5730,2.9242332
6015,1.2603068
5989,0.862182
6333,0.5848707
6388,0.51714295
6048,0.48024216
6322,0.4703267
6405,0.46557522
6523,0.46418324
