True,Pred
4825,30.878073
4462,30.878073
4642,30.878073
4369,30.878073
4672,30.878073
4661,30.878073
4655,30.878073
4716,30.878073
4377,30.878073
4484,30.878073
4911,30.878073
5218,30.878073
5759,30.878073
5456,30.878073
5359,30.878073
5305,30.878073
5769,30.878073
5565,30.878073
5367,30.878073
5633,30.878073
5664,30.878073
6082,30.878073
6505,30.878073
5813,30.878073
6379,30.878073
6091,30.878073
6219,30.878073
6052,30.878073
6105,30.878073
6030,30.878073
5969,30.878073
5707,30.878073
5681,30.878073
6052,30.878073
5904,30.878073
5426,30.878073
6005,30.878073
5766,30.878073
5946,30.878073
5981,30.878073
6104,30.878073
5991,30.878073
5670,30.878073
5709,30.878073
5416,30.878073
5793,30.878073
