True,Pred
5750,30.132406
5399,28.670288
6123,19.76615
5730,18.501318
6015,15.167618
5989,14.094092
6333,12.214982
6388,11.248833
6048,9.916481
6322,9.002848
6405,7.91092
6523,7.0247455
