True,Pred
5750,21.02362
5399,18.67184
6123,8.741417
5730,6.9544063
6015,3.4684858
5989,2.4427652
6333,1.406985
6388,1.1010867
6048,0.8923123
6322,0.828277
6405,0.7917844
6523,0.77970874
