True,Pred
4825,11.101818
4462,11.101818
4642,11.101818
4369,11.101818
4672,11.101818
4661,11.101818
4655,11.101818
4716,11.101818
4377,11.101818
4484,11.101818
4911,11.101818
5218,11.101818
5759,11.101818
5456,11.101818
5359,11.101818
5305,11.101818
5769,11.101818
5565,11.101818
5367,11.101818
5633,11.101818
5664,11.101818
6082,11.101818
6505,11.101818
5813,11.101818
6379,11.101818
6091,11.101818
6219,11.101818
6052,11.101818
6105,11.101818
6030,11.101818
5969,11.101818
5707,11.101818
5681,11.101818
6052,11.101818
5904,11.101818
5426,11.101818
6005,11.101818
5766,11.101818
5946,11.101818
5981,11.101818
6104,11.101818
5991,11.101818
5670,11.101818
5709,11.101818
5416,11.101818
5793,11.101818
