True,Pred
5750,34.65446
5399,32.89634
6123,23.950447
5730,22.939934
6015,19.966433
5989,19.237936
6333,17.752028
6388,17.183565
6048,16.278809
6322,15.813224
6405,15.187431
6523,14.79182
