True,Pred
5750,23.42911
5399,21.055698
6123,9.712552
5730,7.5728383
6015,3.279356
5989,1.9856585
6333,0.9336985
6388,0.69072896
6048,0.5677481
6322,0.53966063
6405,0.52754503
6523,0.5245469
