True,Pred
5750,46.525784
5399,45.58259
6123,35.206974
5730,34.633057
6015,32.15368
5989,31.821041
6333,30.947067
6388,30.760735
6048,30.408789
6322,30.30774
6405,30.157057
6523,30.103752
