True,Pred
5750,24.43341
5399,22.443874
6123,10.66899
5730,8.530379
6015,4.139845
5989,2.7377582
6333,1.3742872
6388,0.98200566
6048,0.7510796
6322,0.6878282
6405,0.6573479
6523,0.6485437
