True,Pred
5750,60.953495
5399,60.413464
6123,53.620247
5730,53.375046
6015,52.11998
5989,52.03562
6333,51.769104
6388,51.74347
6048,51.685028
6322,51.677807
6405,51.664867
6523,51.662914
