True,Pred
4825,32.940464
4462,32.940464
4642,32.940464
4369,32.940464
4672,32.940464
4661,32.940464
4655,32.940464
4716,32.940464
4377,32.940464
4484,32.940464
4911,32.940464
5218,32.940464
5759,32.940464
5456,32.940464
5359,32.940464
5305,32.940464
5769,32.940464
5565,32.940464
5367,32.940464
5633,32.940464
5664,32.940464
6082,32.940464
6505,32.940464
5813,32.940464
6379,32.940464
6091,32.940464
6219,32.940464
6052,32.940464
6105,32.940464
6030,32.940464
5969,32.940464
5707,32.940464
5681,32.940464
6052,32.940464
5904,32.940464
5426,32.940464
6005,32.940464
5766,32.940464
5946,32.940464
5981,32.940464
6104,32.940464
5991,32.940464
5670,32.940464
5709,32.940464
5416,32.940464
5793,32.940464
