,RMSE,MAE,MAPE,PI Width,CI Coverage,PI Overlap
mean,411.765858924411,354.78608940972214,5.735336528982958,0.0,0.0,0.0
median,378.5332584313876,326.4658610026042,5.276442011536627,0.0,0.0,0.0
std,133.95977171684385,125.46200475245931,1.986224900725767,0.0,0.0,0.0
