,RMSE,MAE,MAPE,PI Width,CI Coverage,PI Overlap
mean,732.3585264187669,647.8773952907985,10.399211140100643,0.0,0.0,0.0
median,747.8233475768523,662.7538655598958,10.63022666044063,0.0,0.0,0.0
std,103.54069654476163,92.97370351941824,1.483284835463009,0.0,0.0,0.0
