,RMSE,MAE,MAPE,PI Width,CI Coverage,PI Overlap
mean,231.8612267160683,188.7263129340278,3.371002861289881,0.0,0.0,0.0
median,224.678674456237,183.3092506045387,3.277937689614973,0.0,0.0,0.0
std,20.187119883468778,18.853449342298262,0.3702261798377813,0.0,0.0,0.0
