,RMSE,MAE,MAPE,PI Width,CI Coverage,PI Overlap
mean,341.07683803898124,295.5847452799479,4.768676812242156,0.0,0.0,0.0
median,339.10895516532355,293.95503743489587,4.742516578542656,0.0,0.0,0.0
std,9.489425765531026,8.563799679670513,0.13498509733071282,0.0,0.0,0.0
