,RMSE,MAE,MAPE,PI Width,CI Coverage,PI Overlap
mean,289.00652625620114,237.58103945035458,4.337908862481685,0.0,0.0,0.0
median,286.41139682932805,237.84225398936172,4.333952039321068,0.0,0.0,0.0
std,15.580365890920678,11.273183868895023,0.17158503084868704,0.0,0.0,0.0
