,RMSE,MAE,MAPE,PI Width,CI Coverage,PI Overlap
mean,444.1666462465053,384.4350314670139,6.177485352404584,0.0,0.0,0.0
median,444.8173572413054,384.8323974609375,6.182918604784417,0.0,0.0,0.0
std,11.373623965907292,10.207994077997999,0.16167982376293852,0.0,0.0,0.0
