,RMSE,MAE,MAPE,PI Width,CI Coverage,PI Overlap
mean,1808.3304167230044,1618.5593977186413,26.060439635111894,0.0,0.0,0.0
median,1844.2174509552478,1632.0507303873696,26.179163793497494,0.0,0.0,0.0
std,1016.0638232416213,930.9447015762265,15.013513734718526,0.0,0.0,0.0
