,RMSE,MAE,MAPE,PI Width,CI Coverage,PI Overlap
mean,291.8590153913041,238.0566297743056,4.00184497355209,0.0,0.0,0.0
median,287.2834617318688,238.407470703125,4.009244307403055,0.0,0.0,0.0
std,13.361611758270042,7.393574900556015,0.10619582448784222,0.0,0.0,0.0
