,RMSE,MAE,MAPE,PI Width,CI Coverage,PI Overlap
mean,451.9535314121107,392.64094373914924,6.332499546369922,0.0,0.0,0.0
median,451.6070320333737,390.9497273763021,6.294715468099662,0.0,0.0,0.0
std,71.39164221175128,65.56562522957918,1.021407177375006,0.0,0.0,0.0
