,RMSE,MAE,MAPE,PI Width,CI Coverage,PI Overlap
mean,346.60049381828827,297.40164116753465,4.82898640292058,0.0,0.0,0.0
median,348.40025900856915,299.1954345703125,4.857225586906407,0.0,0.0,0.0
std,4.2877768450139015,4.160981923015142,0.06531818940445784,0.0,0.0,0.0
