,RMSE,MAE,MAPE,PI Width,CI Coverage,PI Overlap
mean,250.2412418408292,189.19925672743054,3.2893723305349085,0.0,0.0,0.0
median,249.8509639265286,189.35010443793402,3.2920198714152433,0.0,0.0,0.0
std,1.651945283949344,1.2878320145804736,0.02603805289168479,0.0,0.0,0.0
