,RMSE,MAE,MAPE,PI Width,CI Coverage,PI Overlap
mean,650.4682907482951,569.2675509982638,9.139971063878123,0.0,0.0,0.0
median,644.7219547252143,565.2867431640625,9.064985315854575,0.0,0.0,0.0
std,250.37055095975043,224.5799190734342,3.5708413661765133,0.0,0.0,0.0
