,RMSE,MAE,MAPE,PI Width,CI Coverage,PI Overlap
mean,725.8896232428021,634.857122124566,10.173096872286939,0.0,0.0,0.0
median,717.2811555003442,630.6102294921875,10.10786123834674,0.0,0.0,0.0
std,179.22075666917573,158.81062970366406,2.5331555627234885,0.0,0.0,0.0
