,RMSE,MAE,MAPE,PI Width,CI Coverage,PI Overlap
mean,450.3398270579322,389.39705403645826,6.270113099811876,0.0,0.0,0.0
median,446.630371804477,386.541748046875,6.224959540527037,0.0,0.0,0.0
std,23.95272591539209,19.612314529787245,0.3077549342948058,0.0,0.0,0.0
