,RMSE,MAE,MAPE,PI Width,CI Coverage,PI Overlap
mean,324.7432228837891,276.39973822699653,4.482339686400306,0.0,0.0,0.0
median,305.73087728239386,260.4739990234375,4.231984421285674,0.0,0.0,0.0
std,58.03294402046076,52.33987476067121,0.8211026570498428,0.0,0.0,0.0
