,RMSE,MAE,MAPE,PI Width,CI Coverage,PI Overlap
mean,490.8402851872758,429.5528781467013,6.912269333132323,0.0,0.0,0.0
median,474.0506571178064,406.04524739583337,6.520659661264496,0.0,0.0,0.0
std,76.79150376972865,73.34425647583531,1.1590482499008485,0.0,0.0,0.0
