,RMSE,MAE,MAPE,PI Width,CI Coverage,PI Overlap
mean,319.19441741523053,269.42591145833336,4.403525965559971,0.0,0.0,0.0
std,3.2340674065806865,3.7678691816453846,0.05731714190219087,0.0,0.0,0.0
