,RMSE,MAE,MAPE,PI Width,CI Coverage,PI Overlap
mean,318.1954940745449,244.4985795854448,4.328317402984592,0.0,0.0,0.0
median,322.9438253926703,247.59334089949323,4.373334473467274,0.0,0.0,0.0
std,27.506406346892938,21.731311509846165,0.3779460735780087,0.0,0.0,0.0
