,RMSE,MAE,MAPE,PI Width,CI Coverage,PI Overlap
mean,268.4180216349628,213.3267363757622,3.841358358110989,0.0,0.0,0.0
std,2.4413879340871443,6.198361204173384,0.12547155245836525,0.0,0.0,0.0
