,RMSE,MAE,MAPE,PI Width,CI Coverage,PI Overlap
mean,313.1960994413608,263.53744303385423,4.3038036105304736,0.0,0.0,0.0
median,274.63307725459015,226.77899169921875,3.727631160730222,0.0,0.0,0.0
std,98.56074241628313,91.01393887438341,1.4321628129402697,0.0,0.0,0.0
