,RMSE,MAE,MAPE,PI Width,CI Coverage,PI Overlap
mean,485.92684155679876,422.2006429036458,6.796168922075833,0.0,0.0,0.0
median,477.6616896533633,410.2465616861979,6.5898765444470575,0.0,0.0,0.0
std,108.1984772567335,98.07966408602968,1.554556228043179,0.0,0.0,0.0
