,RMSE,MAE,MAPE,PI Width,CI Coverage,PI Overlap
mean,673.9377050287982,592.4513129340278,9.510791000725039,0.0,0.0,0.0
median,660.6168861418654,581.9704386393229,9.334413099786756,0.0,0.0,0.0
std,222.23369990994325,202.19606139384837,3.2252604630121424,0.0,0.0,0.0
