,RMSE,MAE,MAPE,PI Width,CI Coverage,PI Overlap
mean,5941.308866312492,5932.630505169761,97.48129681239024,0.0,0.0,0.0
median,5938.751837086757,5930.063874562582,97.4388966394246,0.0,0.0,0.0
std,53.74811125229298,53.81179140551361,0.8865709833617671,0.0,0.0,0.0
