True,Pred
5750,186.43968
5399,185.80765
6123,185.79822
5730,185.79808
6015,185.79808
5989,185.79808
6333,185.79808
6388,185.79808
6048,185.79808
6322,185.79808
6405,185.79808
6523,185.79808
