True,Pred
5750,170.27997
5399,160.54099
6123,159.88934
5730,159.8432
6015,159.83992
5989,159.83969
6333,159.83966
6388,159.83966
6048,159.83966
6322,159.83966
6405,159.83966
6523,159.83966
