True,Pred
4323,209.17459
4825,209.17459
4462,209.17459
4642,209.17459
4369,209.17459
4672,209.17459
4661,209.17459
4655,209.17459
4716,209.17459
4377,209.17459
4484,209.17459
4911,209.17459
5218,209.17459
5759,209.17459
5456,209.17459
5359,209.17459
5305,209.17459
5769,209.17459
5565,209.17459
5367,209.17459
5633,209.17459
5664,209.17459
6082,209.17459
6505,209.17459
5813,209.17459
6379,209.17459
6091,209.17459
6219,209.17459
6052,209.17459
6105,209.17459
6030,209.17459
5969,209.17459
5707,209.17459
5681,209.17459
6052,209.17459
5904,209.17459
5426,209.17459
6005,209.17459
5766,209.17459
5946,209.17459
5981,209.17459
6104,209.17459
5991,209.17459
5670,209.17459
5709,209.17459
5416,209.17459
5793,209.17459
