True,Pred
5750,236.81018
5399,229.14172
6123,228.71217
5730,228.68736
6015,228.6859
5989,228.68584
6333,228.68584
6388,228.68584
6048,228.68584
6322,228.68584
6405,228.68584
6523,228.68584
