True,Pred
5750,249.21301
5399,242.82524
6123,242.49786
5730,242.4806
6015,242.47972
5989,242.47961
6333,242.47961
6388,242.47961
6048,242.47961
6322,242.47961
6405,242.47961
6523,242.47961
