True,Pred
5750,160.30885
5399,154.34529
6123,153.89742
5730,153.86218
6015,153.85939
5989,153.85916
6333,153.85916
6388,153.85916
6048,153.85916
6322,153.85916
6405,153.85916
6523,153.85916
