True,Pred
5750,210.74554
5399,205.55508
6123,205.27357
5730,205.25781
6015,205.25697
5989,205.25693
6333,205.25693
6388,205.25693
6048,205.25693
6322,205.25693
6405,205.25693
6523,205.25693
