True,Pred
5750,100.78659
5399,86.504364
6123,84.28949
5730,83.9067
6015,83.83937
5989,83.82751
6333,83.82541
6388,83.825035
6048,83.82497
6322,83.82495
6405,83.82494
6523,83.82494
