True,Pred
5750,163.57634
5399,158.21338
6123,157.96346
5730,157.95142
6015,157.95085
5989,157.9508
6333,157.9508
6388,157.9508
6048,157.9508
6322,157.9508
6405,157.9508
6523,157.9508
