True,Pred
5750,218.3748
5399,213.09508
6123,212.82935
5730,212.81554
6015,212.81482
5989,212.81477
6333,212.81476
6388,212.81476
6048,212.81476
6322,212.81476
6405,212.81476
6523,212.81476
