True,Pred
5750,62.56411
5399,54.559937
6123,52.465424
5730,51.809963
6015,51.59427
5989,51.522133
6333,51.49788
6388,51.489708
6048,51.48695
6322,51.486023
6405,51.48571
6523,51.485607
