True,Pred
4323,187.55545
4825,187.55545
4462,187.55545
4642,187.55545
4369,187.55545
4672,187.55545
4661,187.55545
4655,187.55545
4716,187.55545
4377,187.55545
4484,187.55545
4911,187.55545
5218,187.55545
5759,187.55545
5456,187.55545
5359,187.55545
5305,187.55545
5769,187.55545
5565,187.55545
5367,187.55545
5633,187.55545
5664,187.55545
6082,187.55545
6505,187.55545
5813,187.55545
6379,187.55545
6091,187.55545
6219,187.55545
6052,187.55545
6105,187.55545
6030,187.55545
5969,187.55545
5707,187.55545
5681,187.55545
6052,187.55545
5904,187.55545
5426,187.55545
6005,187.55545
5766,187.55545
5946,187.55545
5981,187.55545
6104,187.55545
5991,187.55545
5670,187.55545
5709,187.55545
5416,187.55545
5793,187.55545
