True,Pred
4323,156.64418
4825,156.64418
4462,156.64418
4642,156.64418
4369,156.64418
4672,156.64418
4661,156.64418
4655,156.64418
4716,156.64418
4377,156.64418
4484,156.64418
4911,156.64418
5218,156.64418
5759,156.64418
5456,156.64418
5359,156.64418
5305,156.64418
5769,156.64418
5565,156.64418
5367,156.64418
5633,156.64418
5664,156.64418
6082,156.64418
6505,156.64418
5813,156.64418
6379,156.64418
6091,156.64418
6219,156.64418
6052,156.64418
6105,156.64418
6030,156.64418
5969,156.64418
5707,156.64418
5681,156.64418
6052,156.64418
5904,156.64418
5426,156.64418
6005,156.64418
5766,156.64418
5946,156.64418
5981,156.64418
6104,156.64418
5991,156.64418
5670,156.64418
5709,156.64418
5416,156.64418
5793,156.64418
