True,Pred
5750,185.40796
5399,183.99173
6123,183.9574
5730,183.95656
6015,183.95656
5989,183.95656
6333,183.95656
6388,183.95656
6048,183.95656
6322,183.95656
6405,183.95656
6523,183.95656
