True,Pred
5750,160.8655
5399,150.26653
6123,149.22319
5730,149.11403
6015,149.10254
5989,149.10133
6333,149.10118
6388,149.10117
6048,149.10117
6322,149.10117
6405,149.10117
6523,149.10117
