True,Pred
4323,170.27997
4825,170.27997
4462,170.27997
4642,170.27997
4369,170.27997
4672,170.27997
4661,170.27997
4655,170.27997
4716,170.27997
4377,170.27997
4484,170.27997
4911,170.27997
5218,170.27997
5759,170.27997
5456,170.27997
5359,170.27997
5305,170.27997
5769,170.27997
5565,170.27997
5367,170.27997
5633,170.27997
5664,170.27997
6082,170.27997
6505,170.27997
5813,170.27997
6379,170.27997
6091,170.27997
6219,170.27997
6052,170.27997
6105,170.27997
6030,170.27997
5969,170.27997
5707,170.27997
5681,170.27997
6052,170.27997
5904,170.27997
5426,170.27997
6005,170.27997
5766,170.27997
5946,170.27997
5981,170.27997
6104,170.27997
5991,170.27997
5670,170.27997
5709,170.27997
5416,170.27997
5793,170.27997
