True,Pred
5750,183.95955
5399,180.30502
6123,180.20476
5730,180.20192
6015,180.20183
5989,180.20183
6333,180.20183
6388,180.20183
6048,180.20183
6322,180.20183
6405,180.20183
6523,180.20183
