True,Pred
4323,95.38663
4825,95.38663
4462,95.38663
4642,95.38663
4369,95.38663
4672,95.38663
4661,95.38663
4655,95.38663
4716,95.38663
4377,95.38663
4484,95.38663
4911,95.38663
5218,95.38663
5759,95.38663
5456,95.38663
5359,95.38663
5305,95.38663
5769,95.38663
5565,95.38663
5367,95.38663
5633,95.38663
5664,95.38663
6082,95.38663
6505,95.38663
5813,95.38663
6379,95.38663
6091,95.38663
6219,95.38663
6052,95.38663
6105,95.38663
6030,95.38663
5969,95.38663
5707,95.38663
5681,95.38663
6052,95.38663
5904,95.38663
5426,95.38663
6005,95.38663
5766,95.38663
5946,95.38663
5981,95.38663
6104,95.38663
5991,95.38663
5670,95.38663
5709,95.38663
5416,95.38663
5793,95.38663
