True,Pred
5750,238.58891
5399,231.16058
6123,230.75166
5730,230.72844
6015,230.72713
5989,230.72708
6333,230.72708
6388,230.72708
6048,230.72708
6322,230.72708
6405,230.72708
6523,230.72708
