True,Pred
5750,65.51291
5399,53.824993
6123,52.021957
5730,51.674747
6015,51.605125
5989,51.59105
6333,51.588196
6388,51.58763
6048,51.58751
6322,51.587482
6405,51.587482
6523,51.587482
