True,Pred
5750,211.33739
5399,207.97469
6123,207.84932
5730,207.84454
6015,207.84435
5989,207.84433
6333,207.84433
6388,207.84433
6048,207.84433
6322,207.84433
6405,207.84433
6523,207.84433
