True,Pred
5750,113.762535
5399,102.48338
6123,101.44694
5730,101.34189
6015,101.33114
5989,101.33004
6333,101.329926
6388,101.32992
6048,101.32992
6322,101.32992
6405,101.32992
6523,101.32992
