True,Pred
5750,114.269196
5399,105.71436
6123,104.93228
5730,104.85405
6015,104.846146
5989,104.84535
6333,104.84527
6388,104.84525
6048,104.84526
6322,104.84525
6405,104.84526
6523,104.84525
