True,Pred
4323,185.73242
4825,185.73242
4462,185.73242
4642,185.73242
4369,185.73242
4672,185.73242
4661,185.73242
4655,185.73242
4716,185.73242
4377,185.73242
4484,185.73242
4911,185.73242
5218,185.73242
5759,185.73242
5456,185.73242
5359,185.73242
5305,185.73242
5769,185.73242
5565,185.73242
5367,185.73242
5633,185.73242
5664,185.73242
6082,185.73242
6505,185.73242
5813,185.73242
6379,185.73242
6091,185.73242
6219,185.73242
6052,185.73242
6105,185.73242
6030,185.73242
5969,185.73242
5707,185.73242
5681,185.73242
6052,185.73242
5904,185.73242
5426,185.73242
6005,185.73242
5766,185.73242
5946,185.73242
5981,185.73242
6104,185.73242
5991,185.73242
5670,185.73242
5709,185.73242
5416,185.73242
5793,185.73242
