True,Pred
4323,186.43968
4825,186.43968
4462,186.43968
4642,186.43968
4369,186.43968
4672,186.43968
4661,186.43968
4655,186.43968
4716,186.43968
4377,186.43968
4484,186.43968
4911,186.43968
5218,186.43968
5759,186.43968
5456,186.43968
5359,186.43968
5305,186.43968
5769,186.43968
5565,186.43968
5367,186.43968
5633,186.43968
5664,186.43968
6082,186.43968
6505,186.43968
5813,186.43968
6379,186.43968
6091,186.43968
6219,186.43968
6052,186.43968
6105,186.43968
6030,186.43968
5969,186.43968
5707,186.43968
5681,186.43968
6052,186.43968
5904,186.43968
5426,186.43968
6005,186.43968
5766,186.43968
5946,186.43968
5981,186.43968
6104,186.43968
5991,186.43968
5670,186.43968
5709,186.43968
5416,186.43968
5793,186.43968
