True,Pred
5750,150.17061
5399,143.31236
6123,142.82399
5730,142.78749
6015,142.78476
5989,142.78455
6333,142.78453
6388,142.78453
6048,142.78453
6322,142.78453
6405,142.78453
6523,142.78453
