True,Pred
5750,151.77086
5399,141.61794
6123,140.63057
5730,140.52695
6015,140.516
5989,140.51485
6333,140.51472
6388,140.51472
6048,140.51472
6322,140.51472
6405,140.51472
6523,140.51472
