True,Pred
5750,185.73242
5399,177.50581
6123,176.84676
5730,176.79152
6015,176.78688
5989,176.78647
6333,176.78644
6388,176.78644
6048,176.78644
6322,176.78644
6405,176.78644
6523,176.78644
