True,Pred
5750,209.17459
5399,206.43245
6123,206.35548
5730,206.35332
6015,206.35321
5989,206.35321
6333,206.35321
6388,206.35321
6048,206.35321
6322,206.35321
6405,206.35321
6523,206.35321
