True,Pred
4323,108.76357
4825,108.76357
4462,108.76357
4642,108.76357
4369,108.76357
4672,108.76357
4661,108.76357
4655,108.76357
4716,108.76357
4377,108.76357
4484,108.76357
4911,108.76357
5218,108.76357
5759,108.76357
5456,108.76357
5359,108.76357
5305,108.76357
5769,108.76357
5565,108.76357
5367,108.76357
5633,108.76357
5664,108.76357
6082,108.76357
6505,108.76357
5813,108.76357
6379,108.76357
6091,108.76357
6219,108.76357
6052,108.76357
6105,108.76357
6030,108.76357
5969,108.76357
5707,108.76357
5681,108.76357
6052,108.76357
5904,108.76357
5426,108.76357
6005,108.76357
5766,108.76357
5946,108.76357
5981,108.76357
6104,108.76357
5991,108.76357
5670,108.76357
5709,108.76357
5416,108.76357
5793,108.76357
