True,Pred
4323,163.57634
4825,163.57634
4462,163.57634
4642,163.57634
4369,163.57634
4672,163.57634
4661,163.57634
4655,163.57634
4716,163.57634
4377,163.57634
4484,163.57634
4911,163.57634
5218,163.57634
5759,163.57634
5456,163.57634
5359,163.57634
5305,163.57634
5769,163.57634
5565,163.57634
5367,163.57634
5633,163.57634
5664,163.57634
6082,163.57634
6505,163.57634
5813,163.57634
6379,163.57634
6091,163.57634
6219,163.57634
6052,163.57634
6105,163.57634
6030,163.57634
5969,163.57634
5707,163.57634
5681,163.57634
6052,163.57634
5904,163.57634
5426,163.57634
6005,163.57634
5766,163.57634
5946,163.57634
5981,163.57634
6104,163.57634
5991,163.57634
5670,163.57634
5709,163.57634
5416,163.57634
5793,163.57634
