,RMSE,MAE,MAPE,PI Width,CI Coverage,PI Overlap
mean,2946.7266154080944,2927.3821431477872,47.955721310009466,0.0,0.0,0.0
median,3011.846593125625,2994.763468424479,49.06616280955373,0.0,0.0,0.0
std,881.4074010377915,887.9400629642245,14.633215578463917,0.0,0.0,0.0
