,RMSE,MAE,MAPE,PI Width,CI Coverage,PI Overlap
mean,3073.5166160429903,3055.4028435601135,50.06549686984244,0.0,0.0,0.0
median,3155.953919995766,3139.6752115885415,51.454302358015525,0.0,0.0,0.0
std,835.7526774892121,841.0333303801879,13.860193967041308,0.0,0.0,0.0
