,RMSE,MAE,MAPE,PI Width,CI Coverage,PI Overlap
mean,2404.7690838781195,2180.56787510448,35.24185991993247,0.0,0.0,0.0
median,1981.0203776906674,1828.6118672688804,29.457266903526417,0.0,0.0,0.0
std,1534.0105006088856,1421.6302050239926,23.06204202643889,0.0,0.0,0.0
