,RMSE,MAE,MAPE,PI Width,CI Coverage,PI Overlap
mean,435.283818395557,375.9189914279515,6.043728061990562,0.0,0.0,0.0
median,434.98900730471547,375.6806640625,6.03996680644992,0.0,0.0,0.0
std,7.865725216354597,6.771261172911542,0.1067500320883313,0.0,0.0,0.0
