,RMSE,MAE,MAPE,PI Width,CI Coverage,PI Overlap
mean,348.19516667325297,298.2661282009549,4.8656273230039195,0.0,0.0,0.0
median,251.612585464951,213.17645263671875,3.5483866402068784,0.0,0.0,0.0
std,121.9695739665109,106.47939271927758,1.6459663108342202,0.0,0.0,0.0
