,RMSE,MAE,MAPE,PI Width,CI Coverage,PI Overlap
mean,274.3103686375793,227.92033148871528,3.72036687505593,0.0,0.0,0.0
median,264.5538875890718,218.89650472005206,3.575700266041617,0.0,0.0,0.0
std,43.84354097551808,40.555956483715455,0.6335504258170715,0.0,0.0,0.0
