,RMSE,MAE,MAPE,PI Width,CI Coverage,PI Overlap
mean,284.0813585830487,217.46646535773024,3.889974994836288,0.0,0.0,0.0
median,285.763717740111,217.57741185238487,3.890662347895489,0.0,0.0,0.0
std,9.796782435579622,6.869105406017632,0.1188722169823523,0.0,0.0,0.0
