,RMSE,MAE,MAPE,PI Width,CI Coverage,PI Overlap
mean,274.3878895376408,203.19999560106984,3.5548712037421892,0.0,0.0,0.0
std,2.955226416723497,1.7702563195175174,0.030770659343027765,0.0,0.0,0.0
