,RMSE,MAE,MAPE,PI Width,CI Coverage,PI Overlap
mean,370.25636260304304,321.26198323567706,5.209000470976383,0.0,0.0,0.0
std,6.042333394262407,5.288307261654246,0.08128419332843945,0.0,0.0,0.0
