True,Pred
5750,4150.2554
5399,2123.8276
6123,760.17596
5730,991.8461
6015,1184.9176
5989,672.4209
6333,399.82715
6388,107.297066
6048,142.76053
6322,206.56793
6405,125.6034
6523,91.904015
