True,Pred
5750,3546.3308
5399,2068.115
6123,2262.1458
5730,2221.7017
6015,1516.0103
5989,848.6937
6333,819.3703
6388,814.7574
6048,597.0223
6322,363.923
6405,317.85233
6523,300.49753
