,RMSE,MAE,MAPE,PI Width,CI Coverage,PI Overlap
mean,351.5168072900233,302.66522759331593,4.9170065890655374,0.0,0.0,0.0
median,353.7898296522194,304.68231201171875,4.948977437329001,0.0,0.0,0.0
std,13.80011086610408,12.8391664628352,0.20441474766389262,0.0,0.0,0.0
