,RMSE,MAE,MAPE,PI Width,CI Coverage,PI Overlap
mean,258.28161313664395,213.37663695423316,3.8959039075115642,0.0,0.0,0.0
median,255.9699269763024,212.0903008643617,3.8655080024425725,0.0,0.0,0.0
std,9.879068759950034,7.988541020118258,0.1483849147172073,0.0,0.0,0.0
