,RMSE,MAE,MAPE,PI Width,CI Coverage,PI Overlap
mean,403.5188830055655,347.3013549804688,5.594748169756759,0.0,0.0,0.0
median,406.92308904613185,350.6114501953125,5.644645019198265,0.0,0.0,0.0
std,36.22180568630518,31.97267532506515,0.4968317152151842,0.0,0.0,0.0
