,RMSE,MAE,MAPE,PI Width,CI Coverage,PI Overlap
mean,361.08950296500615,308.9652330186633,5.0500538693444295,0.0,0.0,0.0
median,299.1891267384656,248.15401204427081,4.105175148505132,0.0,0.0,0.0
std,157.9706323916492,144.00922182210934,2.2649281058950086,0.0,0.0,0.0
