,RMSE,MAE,MAPE,PI Width,CI Coverage,PI Overlap
mean,364.79719535828815,316.6781887478299,5.109451578141719,0.0,0.0,0.0
median,358.1543234077908,311.0736897786458,5.020978231552078,0.0,0.0,0.0
std,32.35691666001792,29.237012854555637,0.46133433106574157,0.0,0.0,0.0
