,RMSE,MAE,MAPE,PI Width,CI Coverage,PI Overlap
mean,260.42533658066094,218.45127360026044,3.594198353033378,0.0,0.0,0.0
std,14.675694327450174,12.103373280137474,0.1823158718745489,0.0,0.0,0.0
