,RMSE,MAE,MAPE,PI Width,CI Coverage,PI Overlap
mean,507.0496886752859,397.15123578823676,7.406393051708013,0.0,0.0,0.0
median,506.95551325166934,396.5834305926067,7.398360048368719,0.0,0.0,0.0
std,0.2440862468720057,2.4357542012608375,0.03283704329315812,0.0,0.0,0.0
