,RMSE,MAE,MAPE,PI Width,CI Coverage,PI Overlap
mean,552.9452301501303,490.12406412760424,7.869974262285661,0.0,0.0,0.0
median,552.1627795901427,489.333740234375,7.857272523793683,0.0,0.0,0.0
std,4.692868513799319,4.774737539163869,0.07673748460582117,0.0,0.0,0.0
