,RMSE,MAE,MAPE,PI Width,CI Coverage,PI Overlap
mean,572.5314689968527,505.67356861255786,9.072084261055924,0.0,0.0,0.0
std,305.6802607762369,316.20038011907724,5.67794138561059,0.0,0.0,0.0
