True,Pred
5750,4188.1753
5399,3328.5334
6123,2079.4424
5730,1631.6287
6015,1036.4866
5989,793.8987
6333,514.2264
6388,381.91855
6048,254.16934
6322,181.36446
6405,125.08442
6523,86.56186
