,RMSE,MAE,MAPE,PI Width,CI Coverage,PI Overlap
mean,251.94942577869762,209.8610297309028,3.5190483797059544,0.0,0.0,0.0
median,249.44439958938136,207.90374755859375,3.481323529279492,0.0,0.0,0.0
std,34.12357706076323,31.863220298373886,0.5055954694479717,0.0,0.0,0.0
