,RMSE,MAE,MAPE,PI Width,CI Coverage,PI Overlap
mean,269.7754373602795,215.79825195312503,3.956377083121813,0.0,0.0,0.0
std,5.881377197231712,3.5145781970068275,0.06497896164419505,0.0,0.0,0.0
