,RMSE,MAE,MAPE,PI Width,CI Coverage,PI Overlap
mean,283.0638044602234,238.3594997829861,3.870680748695931,0.0,0.0,0.0
std,10.81835313426053,10.939280796537393,0.17141668959427453,0.0,0.0,0.0
