,RMSE,MAE,MAPE,PI Width,CI Coverage,PI Overlap
mean,521.8133444659553,448.89799397786464,7.216255225908287,0.0,0.0,0.0
median,520.3468766803952,438.81298828125,7.0377122998677475,0.0,0.0,0.0
std,55.33304742952248,50.022342824384815,0.7813168405047907,0.0,0.0,0.0
