,RMSE,MAE,MAPE,PI Width,CI Coverage,PI Overlap
mean,818.7438533893671,723.2471774631075,11.600078016210679,0.0,0.0,0.0
median,837.9077789189819,742.7245483398438,11.9071709993398,0.0,0.0,0.0
std,166.9161877183963,156.6970872080983,2.522960667162287,0.0,0.0,0.0
