,RMSE,MAE,MAPE,PI Width,CI Coverage,PI Overlap
mean,322.9890895797896,271.67218288845487,4.443201434999901,0.0,0.0,0.0
median,289.9244631053999,234.22060139973956,3.835886953000273,0.0,0.0,0.0
std,75.27258421024146,70.24789460749955,1.0833609632211407,0.0,0.0,0.0
