,RMSE,MAE,MAPE,PI Width,CI Coverage,PI Overlap
mean,2928.457031626044,2805.0018907335066,31.280543690816266,0.0,0.0,0.0
std,227.0635430700343,232.30575668022865,2.6526133235345286,0.0,0.0,0.0
