,RMSE,MAE,MAPE,PI Width,CI Coverage,PI Overlap
mean,308.21630020360146,258.2917507595486,4.209517424977113,0.0,0.0,0.0
median,286.62324405683194,238.52982584635419,3.9008012775160292,0.0,0.0,0.0
std,66.50041478864915,60.36660112457769,0.9443452762910955,0.0,0.0,0.0
