,RMSE,MAE,MAPE,PI Width,CI Coverage,PI Overlap
mean,393.643106377268,341.50428873697916,5.533889389992292,0.0,0.0,0.0
median,393.58431680501116,339.4776814778646,5.49994808249145,0.0,0.0,0.0
std,25.05457553095014,22.952033835479334,0.3526612894914594,0.0,0.0,0.0
