,RMSE,MAE,MAPE,PI Width,CI Coverage,PI Overlap
mean,409.4367789766248,357.8357313368056,5.766532419249302,0.0,0.0,0.0
median,406.77917030345236,355.78533935546875,5.73445046077417,0.0,0.0,0.0
std,12.11026280582856,10.338281017919396,0.162996917514431,0.0,0.0,0.0
