,RMSE,MAE,MAPE,PI Width,CI Coverage,PI Overlap
mean,466.4472711554801,405.1319607204861,6.518667043423287,0.0,0.0,0.0
median,478.0970792399922,410.4282023111979,6.591702561944058,0.0,0.0,0.0
std,51.87444335207606,44.924685668428424,0.7047583460168797,0.0,0.0,0.0
