,RMSE,MAE,MAPE,PI Width,CI Coverage,PI Overlap
mean,3046.752466131556,2928.1572109646277,32.69395719818738,0.0,0.0,0.0
std,118.48160960311,120.8661781828572,1.3803652481422382,0.0,0.0,0.0
