,RMSE,MAE,MAPE,PI Width,CI Coverage,PI Overlap
mean,475.0153724335493,417.87031521267363,6.730886679212003,0.0,0.0,0.0
median,540.3761967338327,478.37017822265625,7.688478892164325,0.0,0.0,0.0
std,125.93114273501062,116.47799290970136,1.845968731608193,0.0,0.0,0.0
