,RMSE,MAE,MAPE,PI Width,CI Coverage,PI Overlap
mean,431.85033916040265,372.2661810980902,6.013174572313222,0.0,0.0,0.0
median,416.527223626583,361.7017822265625,5.838030550148742,0.0,0.0,0.0
std,80.10250508590487,73.76231575328893,1.1477150405320657,0.0,0.0,0.0
