,RMSE,MAE,MAPE,PI Width,CI Coverage,PI Overlap
mean,269.3437237033917,209.5600502664729,3.786528256245469,0.0,0.0,0.0
std,0.5478557956701461,1.3550353984387877,0.029195708835071322,0.0,0.0,0.0
