,RMSE,MAE,MAPE,PI Width,CI Coverage,PI Overlap
mean,458.4615513968366,397.73616129557286,6.390034073897058,0.0,0.0,0.0
std,34.62581369942358,31.519193992114662,0.4986574226034276,0.0,0.0,0.0
