,RMSE,MAE,MAPE,PI Width,CI Coverage,PI Overlap
mean,492.85067239643115,423.87023247612854,6.810869694308063,0.0,0.0,0.0
median,492.0509313190103,423.2359619140625,6.800905448345996,0.0,0.0,0.0
std,4.306768268242023,3.4343775835398715,0.05394346752927896,0.0,0.0,0.0
