,RMSE,MAE,MAPE,PI Width,CI Coverage,PI Overlap
mean,481.19468985378586,422.0464260525174,6.816832815852251,0.0,0.0,0.0
median,431.67809066858433,369.3195597330729,5.9341805734007504,0.0,0.0,0.0
std,177.90374031011876,169.7609424842701,2.697970139781916,0.0,0.0,0.0
