,RMSE,MAE,MAPE,PI Width,CI Coverage,PI Overlap
mean,448.6684335544818,325.1360086006031,6.039770266780527,0.0,0.0,0.0
median,448.76742260894844,325.1051218133224,6.041909326999916,0.0,0.0,0.0
std,2.1314498695859956,0.855726221261289,0.01999024825201179,0.0,0.0,0.0
