,RMSE,MAE,MAPE,PI Width,CI Coverage,PI Overlap
mean,538.9117946349502,474.8734198676215,7.637420485512701,0.0,0.0,0.0
std,124.08890019267933,115.74612153486245,1.841290594584017,0.0,0.0,0.0
