,RMSE,MAE,MAPE,PI Width,CI Coverage,PI Overlap
mean,392.2023249383748,340.21251491970486,5.516089488150319,0.0,0.0,0.0
median,391.6628037509002,340.0677693684896,5.506243589644217,0.0,0.0,0.0
std,30.702001587782128,27.611619528984694,0.4236549956578526,0.0,0.0,0.0
