,RMSE,MAE,MAPE,PI Width,CI Coverage,PI Overlap
mean,372.5293970532053,323.22621256510405,5.205229813785787,0.0,0.0,0.0
median,372.71490567777056,323.47092692057294,5.209032873181473,0.0,0.0,0.0
std,10.17548678706792,9.20980324825074,0.14514535740211593,0.0,0.0,0.0
