,RMSE,MAE,MAPE,PI Width,CI Coverage,PI Overlap
mean,314.57999310092396,241.47169885706015,4.371764240477656,0.0,0.0,0.0
std,9.318777308277543,5.3981349128250535,0.09799778281482247,0.0,0.0,0.0
