,RMSE,MAE,MAPE,PI Width,CI Coverage,PI Overlap
mean,734.149643819426,611.1106369482548,9.785476474195898,0.0,0.0,0.0
std,0.0,0.0,1.8067241133067846e-15,0.0,0.0,0.0
