,RMSE,MAE,MAPE,PI Width,CI Coverage,PI Overlap
mean,2993.968124023161,2880.7979488796655,32.181900077517646,0.0,0.0,0.0
std,85.28049249020427,87.08424420112313,0.9949922273588517,0.0,0.0,0.0
