,RMSE,MAE,MAPE,PI Width,CI Coverage,PI Overlap
mean,2768.5011210645143,2461.313172658285,39.694729593159444,0.0,0.0,0.0
median,2056.7860057756316,1877.6294759114583,30.262966455454276,0.0,0.0,0.0
std,2544.013195457911,2163.544149658247,34.736757912029695,0.0,0.0,0.0
