,RMSE,MAE,MAPE,PI Width,CI Coverage,PI Overlap
mean,400.22387534629337,345.98286404079863,5.604936354966324,0.0,0.0,0.0
median,392.18305168087113,342.84130859375,5.556483254734055,0.0,0.0,0.0
std,42.58856729445682,37.965018815956924,0.5758871028993965,0.0,0.0,0.0
