,RMSE,MAE,MAPE,PI Width,CI Coverage,PI Overlap
mean,360.19048668440695,309.5574679904514,5.053817583572535,0.0,0.0,0.0
std,47.67616166772513,47.250535961793574,0.7204851180291199,0.0,0.0,0.0
