,RMSE,MAE,MAPE,PI Width,CI Coverage,PI Overlap
mean,300.03342394143783,226.0541781038851,4.024876167172926,0.0,0.0,0.0
std,12.321283068096283,12.587251709805587,0.24486763743910647,0.0,0.0,0.0
