,RMSE,MAE,MAPE,PI Width,CI Coverage,PI Overlap
mean,304.81723436490455,244.64907869037825,4.318741860985617,0.0,0.0,0.0
median,296.2087507752617,239.00779965049344,4.2005028938547415,0.0,0.0,0.0
std,41.387719061950094,35.74221199564332,0.5965288281989298,0.0,0.0,0.0
