,RMSE,MAE,MAPE,PI Width,CI Coverage,PI Overlap
mean,591.193572570215,519.7071370442708,8.354152100394781,0.0,0.0,0.0
median,622.945772471471,555.5958251953125,8.917185983934601,0.0,0.0,0.0
std,159.57879292459592,148.68013526759202,2.3494931556141263,0.0,0.0,0.0
