,RMSE,MAE,MAPE,PI Width,CI Coverage,PI Overlap
mean,416.6056524686509,360.80973714192703,5.8432789174769875,0.0,0.0,0.0
std,127.22786515687267,118.80215139073825,1.8624238297233944,0.0,0.0,0.0
