,RMSE,MAE,MAPE,PI Width,CI Coverage,PI Overlap
mean,560.4047599584071,497.7213134765626,7.992073917016497,0.0,0.0,0.0
median,560.5640486412796,497.89351399739587,7.994841448154737,0.0,0.0,0.0
std,4.973582692843273,5.050049482309061,0.08116217723564904,0.0,0.0,0.0
