,RMSE,MAE,MAPE,PI Width,CI Coverage,PI Overlap
mean,559.2178162535427,496.51814778645837,7.9727371664903535,0.0,0.0,0.0
median,558.3677279418818,495.661865234375,7.958975369403129,0.0,0.0,0.0
std,4.335309452918099,4.4030696783670695,0.07076420198820357,0.0,0.0,0.0
