,RMSE,MAE,MAPE,PI Width,CI Coverage,PI Overlap
mean,227.975011384747,188.49160088433158,3.174711392805939,0.0,0.0,0.0
median,225.09379936044127,187.9202880859375,3.1541089372960496,0.0,0.0,0.0
std,21.749765541066868,22.975282388789626,0.36265019298137074,0.0,0.0,0.0
