,RMSE,MAE,MAPE,PI Width,CI Coverage,PI Overlap
mean,1222.5390810532367,1135.524836178102,20.066978553017446,0.0,0.0,0.0
median,911.0535336153133,806.315769361413,13.969084922645791,0.0,0.0,0.0
std,703.490406620385,704.0904072979137,12.542009224141367,0.0,0.0,0.0
