,RMSE,MAE,MAPE,PI Width,CI Coverage,PI Overlap
mean,371.76391450361433,323.531034342448,5.217313886101621,0.0,0.0,0.0
median,371.66987841515237,323.4369710286458,5.215826815020604,0.0,0.0,0.0
std,2.1979867456984654,2.0543576542627995,0.03241912981127092,0.0,0.0,0.0
