,RMSE,MAE,MAPE,PI Width,CI Coverage,PI Overlap
mean,403.9415359045402,349.4168904622396,5.645005311029902,0.0,0.0,0.0
median,393.8882314145983,341.1197102864583,5.502753783853892,0.0,0.0,0.0
std,96.25967914043255,88.43720369462282,1.3993130088591457,0.0,0.0,0.0
