,RMSE,MAE,MAPE,PI Width,CI Coverage,PI Overlap
mean,2597.1923130527343,2469.083165147569,27.467002198025575,0.0,0.0,0.0
std,409.3140825082125,413.17224216905976,4.6808190292815235,0.0,0.0,0.0
