,RMSE,MAE,MAPE,PI Width,CI Coverage,PI Overlap
mean,483.5643752283346,424.20051405164935,6.83677607076003,0.0,0.0,0.0
median,458.4167212643967,396.8146158854167,6.38805040267458,0.0,0.0,0.0
std,109.17453914496612,101.04795657773516,1.5953879486144547,0.0,0.0,0.0
