,RMSE,MAE,MAPE,PI Width,CI Coverage,PI Overlap
mean,584.9213698964759,472.8683490375142,8.275706494305306,0.0,0.0,0.0
std,315.08534057971235,262.16278399867133,4.561048407123268,0.0,0.0,0.0
