,RMSE,MAE,MAPE,PI Width,CI Coverage,PI Overlap
mean,404.6720466036349,348.17228190104174,5.608660013718767,0.0,0.0,0.0
median,415.16418781341343,357.50272623697913,5.75367462285141,0.0,0.0,0.0
std,39.05146728908885,35.18456790806117,0.5465625543857812,0.0,0.0,0.0
