,RMSE,MAE,MAPE,PI Width,CI Coverage,PI Overlap
mean,341.7670119810979,293.46596950954864,4.756797084053117,0.0,0.0,0.0
median,341.7217037128985,293.3754679361979,4.7561485354170046,0.0,0.0,0.0
std,0.9272510160292461,0.744466526237617,0.010931918443209086,0.0,0.0,0.0
