,RMSE,MAE,MAPE,PI Width,CI Coverage,PI Overlap
mean,275.0747167540467,216.86833022953002,3.938833384220311,0.0,0.0,0.0
std,4.898036312704763,5.445481383473228,0.10744069593362401,0.0,0.0,0.0
