,RMSE,MAE,MAPE,PI Width,CI Coverage,PI Overlap
mean,468.2472171155153,407.965827094184,6.58918999968383,0.0,0.0,0.0
median,439.93910345972324,377.7668660481771,6.065832372040605,0.0,0.0,0.0
std,178.43194524018983,165.3321855295872,2.606253989856505,0.0,0.0,0.0
