True,Pred
5750,2459.2925
5399,2811.1987
6123,1508.9421
5730,3198.1313
6015,871.7105
5989,2764.9004
6333,-305.62424
6388,2621.653
6048,-338.94278
6322,3353.0818
6405,435.3787
6523,4262.8286
