,RMSE,MAE,MAPE,PI Width,CI Coverage,PI Overlap
mean,293.12899603362695,248.33124864366317,4.035318210672866,0.0,0.0,0.0
std,27.612109326341578,26.218085956049425,0.40842837255641484,0.0,0.0,0.0
