,RMSE,MAE,MAPE,PI Width,CI Coverage,PI Overlap
mean,268.8356977320028,216.08039094258135,3.9045694906228405,0.0,0.0,0.0
std,0.3812993551857928,0.4170427775161809,0.006902989841920992,0.0,0.0,0.0
