,RMSE,MAE,MAPE,PI Width,CI Coverage,PI Overlap
mean,279.6001875413196,222.5980586751302,3.998548017959777,0.0,0.0,0.0
median,277.3593192392086,219.17093505859376,3.92325853205467,0.0,0.0,0.0
std,18.894835413713714,12.987965176296722,0.24045385787586,0.0,0.0,0.0
