,RMSE,MAE,MAPE,PI Width,CI Coverage,PI Overlap
mean,487.7273544534035,424.5106784396702,6.829366595059429,0.0,0.0,0.0
median,475.9453556982772,409.52984619140625,6.580251008807348,0.0,0.0,0.0
std,105.72975512018992,95.75650290167142,1.5204236762859915,0.0,0.0,0.0
