,RMSE,MAE,MAPE,PI Width,CI Coverage,PI Overlap
mean,257.13519672378897,208.50185926649303,3.5354830712464276,0.0,0.0,0.0
median,256.33708374249653,210.10867513020833,3.557848339942305,0.0,0.0,0.0
std,31.790638347426935,29.78729319003043,0.4926018253703765,0.0,0.0,0.0
