,RMSE,MAE,MAPE,PI Width,CI Coverage,PI Overlap
mean,451.67071474642,392.25722791883675,6.327572315661661,0.0,0.0,0.0
median,428.55074573916625,378.2978515625,6.1529771455348605,0.0,0.0,0.0
std,71.35574355022614,63.78363951694469,0.9946732144110481,0.0,0.0,0.0
