,RMSE,MAE,MAPE,PI Width,CI Coverage,PI Overlap
mean,222.17797300783377,186.87749837239582,3.0742327247717696,0.0,0.0,0.0
median,217.650806199028,183.03535970052084,3.0149879093466554,0.0,0.0,0.0
std,16.860042334056153,15.214847669868249,0.23633929804310744,0.0,0.0,0.0
