,RMSE,MAE,MAPE,PI Width,CI Coverage,PI Overlap
mean,232.2644304233372,196.27202826605904,3.2224538676403793,0.0,0.0,0.0
median,216.77752030253126,182.4294637044271,3.0066427806260023,0.0,0.0,0.0
std,49.75633815018297,44.72350529397915,0.7010280851377496,0.0,0.0,0.0
