,RMSE,MAE,MAPE,PI Width,CI Coverage,PI Overlap
mean,428.60235748113064,369.32562255859375,5.943992508172491,0.0,0.0,0.0
median,435.3822073523125,371.3841349283854,5.964250296412626,0.0,0.0,0.0
std,67.61111155239448,64.09028770100463,1.0094114459628096,0.0,0.0,0.0
