,RMSE,MAE,MAPE,PI Width,CI Coverage,PI Overlap
mean,642.0477030549049,564.837708875868,9.07167218846365,0.0,0.0,0.0
std,243.59782127884995,220.11903198425486,3.5107830567025653,0.0,0.0,0.0
