,RMSE,MAE,MAPE,PI Width,CI Coverage,PI Overlap
mean,272.2678606099889,219.8646437355324,3.9911369368195113,0.0,0.0,0.0
std,15.985231365953576,10.285327688306184,0.17030668979931549,0.0,0.0,0.0
