,RMSE,MAE,MAPE,PI Width,CI Coverage,PI Overlap
mean,434.443047869842,376.1829399956597,6.063030197992257,0.0,0.0,0.0
median,427.8353172831291,370.9922281901042,5.981115057650799,0.0,0.0,0.0
std,27.950245493958214,23.163228223830945,0.36321139344854747,0.0,0.0,0.0
