,RMSE,MAE,MAPE,PI Width,CI Coverage,PI Overlap
mean,305.025254415574,253.51068386501737,4.1592248800870175,0.0,0.0,0.0
median,300.96748861031125,248.75740559895831,4.07844860059579,0.0,0.0,0.0
std,16.383273237761333,16.783061217551168,0.2530643212357363,0.0,0.0,0.0
