,RMSE,MAE,MAPE,PI Width,CI Coverage,PI Overlap
mean,437.4050231437681,379.1906277126736,6.125261922724562,0.0,0.0,0.0
median,427.994329446856,370.90694173177087,5.978513124866602,0.0,0.0,0.0
std,67.78648833951952,61.054950508129046,0.9421486544962375,0.0,0.0,0.0
