,RMSE,MAE,MAPE,PI Width,CI Coverage,PI Overlap
mean,338.7526831813906,290.07898763020836,4.704349096008325,0.0,0.0,0.0
median,338.45515837237787,289.8019816080729,4.700158147502447,0.0,0.0,0.0
std,1.6704635185449035,1.6185167263765092,0.02410778002014411,0.0,0.0,0.0
