,RMSE,MAE,MAPE,PI Width,CI Coverage,PI Overlap
mean,311.62141166239064,264.11463216145836,4.368474254829414,0.0,0.0,0.0
std,121.9527046545918,125.78372871781144,2.0733533399211432,0.0,0.0,0.0
