,RMSE,MAE,MAPE,PI Width,CI Coverage,PI Overlap
mean,502.14374271577,441.3242635091146,7.106628910590711,0.0,0.0,0.0
median,515.285212386425,445.33662923177087,7.150687727945924,0.0,0.0,0.0
std,101.75511523693453,94.77427247953055,1.4945951551534034,0.0,0.0,0.0
