,RMSE,MAE,MAPE,PI Width,CI Coverage,PI Overlap
mean,381.48347023901607,294.1904159154647,5.3481151002841445,0.0,0.0,0.0
median,377.37472249941857,284.1821664663462,5.2612747730559315,0.0,0.0,0.0
std,40.659308898842134,40.6543350118183,0.6803219095933045,0.0,0.0,0.0
