,RMSE,MAE,MAPE,PI Width,CI Coverage,PI Overlap
mean,300.3679267692586,257.4913519965278,4.22981930966931,0.0,0.0,0.0
median,214.67738215628583,180.5147705078125,3.006813159927331,0.0,0.0,0.0
std,195.25323201828877,179.94088533163392,2.842476455977778,0.0,0.0,0.0
