,RMSE,MAE,MAPE,PI Width,CI Coverage,PI Overlap
mean,346.3731730116585,297.6475450303819,4.84415113315866,0.0,0.0,0.0
median,344.0785026659312,295.40287272135413,4.788730978981256,0.0,0.0,0.0
std,17.132069514580518,20.36232514968871,0.35386767101453864,0.0,0.0,0.0
