,RMSE,MAE,MAPE,PI Width,CI Coverage,PI Overlap
mean,273.645303753353,211.59585477007113,3.8308783495098178,0.0,0.0,0.0
std,2.5183998343698426,1.9340071166427701,0.03719310631940825,0.0,0.0,0.0
