,RMSE,MAE,MAPE,PI Width,CI Coverage,PI Overlap
mean,338.5239604106444,293.81296251085064,4.76874132015004,0.0,0.0,0.0
std,14.542040399459102,13.435441175865867,0.20969609363628117,0.0,0.0,0.0
