,RMSE,MAE,MAPE,PI Width,CI Coverage,PI Overlap
mean,336.39570515451607,288.58197428385415,4.679730513929354,0.0,0.0,0.0
median,334.23985187356845,286.63374837239587,4.649563219168078,0.0,0.0,0.0
std,4.672765049048584,4.266069998349969,0.06612898693684009,0.0,0.0,0.0
