,RMSE,MAE,MAPE,PI Width,CI Coverage,PI Overlap
mean,338.18462652917805,285.58563639322915,4.687867395329805,0.0,0.0,0.0
median,235.67523758484901,193.7639363606771,3.2498653858756232,0.0,0.0,0.0
std,134.74912484662872,125.68738690200816,1.934131391907865,0.0,0.0,0.0
