,RMSE,MAE,MAPE,PI Width,CI Coverage,PI Overlap
mean,2197.8911604618993,1945.1022496673797,31.287832867390982,0.0,0.0,0.0
median,1910.1538698232011,1721.8690490722656,27.685155130307102,0.0,0.0,0.0
std,1372.3662994629315,1154.925718632993,18.546078648760336,0.0,0.0,0.0
