True,Pred
5750,5178.9136
5399,4547.426
6123,4093.5486
5730,3352.5457
6015,2876.9563
5989,2062.5527
6333,1009.54395
6388,196.78543
6048,-337.0075
6322,-589.44464
6405,-13.371129
6523,604.4826
