,RMSE,MAE,MAPE,PI Width,CI Coverage,PI Overlap
mean,460.2184332636607,398.3045857747396,6.418252867185133,0.0,0.0,0.0
median,446.3891077200994,384.14066569010413,6.172733768750325,0.0,0.0,0.0
std,168.3388630151289,152.5938383377254,2.424317927969098,0.0,0.0,0.0
