,RMSE,MAE,MAPE,PI Width,CI Coverage,PI Overlap
mean,253.03185819079536,208.02755750868056,3.823809619337468,0.0,0.0,0.0
median,252.1750832869948,207.61426323784724,3.8272514167853675,0.0,0.0,0.0
std,6.386010768681811,5.759156660774066,0.1291998019900569,0.0,0.0,0.0
