,RMSE,MAE,MAPE,PI Width,CI Coverage,PI Overlap
mean,352.2816697350166,304.91321207682296,4.956400827221744,0.0,0.0,0.0
median,342.8324408802372,294.67462158203125,4.778011273770131,0.0,0.0,0.0
std,38.839631579757906,41.795825924764216,0.7202213961797826,0.0,0.0,0.0
