,RMSE,MAE,MAPE,PI Width,CI Coverage,PI Overlap
mean,280.1975081998154,218.81262225115736,4.007292690777059,0.0,0.0,0.0
median,277.11586259692973,218.23416341145833,3.9823204468951094,0.0,0.0,0.0
std,10.090438710653004,9.144208003231252,0.1971258392536054,0.0,0.0,0.0
