,RMSE,MAE,MAPE,PI Width,CI Coverage,PI Overlap
mean,526.6379514709329,463.3313517252604,7.43904120517058,0.0,0.0,0.0
median,526.6128924458504,463.45159912109375,7.441143425968151,0.0,0.0,0.0
std,2.8407426246122434,2.7059592729810347,0.04335450092363464,0.0,0.0,0.0
