,RMSE,MAE,MAPE,PI Width,CI Coverage,PI Overlap
mean,291.36729295241224,231.64528652759307,4.211658948543118,0.0,0.0,0.0
median,291.7567833453991,231.71422041223406,4.209790833599197,0.0,0.0,0.0
std,4.086608942581583,3.269783003458499,0.06740532662436094,0.0,0.0,0.0
