,RMSE,MAE,MAPE,PI Width,CI Coverage,PI Overlap
mean,632.1423417992052,554.3141574435763,8.926244358933708,0.0,0.0,0.0
median,642.3115730937309,564.6481323242188,9.070594310894936,0.0,0.0,0.0
std,229.59918629163877,209.7347569405845,3.315037997022902,0.0,0.0,0.0
