,RMSE,MAE,MAPE,PI Width,CI Coverage,PI Overlap
mean,454.75084537834806,398.01814643012153,6.40442670548363,0.0,0.0,0.0
median,454.4072711202824,397.8035888671875,6.401197024001012,0.0,0.0,0.0
std,2.7795867965541285,2.3890708830433134,0.03777483284537502,0.0,0.0,0.0
