True,Pred
5750,5130.387
5399,3860.386
6123,3656.6091
5730,2669.9727
6015,649.3155
5989,689.4993
6333,1098.794
6388,-1275.2228
6048,-114.982765
6322,1773.2473
6405,1213.7456
6523,198.63408
