,RMSE,MAE,MAPE,PI Width,CI Coverage,PI Overlap
mean,338.0639505039909,283.8773247612847,4.663146802885431,0.0,0.0,0.0
median,250.96433128305586,202.71588134765625,3.383553478092768,0.0,0.0,0.0
std,130.57438295026975,121.99350409507718,1.879145586436014,0.0,0.0,0.0
