,RMSE,MAE,MAPE,PI Width,CI Coverage,PI Overlap
mean,305.42665403956784,252.35967193851624,4.561147548797131,0.0,0.0,0.0
std,75.0818581499052,71.26743924270609,1.2911538714045705,0.0,0.0,0.0
