,RMSE,MAE,MAPE,PI Width,CI Coverage,PI Overlap
mean,267.93841615043925,218.20274534363676,4.060338360345554,0.0,0.0,0.0
median,263.31937536305975,215.30286706012228,4.01950077273535,0.0,0.0,0.0
std,14.032857750005226,14.081929442932218,0.27997691069098407,0.0,0.0,0.0
