,RMSE,MAE,MAPE,PI Width,CI Coverage,PI Overlap
mean,528.5474351655034,464.0406060112847,7.45019635657491,0.0,0.0,0.0
median,528.6609821299945,464.03826904296875,7.450087392060894,0.0,0.0,0.0
std,10.654901673934786,10.099190448412509,0.16171164441980063,0.0,0.0,0.0
