,RMSE,MAE,MAPE,PI Width,CI Coverage,PI Overlap
mean,272.5180069178122,212.51336263020838,3.789683261876455,0.0,0.0,0.0
median,272.58004557932986,212.61268310546876,3.7895079353603602,0.0,0.0,0.0
std,0.6130563607131502,0.44053714749754413,0.00708041613597204,0.0,0.0,0.0
