,RMSE,MAE,MAPE,PI Width,CI Coverage,PI Overlap
mean,624.8975674599931,550.623239338398,9.133992958146093,0.0,0.0,0.0
std,1053.2188750478288,1052.9432878906805,17.263583477711215,0.0,0.0,0.0
