,RMSE,MAE,MAPE,PI Width,CI Coverage,PI Overlap
mean,676.9724576417435,595.7153035481771,9.56031946725418,0.0,0.0,0.0
median,628.839560221706,555.7598876953125,8.919637669885027,0.0,0.0,0.0
std,213.43410432932936,192.594520326639,3.080420864099859,0.0,0.0,0.0
