,RMSE,MAE,MAPE,PI Width,CI Coverage,PI Overlap
mean,362.51273703823205,319.5879448784723,5.236166899850932,0.0,0.0,0.0
median,334.00184887520504,291.2415568033854,4.726127801222551,0.0,0.0,0.0
std,105.27070939896053,102.24382464634395,1.6845253265846982,0.0,0.0,0.0
