,RMSE,MAE,MAPE,PI Width,CI Coverage,PI Overlap
mean,429.99005812074,374.2368530273437,6.031955410509741,0.0,0.0,0.0
median,423.8825329235906,367.55275472005206,5.921403326119497,0.0,0.0,0.0
std,64.5883718220763,61.10021339708179,0.971304094406581,0.0,0.0,0.0
