,RMSE,MAE,MAPE,PI Width,CI Coverage,PI Overlap
mean,586.0492029571138,510.7618937174479,8.220153048091523,0.0,0.0,0.0
median,568.2575003602212,496.7394816080729,7.988256822180878,0.0,0.0,0.0
std,132.20941159491898,119.60603226971176,1.8897525636048733,0.0,0.0,0.0
