,RMSE,MAE,MAPE,PI Width,CI Coverage,PI Overlap
mean,349.07160135214355,301.0493882921007,4.896706490072022,0.0,0.0,0.0
median,343.0847502243942,294.39650472005206,4.769642873091064,0.0,0.0,0.0
std,23.652504194146438,26.291444223972377,0.47245596797202943,0.0,0.0,0.0
