,RMSE,MAE,MAPE,PI Width,CI Coverage,PI Overlap
mean,536.4720463480404,473.1516384548611,7.597200891372034,0.0,0.0,0.0
median,536.4178205930928,473.10978190104163,7.596528191222962,0.0,0.0,0.0
std,5.292135147627443,5.493840713089807,0.08829459497817495,0.0,0.0,0.0
