,RMSE,MAE,MAPE,PI Width,CI Coverage,PI Overlap
mean,488.754182894474,375.1780769856769,6.96682730135787,0.0,0.0,0.0
median,488.71148470186904,375.328955078125,6.968674430832895,0.0,0.0,0.0
std,0.15593130674317926,2.1855526266637653,0.029172239382756954,0.0,0.0,0.0
