,RMSE,MAE,MAPE,PI Width,CI Coverage,PI Overlap
mean,536.889350218117,473.57933213975696,7.604074596427337,0.0,0.0,0.0
median,537.4065264903111,474.135986328125,7.613020898053405,0.0,0.0,0.0
std,6.178498429577252,6.432939360815394,0.10338737598071121,0.0,0.0,0.0
