,RMSE,MAE,MAPE,PI Width,CI Coverage,PI Overlap
mean,2880.6651578323144,2750.9096272786464,30.642612619683995,0.0,0.0,0.0
std,8.626724162715568,8.710648949789473,0.09903364944798616,0.0,0.0,0.0
