,RMSE,MAE,MAPE,PI Width,CI Coverage,PI Overlap
mean,646.4098370560482,567.3052720811631,9.105398522040229,0.0,0.0,0.0
median,658.9840133524401,583.7786254882812,9.365731689471637,0.0,0.0,0.0
std,204.78998121522272,183.76415329531116,2.925442502210277,0.0,0.0,0.0
