,RMSE,MAE,MAPE,PI Width,CI Coverage,PI Overlap
mean,269.54814508986925,210.11304615162038,3.826232193962765,0.0,0.0,0.0
std,0.4453549607951825,0.39623321030231295,0.007798527347097924,0.0,0.0,0.0
