,RMSE,MAE,MAPE,PI Width,CI Coverage,PI Overlap
mean,318.2015936120332,268.5733710394965,4.393076869054912,0.0,0.0,0.0
std,7.367489885379684,8.21678485827521,0.12611633976905204,0.0,0.0,0.0
