,RMSE,MAE,MAPE,PI Width,CI Coverage,PI Overlap
mean,257.201418550506,187.7732037579572,3.253836234108536,0.0,0.0,0.0
std,4.206646232620945,1.3951363846406177,0.02400225134939086,0.0,0.0,0.0
