,RMSE,MAE,MAPE,PI Width,CI Coverage,PI Overlap
mean,743.9384261029553,658.6644124348958,10.573114801312547,0.0,0.0,0.0
median,798.9818125716739,713.7812296549479,11.456261723324314,0.0,0.0,0.0
std,248.9487454870186,223.95587872569064,3.580273711172265,0.0,0.0,0.0
