,RMSE,MAE,MAPE,PI Width,CI Coverage,PI Overlap
mean,461.3305496521289,401.4816189236111,6.461411813699434,0.0,0.0,0.0
median,450.5427625203248,388.8291829427083,6.251649201926417,0.0,0.0,0.0
std,90.88425386987723,84.64692066046555,1.347839574409405,0.0,0.0,0.0
