,RMSE,MAE,MAPE,PI Width,CI Coverage,PI Overlap
mean,3111.078263603736,3005.7464416503894,33.633141603779,0.0,0.0,0.0
std,55.58980205895888,57.95168218900272,0.6682006851832385,0.0,0.0,0.0
