,RMSE,MAE,MAPE,PI Width,CI Coverage,PI Overlap
mean,3029.84950525212,2902.3021094428173,32.36995653287407,0.0,0.0,0.0
std,296.22615046396015,296.0591206290488,3.3467256776215386,0.0,0.0,0.0
