,RMSE,MAE,MAPE,PI Width,CI Coverage,PI Overlap
mean,3052.9805610494936,2942.5553042941615,32.89447226985098,0.0,0.0,0.0
std,161.43252023278598,164.04210821728506,1.8725682712068017,0.0,0.0,0.0
