,RMSE,MAE,MAPE,PI Width,CI Coverage,PI Overlap
mean,2131.4066639942266,1890.0406721750894,30.52637253549436,0.0,0.0,0.0
median,1801.4020086402872,1690.446523030599,27.344859192188068,0.0,0.0,0.0
std,1621.1703852733424,1440.4604739969975,23.214028861432073,0.0,0.0,0.0
