True,Pred
5750,4390.0933
5399,4028.443
6123,3356.5974
5730,2167.3743
6015,1175.4816
5989,-483.34656
6333,-1901.8597
6388,-2352.6355
6048,-2433.8523
6322,257.06845
6405,-1383.3071
6523,-1005.6162
