,RMSE,MAE,MAPE,PI Width,CI Coverage,PI Overlap
mean,665.4806744639067,593.3013848198785,9.52798332700529,0.0,0.0,0.0
median,666.1707681721091,593.8532104492188,9.536617270160672,0.0,0.0,0.0
std,6.217676262031749,5.571938093220572,0.08906648954901535,0.0,0.0,0.0
