,RMSE,MAE,MAPE,PI Width,CI Coverage,PI Overlap
mean,276.7741491272297,214.80550039785876,3.7274606570235322,0.0,0.0,0.0
std,73.57099584926783,70.82870352631454,1.2228324637316774,0.0,0.0,0.0
