,RMSE,MAE,MAPE,PI Width,CI Coverage,PI Overlap
mean,250.7501747257337,187.32831081814234,3.231549516291634,0.0,0.0,0.0
std,1.4929436267018508,0.9012296814254297,0.015692469420670898,0.0,0.0,0.0
