,RMSE,MAE,MAPE,PI Width,CI Coverage,PI Overlap
mean,456.1335354871058,393.01960720486113,6.321772212971116,0.0,0.0,0.0
median,449.16733169261045,386.77384440104163,6.222568951669592,0.0,0.0,0.0
std,28.93980255259336,24.187055548016207,0.3794003253161814,0.0,0.0,0.0
