,RMSE,MAE,MAPE,PI Width,CI Coverage,PI Overlap
mean,558.3227182689583,488.6033786349826,7.89043329367928,0.0,0.0,0.0
median,564.6958566462381,492.74344889322913,7.950837982058678,0.0,0.0,0.0
std,230.24725795631767,211.27641889215286,3.3356608336321933,0.0,0.0,0.0
