True,Pred
5750,97.42878
5399,96.828094
6123,91.151535
5730,91.06702
6015,90.66244
5989,90.65247
6333,90.621155
6388,90.6201
6048,90.61767
6322,90.61757
6405,90.617386
6523,90.61738
