True,Pred
5750,39.523125
5399,38.23823
6123,30.325464
5730,29.59692
6015,27.12319
5989,26.655195
6333,25.591076
6388,25.28564
6048,24.760677
6322,24.561811
6405,24.2824
6523,24.153748
