True,Pred
5750,116.865486
5399,116.13831
6123,109.53901
5730,109.45733
6015,109.02227
5989,109.01399
6333,108.98359
6388,108.98281
6048,108.980705
6322,108.98063
6405,108.9805
6523,108.98049
