True,Pred
5750,109.088844
5399,108.493004
6123,103.61361
5730,103.49251
6015,102.98259
5989,102.96221
6333,102.90528
6388,102.90221
6048,102.89578
6322,102.895355
6405,102.89462
6523,102.89458
