True,Pred
4825,193.73138
4462,193.73138
4642,193.73138
4369,193.73138
4672,193.73138
4661,193.73138
4655,193.73138
4716,193.73138
4377,193.73138
4484,193.73138
4911,193.73138
5218,193.73138
5759,193.73138
5456,193.73138
5359,193.73138
5305,193.73138
5769,193.73138
5565,193.73138
5367,193.73138
5633,193.73138
5664,193.73138
6082,193.73138
6505,193.73138
5813,193.73138
6379,193.73138
6091,193.73138
6219,193.73138
6052,193.73138
6105,193.73138
6030,193.73138
5969,193.73138
5707,193.73138
5681,193.73138
6052,193.73138
5904,193.73138
5426,193.73138
6005,193.73138
5766,193.73138
5946,193.73138
5981,193.73138
6104,193.73138
5991,193.73138
5670,193.73138
5709,193.73138
5416,193.73138
5793,193.73138
