True,Pred
5750,82.52402
5399,79.89047
6123,60.25174
5730,59.09794
6015,54.68696
5989,54.165146
6333,52.852425
6388,52.624214
6048,52.197083
6322,52.101128
6405,51.95722
6523,51.918213
