True,Pred
5750,72.544975
5399,70.886444
6123,57.186317
5730,56.351788
6015,52.640553
5989,52.203312
6333,50.907017
6388,50.683773
6048,50.189854
6322,50.079582
6405,49.884186
6523,49.83128
