True,Pred
5750,111.23503
5399,111.185425
6123,104.03312
5730,103.99328
6015,103.479324
5989,103.47339
6333,103.43393
6388,103.43324
6048,103.430214
6322,103.430145
6405,103.429886
6523,103.429886
