True,Pred
5750,81.733246
5399,80.73868
6123,72.748314
5730,72.40659
6015,70.98664
5989,70.88194
6333,70.59244
6388,70.56305
6048,70.502266
6322,70.49449
6405,70.48163
6523,70.47965
