True,Pred
4825,106.02624
4462,106.02624
4642,106.02624
4369,106.02624
4672,106.02624
4661,106.02624
4655,106.02624
4716,106.02624
4377,106.02624
4484,106.02624
4911,106.02624
5218,106.02624
5759,106.02624
5456,106.02624
5359,106.02624
5305,106.02624
5769,106.02624
5565,106.02624
5367,106.02624
5633,106.02624
5664,106.02624
6082,106.02624
6505,106.02624
5813,106.02624
6379,106.02624
6091,106.02624
6219,106.02624
6052,106.02624
6105,106.02624
6030,106.02624
5969,106.02624
5707,106.02624
5681,106.02624
6052,106.02624
5904,106.02624
5426,106.02624
6005,106.02624
5766,106.02624
5946,106.02624
5981,106.02624
6104,106.02624
5991,106.02624
5670,106.02624
5709,106.02624
5416,106.02624
5793,106.02624
