True,Pred
5750,146.86253
5399,146.87645
6123,136.67856
5730,136.67065
6015,136.18066
5989,136.17978
6333,136.15547
6388,136.1554
6048,136.15419
6322,136.15417
6405,136.15411
6523,136.15411
