True,Pred
5750,111.93636
5399,110.62648
6123,100.29329
5730,99.88117
6015,98.26788
5989,98.15752
6333,97.87494
6388,97.84831
6048,97.79771
6322,97.7917
6405,97.78255
6523,97.781265
