True,Pred
5750,81.17234
5399,78.19874
6123,60.05936
5730,59.047054
6015,55.639523
5989,55.27288
6333,54.43582
6388,54.307495
6048,54.086464
6322,54.04348
6405,53.983696
6523,53.969814
