True,Pred
4825,88.901566
4462,88.901566
4642,88.901566
4369,88.901566
4672,88.901566
4661,88.901566
4655,88.901566
4716,88.901566
4377,88.901566
4484,88.901566
4911,88.901566
5218,88.901566
5759,88.901566
5456,88.901566
5359,88.901566
5305,88.901566
5769,88.901566
5565,88.901566
5367,88.901566
5633,88.901566
5664,88.901566
6082,88.901566
6505,88.901566
5813,88.901566
6379,88.901566
6091,88.901566
6219,88.901566
6052,88.901566
6105,88.901566
6030,88.901566
5969,88.901566
5707,88.901566
5681,88.901566
6052,88.901566
5904,88.901566
5426,88.901566
6005,88.901566
5766,88.901566
5946,88.901566
5981,88.901566
6104,88.901566
5991,88.901566
5670,88.901566
5709,88.901566
5416,88.901566
5793,88.901566
