True,Pred
5750,106.02624
5399,104.879074
6123,97.57158
5730,97.403046
6015,96.813934
5989,96.79261
6333,96.741905
6388,96.73948
6048,96.73509
6322,96.73483
6405,96.734436
6523,96.7344
