True,Pred
5750,144.0872
5399,143.78215
6123,137.51309
5730,137.45514
6015,137.01169
5989,137.00455
6333,136.97144
6388,136.97067
6048,136.9682
6322,136.96814
6405,136.96796
6523,136.96794
