True,Pred
5750,112.97136
5399,112.53198
6123,106.5799
5730,106.49587
6015,105.87701
5989,105.863014
6333,105.79381
6388,105.79171
6048,105.783905
6322,105.78362
6405,105.78272
6523,105.78271
