True,Pred
5750,127.108345
5399,127.04946
6123,122.3906
5730,122.36847
6015,122.01395
5989,122.0107
6333,121.98234
6388,121.98197
6048,121.979675
6322,121.97963
6405,121.97947
6523,121.97947
