True,Pred
5750,61.38944
5399,60.540894
6123,54.975704
5730,54.74383
6015,53.974136
5989,53.919106
6333,53.7989
6388,53.78712
6048,53.767925
6322,53.76556
6405,53.762478
6523,53.762024
