True,Pred
5750,213.31131
5399,213.00082
6123,209.5828
5730,209.56252
6015,209.4419
5989,209.4408
6333,209.43646
6388,209.43643
6048,209.43626
6322,209.43626
6405,209.43626
6523,209.43626
