True,Pred
4825,145.71565
4462,145.71565
4642,145.71565
4369,145.71565
4672,145.71565
4661,145.71565
4655,145.71565
4716,145.71565
4377,145.71565
4484,145.71565
4911,145.71565
5218,145.71565
5759,145.71565
5456,145.71565
5359,145.71565
5305,145.71565
5769,145.71565
5565,145.71565
5367,145.71565
5633,145.71565
5664,145.71565
6082,145.71565
6505,145.71565
5813,145.71565
6379,145.71565
6091,145.71565
6219,145.71565
6052,145.71565
6105,145.71565
6030,145.71565
5969,145.71565
5707,145.71565
5681,145.71565
6052,145.71565
5904,145.71565
5426,145.71565
6005,145.71565
5766,145.71565
5946,145.71565
5981,145.71565
6104,145.71565
5991,145.71565
5670,145.71565
5709,145.71565
5416,145.71565
5793,145.71565
