True,Pred
4825,52.30336
4462,52.30336
4642,52.30336
4369,52.30336
4672,52.30336
4661,52.30336
4655,52.30336
4716,52.30336
4377,52.30336
4484,52.30336
4911,52.30336
5218,52.30336
5759,52.30336
5456,52.30336
5359,52.30336
5305,52.30336
5769,52.30336
5565,52.30336
5367,52.30336
5633,52.30336
5664,52.30336
6082,52.30336
6505,52.30336
5813,52.30336
6379,52.30336
6091,52.30336
6219,52.30336
6052,52.30336
6105,52.30336
6030,52.30336
5969,52.30336
5707,52.30336
5681,52.30336
6052,52.30336
5904,52.30336
5426,52.30336
6005,52.30336
5766,52.30336
5946,52.30336
5981,52.30336
6104,52.30336
5991,52.30336
5670,52.30336
5709,52.30336
5416,52.30336
5793,52.30336
