True,Pred
4825,80.47401
4462,80.47401
4642,80.47401
4369,80.47401
4672,80.47401
4661,80.47401
4655,80.47401
4716,80.47401
4377,80.47401
4484,80.47401
4911,80.47401
5218,80.47401
5759,80.47401
5456,80.47401
5359,80.47401
5305,80.47401
5769,80.47401
5565,80.47401
5367,80.47401
5633,80.47401
5664,80.47401
6082,80.47401
6505,80.47401
5813,80.47401
6379,80.47401
6091,80.47401
6219,80.47401
6052,80.47401
6105,80.47401
6030,80.47401
5969,80.47401
5707,80.47401
5681,80.47401
6052,80.47401
5904,80.47401
5426,80.47401
6005,80.47401
5766,80.47401
5946,80.47401
5981,80.47401
6104,80.47401
5991,80.47401
5670,80.47401
5709,80.47401
5416,80.47401
5793,80.47401
