True,Pred
4825,35.914593
4462,35.914593
4642,35.914593
4369,35.914593
4672,35.914593
4661,35.914593
4655,35.914593
4716,35.914593
4377,35.914593
4484,35.914593
4911,35.914593
5218,35.914593
5759,35.914593
5456,35.914593
5359,35.914593
5305,35.914593
5769,35.914593
5565,35.914593
5367,35.914593
5633,35.914593
5664,35.914593
6082,35.914593
6505,35.914593
5813,35.914593
6379,35.914593
6091,35.914593
6219,35.914593
6052,35.914593
6105,35.914593
6030,35.914593
5969,35.914593
5707,35.914593
5681,35.914593
6052,35.914593
5904,35.914593
5426,35.914593
6005,35.914593
5766,35.914593
5946,35.914593
5981,35.914593
6104,35.914593
5991,35.914593
5670,35.914593
5709,35.914593
5416,35.914593
5793,35.914593
