True,Pred
5750,77.26359
5399,76.37173
6123,64.84039
5730,64.38791
6015,61.825726
5989,61.635006
6333,60.961437
6388,60.888783
6048,60.703407
6322,60.67752
6405,60.62571
6523,60.61689
