True,Pred
4825,255.77576
4462,255.77576
4642,255.77576
4369,255.77576
4672,255.77576
4661,255.77576
4655,255.77576
4716,255.77576
4377,255.77576
4484,255.77576
4911,255.77576
5218,255.77576
5759,255.77576
5456,255.77576
5359,255.77576
5305,255.77576
5769,255.77576
5565,255.77576
5367,255.77576
5633,255.77576
5664,255.77576
6082,255.77576
6505,255.77576
5813,255.77576
6379,255.77576
6091,255.77576
6219,255.77576
6052,255.77576
6105,255.77576
6030,255.77576
5969,255.77576
5707,255.77576
5681,255.77576
6052,255.77576
5904,255.77576
5426,255.77576
6005,255.77576
5766,255.77576
5946,255.77576
5981,255.77576
6104,255.77576
5991,255.77576
5670,255.77576
5709,255.77576
5416,255.77576
5793,255.77576
