True,Pred
5750,63.180244
5399,60.28485
6123,39.240574
5730,37.418674
6015,30.978666
5989,29.671698
6333,26.604717
6388,25.578222
6048,23.752556
6322,22.89826
6405,21.644955
6523,20.902924
