True,Pred
5750,69.59023
5399,68.570786
6123,63.03018
5730,62.78648
6015,62.00348
5989,61.9462
6333,61.819084
6388,61.80659
6048,61.78544
6322,61.782852
6405,61.779305
6523,61.77879
