True,Pred
4825,129.66852
4462,129.66852
4642,129.66852
4369,129.66852
4672,129.66852
4661,129.66852
4655,129.66852
4716,129.66852
4377,129.66852
4484,129.66852
4911,129.66852
5218,129.66852
5759,129.66852
5456,129.66852
5359,129.66852
5305,129.66852
5769,129.66852
5565,129.66852
5367,129.66852
5633,129.66852
5664,129.66852
6082,129.66852
6505,129.66852
5813,129.66852
6379,129.66852
6091,129.66852
6219,129.66852
6052,129.66852
6105,129.66852
6030,129.66852
5969,129.66852
5707,129.66852
5681,129.66852
6052,129.66852
5904,129.66852
5426,129.66852
6005,129.66852
5766,129.66852
5946,129.66852
5981,129.66852
6104,129.66852
5991,129.66852
5670,129.66852
5709,129.66852
5416,129.66852
5793,129.66852
