True,Pred
5750,96.231094
5399,95.94963
6123,93.54096
5730,93.49636
6015,93.31574
5989,93.31037
6333,93.296265
6388,93.2957
6048,93.294586
6322,93.29455
6405,93.29444
6523,93.29443
