True,Pred
5750,119.23894
5399,118.26037
6123,112.55008
5730,112.42232
6015,111.99027
5989,111.97555
6333,111.94084
6388,111.939285
6048,111.936485
6322,111.936325
6405,111.9361
6523,111.93608
