True,Pred
5750,80.47401
5399,79.728874
6123,74.81574
5730,74.62713
6015,73.92515
5989,73.88203
6333,73.77192
6388,73.76288
6048,73.745316
6322,73.74353
6405,73.74072
6523,73.74038
