True,Pred
5750,193.73138
5399,193.48442
6123,187.69867
5730,187.67122
6015,187.3906
5989,187.38838
6333,187.37428
6388,187.37413
6048,187.37343
6322,187.37343
6405,187.37338
6523,187.37338
