,RMSE,MAE,MAPE,PI Width,CI Coverage,PI Overlap
mean,2995.9445579903545,2874.7876563178165,32.078965490288084,0.0,0.0,0.0
std,31.48257849060016,31.950552386292287,0.3640378743084361,0.0,0.0,0.0
