,RMSE,MAE,MAPE,PI Width,CI Coverage,PI Overlap
mean,226.45682935083676,186.20895521375866,3.1228133441877235,0.0,0.0,0.0
median,212.17140639487081,171.6329854329427,2.9175653055055646,0.0,0.0,0.0
std,37.22370225495748,38.07907736637996,0.6105739423219406,0.0,0.0,0.0
