,RMSE,MAE,MAPE,PI Width,CI Coverage,PI Overlap
mean,469.72914267114726,406.101005045573,6.525245265364054,0.0,0.0,0.0
median,461.73349191020213,397.47163899739587,6.378674198033708,0.0,0.0,0.0
std,71.00609119437242,67.7714014850973,1.077674905566666,0.0,0.0,0.0
