,RMSE,MAE,MAPE,PI Width,CI Coverage,PI Overlap
mean,655.6049947068858,574.8184895833333,9.22142834001473,0.0,0.0,0.0
median,690.7413996990388,611.8696899414062,9.815720618495885,0.0,0.0,0.0
std,179.37530042640748,163.1252879800552,2.6031546841432376,0.0,0.0,0.0
