,RMSE,MAE,MAPE,PI Width,CI Coverage,PI Overlap
mean,451.79453820244936,390.78623182508676,6.312523374868049,0.0,0.0,0.0
median,452.95377313162055,385.15388997395837,6.19995016045488,0.0,0.0,0.0
std,65.17826891726033,60.72524505207992,0.9444930188714248,0.0,0.0,0.0
