,RMSE,MAE,MAPE,PI Width,CI Coverage,PI Overlap
mean,501.1400018198306,435.07959798177086,6.990509464047721,0.0,0.0,0.0
median,466.44604799030037,400.4669189453125,6.426279740681245,0.0,0.0,0.0
std,145.184049054714,130.3518811119202,2.0785793687812153,0.0,0.0,0.0
