,RMSE,MAE,MAPE,PI Width,CI Coverage,PI Overlap
mean,1952.1159848258585,1730.7586758083767,27.864571623805812,0.0,0.0,0.0
std,1472.9345067848285,1291.1248351363513,20.756695929178903,0.0,0.0,0.0
