,RMSE,MAE,MAPE,PI Width,CI Coverage,PI Overlap
mean,574.8448747098561,507.7064425998264,8.155884737114826,0.0,0.0,0.0
median,591.5907706502171,518.7497965494791,8.316256833194439,0.0,0.0,0.0
std,128.64712639940535,122.30156101463145,1.952210119002755,0.0,0.0,0.0
