,RMSE,MAE,MAPE,PI Width,CI Coverage,PI Overlap
mean,607.9153117090385,534.9389051649306,8.587674452500696,0.0,0.0,0.0
median,606.1951186765615,536.6438802083334,8.611528849223287,0.0,0.0,0.0
std,181.31042119004633,163.69688775167558,2.610676915284301,0.0,0.0,0.0
