,RMSE,MAE,MAPE,PI Width,CI Coverage,PI Overlap
mean,303.97501536218476,252.48580864800348,4.142345054655309,0.0,0.0,0.0
median,304.56749026438536,252.6270751953125,4.1433437300042595,0.0,0.0,0.0
std,8.5780465453574,9.595484294988216,0.14331016886117934,0.0,0.0,0.0
