,RMSE,MAE,MAPE,PI Width,CI Coverage,PI Overlap
mean,296.08548003204606,236.9895601851852,4.251687852342067,0.0,0.0,0.0
std,29.629555604585804,22.749019411809044,0.3744292208035818,0.0,0.0,0.0
