,RMSE,MAE,MAPE,PI Width,CI Coverage,PI Overlap
mean,732.3869899173768,647.9934909396701,10.405037929385205,0.0,0.0,0.0
std,256.8199943147724,234.65283455809086,3.7431002691604007,0.0,0.0,0.0
