,RMSE,MAE,MAPE,PI Width,CI Coverage,PI Overlap
mean,303.9253248519675,239.17598185221357,4.34827402153926,0.0,0.0,0.0
median,295.0712740904024,230.5318115234375,4.2071626403142695,0.0,0.0,0.0
std,48.12592646764097,35.57703161599691,0.6617935182428716,0.0,0.0,0.0
