,RMSE,MAE,MAPE,PI Width,CI Coverage,PI Overlap
mean,373.94805777835694,320.6887654622396,5.179987472687068,0.0,0.0,0.0
median,356.5871801169342,304.82891845703125,4.928285906980988,0.0,0.0,0.0
std,40.56044944372516,36.06198645019547,0.564956541744076,0.0,0.0,0.0
