,RMSE,MAE,MAPE,PI Width,CI Coverage,PI Overlap
mean,505.18963342715193,440.4141330295139,7.089851396633951,0.0,0.0,0.0
median,378.71302275517274,329.21305338541663,5.324888357941943,0.0,0.0,0.0
std,157.50214576503186,138.55422103550825,2.1976459634026,0.0,0.0,0.0
