,RMSE,MAE,MAPE,PI Width,CI Coverage,PI Overlap
mean,310.51689429347334,263.60054253472225,4.292599019118541,0.0,0.0,0.0
median,310.7102551744093,264.27239990234375,4.2987347216786045,0.0,0.0,0.0
std,25.589936650021606,24.045300913623915,0.3701896364123642,0.0,0.0,0.0
