,RMSE,MAE,MAPE,PI Width,CI Coverage,PI Overlap
mean,2432.7526838792346,2356.8372155309607,42.04735688241494,0.0,0.0,0.0
median,2398.0935495341073,2327.309719509549,41.290607654845616,0.0,0.0,0.0
std,1225.4218931682092,1252.4773293447179,22.538713204883134,0.0,0.0,0.0
