,RMSE,MAE,MAPE,PI Width,CI Coverage,PI Overlap
mean,2861.113830610385,2836.313780042861,46.46061394692971,0.0,0.0,0.0
median,2887.4169893462577,2869.615732828776,47.00373314769773,0.0,0.0,0.0
std,1338.2471772090976,1354.1008783033224,22.305161692463862,0.0,0.0,0.0
