True,Pred
5750,1009.3169
5399,1009.3167
6123,1009.31555
5730,1009.29425
6015,1009.29425
5989,1009.29425
6333,1009.29425
6388,1009.29425
6048,1009.29425
6322,1009.29425
6405,1009.29425
6523,1009.29425
