,RMSE,MAE,MAPE,PI Width,CI Coverage,PI Overlap
mean,371.4470950902624,319.47536349826385,5.157686213302439,0.0,0.0,0.0
std,95.29507151804098,85.37893520711036,1.3396940189796,0.0,0.0,0.0
