,RMSE,MAE,MAPE,PI Width,CI Coverage,PI Overlap
mean,399.4170185566399,343.37376844618063,5.536595840141039,0.0,0.0,0.0
median,455.7483930297086,393.1952311197917,6.316350492602014,0.0,0.0,0.0
std,104.2423572973137,93.31712201302832,1.463687598280882,0.0,0.0,0.0
