,RMSE,MAE,MAPE,PI Width,CI Coverage,PI Overlap
mean,1882.5889477835187,1655.175170220269,26.606377467506594,0.0,0.0,0.0
median,1534.1924268473965,1322.2434692382812,21.14689712249247,0.0,0.0,0.0
std,1172.7902307575544,1033.01875110424,16.61250853691484,0.0,0.0,0.0
