,RMSE,MAE,MAPE,PI Width,CI Coverage,PI Overlap
mean,460.17997974407047,399.2220594618056,6.412931949763185,0.0,0.0,0.0
median,461.1242490872269,399.8526407877604,6.422611040759843,0.0,0.0,0.0
std,16.208976057572663,15.015907552232118,0.23939511528905144,0.0,0.0,0.0
