,RMSE,MAE,MAPE,PI Width,CI Coverage,PI Overlap
mean,379.75002600170285,331.98737792968757,5.406985054101674,0.0,0.0,0.0
median,309.4268262396802,263.81976318359375,4.2859118300123455,0.0,0.0,0.0
std,216.70021182600613,214.41488596478402,3.515089070833967,0.0,0.0,0.0
