,RMSE,MAE,MAPE,PI Width,CI Coverage,PI Overlap
mean,274.4220070806104,224.89996241009428,4.072816701002691,0.0,0.0,0.0
median,266.7419954003632,219.26817103794644,3.9787766459494156,0.0,0.0,0.0
std,21.711331442820093,18.553681760453795,0.30947025311696785,0.0,0.0,0.0
