,RMSE,MAE,MAPE,PI Width,CI Coverage,PI Overlap
mean,367.7543473863144,316.27194552951386,5.104184742105701,0.0,0.0,0.0
median,362.74061595814607,312.07122802734375,5.03866599369684,0.0,0.0,0.0
std,23.939453912126382,20.772409290971908,0.32716926997669205,0.0,0.0,0.0
