,RMSE,MAE,MAPE,PI Width,CI Coverage,PI Overlap
mean,383.0144671046744,330.8224826388889,5.481551770004157,0.0,0.0,0.0
median,223.63721145210138,178.05061848958334,3.022819549184266,0.0,0.0,0.0
std,311.23416249211573,300.84391420666674,4.854893440678568,0.0,0.0,0.0
