,RMSE,MAE,MAPE,PI Width,CI Coverage,PI Overlap
mean,417.7618765024179,360.32854817708335,5.846490304762917,0.0,0.0,0.0
median,404.018044341814,353.07053629557294,5.707489628579401,0.0,0.0,0.0
std,162.3755744692061,149.11643787308049,2.3363890900872675,0.0,0.0,0.0
