,RMSE,MAE,MAPE,PI Width,CI Coverage,PI Overlap
mean,273.20202583319247,220.9309314546131,4.004304603738707,0.0,0.0,0.0
median,273.2974743111729,220.92824009486608,4.0023837031757346,0.0,0.0,0.0
std,1.5371790417574764,1.5075587071316068,0.026964589808741345,0.0,0.0,0.0
