,RMSE,MAE,MAPE,PI Width,CI Coverage,PI Overlap
mean,247.62181511229485,207.25553249782985,3.402565344103001,0.0,0.0,0.0
median,247.49525958244564,206.85689290364584,3.3951096691606217,0.0,0.0,0.0
std,12.636854111209331,10.69074156462577,0.16249629465323717,0.0,0.0,0.0
