,RMSE,MAE,MAPE,PI Width,CI Coverage,PI Overlap
mean,215.16163132904987,179.27843288845486,2.994953940553357,0.0,0.0,0.0
median,210.0604980013769,176.5558878580729,2.9547541954362027,0.0,0.0,0.0
std,13.834365022806777,12.797617112763545,0.18347029642237678,0.0,0.0,0.0
