,RMSE,MAE,MAPE,PI Width,CI Coverage,PI Overlap
mean,314.3782840982261,248.2122092307151,4.341448845010969,0.0,0.0,0.0
median,297.3478311884978,234.68191775760135,4.055010555036462,0.0,0.0,0.0
std,42.53680230065923,43.02816741884238,0.7310305827919479,0.0,0.0,0.0
