,RMSE,MAE,MAPE,PI Width,CI Coverage,PI Overlap
mean,277.3472915965789,223.18974533672483,4.043436599757839,0.0,0.0,0.0
median,271.2359908281754,216.9314816497093,3.9976544922491275,0.0,0.0,0.0
std,27.074491671446943,22.79420445056538,0.42712309843837054,0.0,0.0,0.0
