,RMSE,MAE,MAPE,PI Width,CI Coverage,PI Overlap
mean,506.6777350441165,443.09960937500006,7.123207222865566,0.0,0.0,0.0
median,507.20254096751114,440.6815592447917,7.08011698578637,0.0,0.0,0.0
std,64.73111018729276,60.68985883588316,0.9608169965845356,0.0,0.0,0.0
