,RMSE,MAE,MAPE,PI Width,CI Coverage,PI Overlap
mean,287.90642246180306,235.89653320312496,3.9505186451664724,0.0,0.0,0.0
median,275.83154208569783,227.61822916666665,3.822127051688426,0.0,0.0,0.0
std,48.182184514371585,39.68585672755425,0.6349089497696742,0.0,0.0,0.0
