,RMSE,MAE,MAPE,PI Width,CI Coverage,PI Overlap
mean,270.5659092637985,217.63876729728347,3.809926810124879,0.0,0.0,0.0
std,1.9193452892328209,1.0055424930938215,0.013166647418110472,0.0,0.0,0.0
