,RMSE,MAE,MAPE,PI Width,CI Coverage,PI Overlap
mean,2879.0275507744414,2756.4330661349827,30.73203776951045,0.0,0.0,0.0
std,18.477511757777055,19.26570861131382,0.2212207074965976,0.0,0.0,0.0
