,RMSE,MAE,MAPE,PI Width,CI Coverage,PI Overlap
mean,601.9495489420879,539.1688774956597,8.658200961650076,0.0,0.0,0.0
median,608.7682267035729,545.9216715494792,8.766728901772623,0.0,0.0,0.0
std,13.391353288130478,13.255402047385758,0.213034999769507,0.0,0.0,0.0
