,RMSE,MAE,MAPE,PI Width,CI Coverage,PI Overlap
mean,363.13002748443955,310.84836290147564,5.055932353901342,0.0,0.0,0.0
median,314.45618389182835,267.00290934244794,4.360682869466662,0.0,0.0,0.0
std,120.24058487453384,106.68833434955357,1.6513205228378456,0.0,0.0,0.0
