,RMSE,MAE,MAPE,PI Width,CI Coverage,PI Overlap
mean,298.45145681587195,253.44159206814237,4.110710791329003,0.0,0.0,0.0
std,31.990147371040102,29.013257444953187,0.45836279411459274,0.0,0.0,0.0
