,RMSE,MAE,MAPE,PI Width,CI Coverage,PI Overlap
mean,441.44944673632233,381.5368598090278,6.132777666232227,0.0,0.0,0.0
median,447.9920601701774,386.5000203450521,6.209376875865358,0.0,0.0,0.0
std,32.87966239755406,29.42063576756642,0.4657709748326758,0.0,0.0,0.0
