,RMSE,MAE,MAPE,PI Width,CI Coverage,PI Overlap
mean,477.23221566113824,417.51659613715276,6.705894936995815,0.0,0.0,0.0
median,477.0857191840869,417.42289225260413,6.704451319818656,0.0,0.0,0.0
std,3.490186708008625,3.4641910132975586,0.05560086046588514,0.0,0.0,0.0
