,RMSE,MAE,MAPE,PI Width,CI Coverage,PI Overlap
mean,3215.9707408952513,3112.944138251411,34.86026848915055,0.0,0.0,0.0
std,107.49141362727265,109.58107929176803,1.253360988309933,0.0,0.0,0.0
