,RMSE,MAE,MAPE,PI Width,CI Coverage,PI Overlap
mean,353.14771811243475,303.7529215494791,4.905874923952599,0.0,0.0,0.0
median,353.48318600715993,303.96761067708337,4.909291257338483,0.0,0.0,0.0
std,1.9609744008586927,1.8465832408002398,0.028850382351003227,0.0,0.0,0.0
