,RMSE,MAE,MAPE,PI Width,CI Coverage,PI Overlap
mean,345.38058507171473,284.4343017578125,4.6877650675438405,0.0,0.0,0.0
std,113.71087423868208,109.55556983842418,1.6813644395460645,0.0,0.0,0.0
