,RMSE,MAE,MAPE,PI Width,CI Coverage,PI Overlap
mean,276.1870501939999,224.2070823492006,4.104197638346725,0.0,0.0,0.0
std,22.544305934747815,17.704398315156695,0.30793254917446494,0.0,0.0,0.0
