,RMSE,MAE,MAPE,PI Width,CI Coverage,PI Overlap
mean,702.9288412819919,617.7665540907117,9.947940772934052,0.0,0.0,0.0
median,706.0062167896725,620.3753865559895,9.962085907852607,0.0,0.0,0.0
std,236.55101341190738,215.01610473480577,3.4097479350723536,0.0,0.0,0.0
