,RMSE,MAE,MAPE,PI Width,CI Coverage,PI Overlap
mean,415.18692994160125,359.98900689019104,5.827672189953512,0.0,0.0,0.0
std,104.73532060206402,95.07011872732721,1.490775202631653,0.0,0.0,0.0
