,RMSE,MAE,MAPE,PI Width,CI Coverage,PI Overlap
mean,472.63916612648626,415.24888780381946,6.676568950504502,0.0,0.0,0.0
median,463.9896129629591,405.90879313151044,6.524375142584486,0.0,0.0,0.0
std,58.869845006016696,58.59174007165828,0.9332700050910553,0.0,0.0,0.0
