,RMSE,MAE,MAPE,PI Width,CI Coverage,PI Overlap
mean,229.59583418546634,194.4597242567274,3.2630920362875924,0.0,0.0,0.0
median,218.65648584736414,186.14609781901044,3.1225908344957354,0.0,0.0,0.0
std,37.6015933095563,38.755751574241486,0.6233527117118296,0.0,0.0,0.0
