,RMSE,MAE,MAPE,PI Width,CI Coverage,PI Overlap
mean,415.00671370240514,358.34906005859375,5.773459469836648,0.0,0.0,0.0
median,404.84309543136476,343.5287882486979,5.517460759361345,0.0,0.0,0.0
std,58.92003422293621,55.945773012538055,0.8807728552296425,0.0,0.0,0.0
