,RMSE,MAE,MAPE,PI Width,CI Coverage,PI Overlap
mean,404.9944890697038,352.2588216145833,5.699361030330209,0.0,0.0,0.0
median,399.04026793471405,348.6669921875,5.644867599025448,0.0,0.0,0.0
std,28.549771472204704,23.372245089227444,0.35459195879523886,0.0,0.0,0.0
