,RMSE,MAE,MAPE,PI Width,CI Coverage,PI Overlap
mean,3100.2444704979625,2962.6532236735025,33.02026739769967,0.0,0.0,0.0
std,465.15194279550343,461.67611311701285,5.21647072231112,0.0,0.0,0.0
