,RMSE,MAE,MAPE,PI Width,CI Coverage,PI Overlap
mean,429.02122992928764,369.2255126953125,5.939976735880949,0.0,0.0,0.0
median,432.20509669033197,371.57316080729163,5.976092679256807,0.0,0.0,0.0
std,18.210943615775186,15.274821555421584,0.23929575165173392,0.0,0.0,0.0
