,RMSE,MAE,MAPE,PI Width,CI Coverage,PI Overlap
mean,3109.050736007761,3002.8220937093097,33.596846123499475,0.0,0.0,0.0
std,152.84845852424218,157.42565311631282,1.8060964298230957,0.0,0.0,0.0
