,RMSE,MAE,MAPE,PI Width,CI Coverage,PI Overlap
mean,291.7786912616877,244.61174858940967,4.053161220030817,0.0,0.0,0.0
median,230.98065782105516,190.78737386067706,3.2162381662019284,0.0,0.0,0.0
std,114.82286667570774,105.89640958750668,1.6300023996297948,0.0,0.0,0.0
