,RMSE,MAE,MAPE,PI Width,CI Coverage,PI Overlap
mean,793.6261429601577,710.3323367387821,12.493354469600815,0.0,0.0,0.0
std,369.3380445420756,373.6671698654764,6.5696199397613535,0.0,0.0,0.0
