True,Pred
5750,4669.9087
5399,3283.5774
6123,3616.4429
5730,4312.052
6015,3403.2095
5989,1873.7192
6333,1271.6027
6388,2315.4214
6048,3134.0735
6322,2334.4717
6405,416.19647
6523,-725.59656
