True,Pred
5750,3696.6006
5399,2891.539
6123,1139.9465
5730,344.85916
6015,136.42784
5989,847.34186
6333,3474.1475
6388,-1452.0027
6048,2717.3733
6322,-2564.2095
6405,-2254.3342
6523,-5376.177
