True,Pred
5750,4584.4404
5399,3586.6643
6123,2362.692
5730,1240.3839
6015,148.69032
5989,-347.4916
6333,-325.35797
6388,277.75433
6048,210.16779
6322,793.34625
6405,2804.2878
6523,4699.7505
