,RMSE,MAE,MAPE,PI Width,CI Coverage,PI Overlap
mean,364.29466730321445,316.28555365668404,5.09491297593477,0.0,0.0,0.0
std,16.581924541667053,14.49636328534943,0.2285944573839715,0.0,0.0,0.0
