,RMSE,MAE,MAPE,PI Width,CI Coverage,PI Overlap
mean,253.2921335742659,194.61615668402777,3.390781187448655,0.0,0.0,0.0
std,4.4481882403713415,4.440706443823398,0.08388283599358269,0.0,0.0,0.0
