,RMSE,MAE,MAPE,PI Width,CI Coverage,PI Overlap
mean,410.8142975512527,357.34503716362843,5.745979617131401,0.0,0.0,0.0
median,410.0362731719197,356.6203816731771,5.7343852724746505,0.0,0.0,0.0
std,6.999106448709481,6.187528571764866,0.09796010892111032,0.0,0.0,0.0
