,RMSE,MAE,MAPE,PI Width,CI Coverage,PI Overlap
mean,417.3038278505853,361.29111735026044,5.812190257382252,0.0,0.0,0.0
median,451.61444983512865,391.16497802734375,6.280275027420339,0.0,0.0,0.0
std,95.39515926616853,86.92734339367566,1.3753811920283725,0.0,0.0,0.0
