,RMSE,MAE,MAPE,PI Width,CI Coverage,PI Overlap
mean,294.19910715378745,232.19078688063064,4.087101240140568,0.0,0.0,0.0
std,69.15142839972066,72.73918077300442,1.3056483712719569,0.0,0.0,0.0
