,RMSE,MAE,MAPE,PI Width,CI Coverage,PI Overlap
mean,1831.4382286849866,1631.7775878906252,26.242944171330247,0.0,0.0,0.0
median,1758.4096277369708,1535.3241984049478,24.60339334637979,0.0,0.0,0.0
std,1002.2348318106726,923.3422316865586,14.879351071550195,0.0,0.0,0.0
