,RMSE,MAE,MAPE,PI Width,CI Coverage,PI Overlap
mean,278.52013270234664,220.54981642139052,4.022788314436197,0.0,0.0,0.0
std,1.434682084516188,0.8818863462498662,0.01836129729935842,0.0,0.0,0.0
