,RMSE,MAE,MAPE,PI Width,CI Coverage,PI Overlap
mean,450.49492422793685,391.97306586371536,6.31455117675583,0.0,0.0,0.0
median,439.94302710521674,377.9881591796875,6.0779192294916715,0.0,0.0,0.0
std,69.20933471416971,66.29057682383244,1.0448882420127261,0.0,0.0,0.0
