,RMSE,MAE,MAPE,PI Width,CI Coverage,PI Overlap
mean,506.00695137527407,427.2887886665963,7.46673062998105,0.0,0.0,0.0
std,191.96183814704125,188.14884886008542,3.2431980619252023,0.0,0.0,0.0
