,RMSE,MAE,MAPE,PI Width,CI Coverage,PI Overlap
mean,354.7463942745748,301.4435506184895,4.9398905616213264,0.0,0.0,0.0
std,59.397294901855695,57.83988164353739,0.8716933630251826,0.0,0.0,0.0
