{
  "master_seed": 42,
  "total_seeds": 2500,
  "max_trials": 50,
  "max_seeds": 50,
  "seed_array_shape": [
    50,
    50
  ],
  "seed_range": {
    "min": 871750,
    "max": 2147285699,
    "mean": 1075803942.708,
    "std": 614219898.9086392
  },
  "generation_timestamp": "2025-07-30T12:10:27.395592"
}