,RMSE,MAE,MAPE,PI Width,CI Coverage,PI Overlap
mean,282.74605487463657,223.0815417167468,4.025295932711744,0.0,0.0,0.0
median,272.20827110595087,215.17325220352564,3.8852845935424307,0.0,0.0,0.0
std,28.62452551105177,22.264007626381865,0.4147818355138625,0.0,0.0,0.0
