,RMSE,MAE,MAPE,PI Width,CI Coverage,PI Overlap
mean,380.6665201732953,330.45930989583326,5.345553681435519,0.0,0.0,0.0
median,380.7249950002417,330.82403564453125,5.3515186756040265,0.0,0.0,0.0
std,9.97639285849239,8.696993319413023,0.1354558206706589,0.0,0.0,0.0
