,RMSE,MAE,MAPE,PI Width,CI Coverage,PI Overlap
mean,247.24047953694733,191.28594066478587,3.3193032659664516,0.0,0.0,0.0
std,6.932656817450988,6.714129562927803,0.12074649609367426,0.0,0.0,0.0
