,RMSE,MAE,MAPE,PI Width,CI Coverage,PI Overlap
mean,345.39230427307854,296.97720675998266,4.814071750458617,0.0,0.0,0.0
std,34.65839113878896,30.91838745933064,0.47529601951042816,0.0,0.0,0.0
