,RMSE,MAE,MAPE,PI Width,CI Coverage,PI Overlap
mean,473.84853455547926,414.4611287434895,6.7204195606058565,0.0,0.0,0.0
median,478.310335645224,430.6942138671875,6.9437638843316964,0.0,0.0,0.0
std,172.75468902785985,161.8564170241635,2.542190135291834,0.0,0.0,0.0
