,RMSE,MAE,MAPE,PI Width,CI Coverage,PI Overlap
mean,2327.747850293162,2089.228865729438,33.66735767143578,0.0,0.0,0.0
std,1900.0065915063692,1645.932921302956,26.468164396417627,0.0,0.0,0.0
