True,Pred
5750,4721.2773
5399,3987.1174
6123,3357.314
5730,2815.7417
6015,2367.1875
5989,1988.0408
6333,1670.297
6388,1403.0898
6048,1178.7151
6322,990.20483
6405,831.85675
6523,698.83746
