,RMSE,MAE,MAPE,PI Width,CI Coverage,PI Overlap
mean,3090.1427580723275,2965.6303334554036,33.09436457375592,0.0,0.0,0.0
std,15.35825188291972,15.61777754800142,0.1780328009190931,0.0,0.0,0.0
