,RMSE,MAE,MAPE,PI Width,CI Coverage,PI Overlap
mean,840.1921875921024,742.5940646701389,11.907440324111073,0.0,0.0,0.0
median,891.0217775580537,787.8904418945312,12.63483741825777,0.0,0.0,0.0
std,180.52054561008907,162.12042380697696,2.5923463662097004,0.0,0.0,0.0
