,RMSE,MAE,MAPE,PI Width,CI Coverage,PI Overlap
mean,2246.3316484602105,1964.6891594780816,31.575339926675863,0.0,0.0,0.0
median,2059.526729212871,1849.6374715169272,29.717093588592864,0.0,0.0,0.0
std,2394.018532131332,1917.3236294853416,30.611258289511056,0.0,0.0,0.0
