,RMSE,MAE,MAPE,PI Width,CI Coverage,PI Overlap
mean,576.216362316734,513.6628417968751,8.24827915846469,0.0,0.0,0.0
median,577.0117420071563,514.4757486979167,8.261343841139496,0.0,0.0,0.0
std,6.561582331506162,6.581179937121517,0.1057698334140137,0.0,0.0,0.0
