,RMSE,MAE,MAPE,PI Width,CI Coverage,PI Overlap
mean,424.0548259062786,366.7441813151042,5.931356059513578,0.0,0.0,0.0
median,422.5327894806909,367.685302734375,5.9376118168505165,0.0,0.0,0.0
std,79.59652925408778,73.00650417631506,1.1322955366198892,0.0,0.0,0.0
