,RMSE,MAE,MAPE,PI Width,CI Coverage,PI Overlap
mean,424.66699326917376,368.51184488932284,5.963955797391786,0.0,0.0,0.0
median,432.4899568192765,374.77001953125,6.016751506895213,0.0,0.0,0.0
std,153.98873456276226,143.66616963353746,2.2588726395884313,0.0,0.0,0.0
