,RMSE,MAE,MAPE,PI Width,CI Coverage,PI Overlap
mean,279.11549859772913,217.33471163617884,3.922134754500656,0.0,0.0,0.0
median,278.8477896272699,215.94974275914632,3.9131725538305346,0.0,0.0,0.0
std,10.642847443717429,7.865018055210506,0.14846106613049756,0.0,0.0,0.0
