,RMSE,MAE,MAPE,PI Width,CI Coverage,PI Overlap
mean,390.6724873777055,338.16988254123254,5.4667626280291355,0.0,0.0,0.0
median,397.2416320870191,345.41448974609375,5.57227287735341,0.0,0.0,0.0
std,51.57273530314148,46.56089297816434,0.7264989146647292,0.0,0.0,0.0
