,RMSE,MAE,MAPE,PI Width,CI Coverage,PI Overlap
mean,392.8215982002894,338.0316406250001,5.4488382560236825,0.0,0.0,0.0
median,402.1879699570055,345.62589518229163,5.566352206851562,0.0,0.0,0.0
std,23.036341661981325,19.755553070002318,0.30838739171537344,0.0,0.0,0.0
