,RMSE,MAE,MAPE,PI Width,CI Coverage,PI Overlap
mean,583.937118530967,521.393337673611,8.372520292866454,0.0,0.0,0.0
median,583.5721170913212,521.0303141276041,8.36668593787945,0.0,0.0,0.0
std,1.4076771684250289,1.4019767559951166,0.022531954656869906,0.0,0.0,0.0
