,RMSE,MAE,MAPE,PI Width,CI Coverage,PI Overlap
mean,549.3484302378289,438.65197394319273,8.310291123805914,0.0,0.0,0.0
median,549.3476234903146,438.62339889171517,8.309946078627936,0.0,0.0,0.0
std,0.02124586278355308,0.409363921921116,0.00493863924563076,0.0,0.0,0.0
