True,Pred
5750,4727.05
5399,3647.464
6123,3163.3164
5730,1894.6462
6015,2174.889
5989,1478.9036
6333,1423.6578
6388,619.31036
6048,71.22464
6322,-745.8346
6405,-238.66495
6523,-258.47812
