,RMSE,MAE,MAPE,PI Width,CI Coverage,PI Overlap
mean,267.7994237654603,211.73109989872688,3.868506370563528,0.0,0.0,0.0
median,267.78935212754675,211.74765625,3.869033898167463,0.0,0.0,0.0
std,2.343694176512459,0.4403240870136992,0.008071020247717536,0.0,0.0,0.0
