,RMSE,MAE,MAPE,PI Width,CI Coverage,PI Overlap
mean,2829.279061336091,2713.1645138210715,30.270523615209246,0.0,0.0,0.0
std,118.89693434537962,123.60273868294315,1.419070400904105,0.0,0.0,0.0
