,RMSE,MAE,MAPE,PI Width,CI Coverage,PI Overlap
mean,2343.6878960294043,2105.070910856459,34.021158625849814,0.0,0.0,0.0
median,2275.148471454334,2089.6967671712237,33.77373520490122,0.0,0.0,0.0
std,1496.4432943816564,1322.8600273989077,21.38166801978144,0.0,0.0,0.0
