,RMSE,MAE,MAPE,PI Width,CI Coverage,PI Overlap
mean,444.13491110978816,386.49476182725704,6.229009032695208,0.0,0.0,0.0
median,435.5082198670856,377.63702392578125,6.079709720470307,0.0,0.0,0.0
std,98.49011644665138,92.82793937055574,1.474453385867381,0.0,0.0,0.0
