True,Pred
5750,4916.089
5399,4576.262
6123,3462.8315
5730,2614.7002
6015,1318.0658
5989,494.73892
6333,94.972755
6388,583.24536
6048,645.5897
6322,1182.1354
6405,2117.7678
6523,3907.0889
