True,Pred
5750,3144.4333
5399,2056.2993
6123,397.72415
5730,862.9378
6015,2405.4846
5989,2448.509
6333,823.83875
6388,-2445.79
6048,-1469.3567
6322,760.9886
6405,-98.85418
6523,838.92334
