True,Pred
5750,5505.115
5399,4315.225
6123,3320.863
5730,2485.794
6015,2288.2463
5989,2355.258
6333,2253.2573
6388,2017.3309
6048,969.9922
6322,-557.36273
6405,-1984.1041
6523,560.76013
