True,Pred
5750,3137.0583
5399,3277.8777
6123,1928.9033
5730,1717.6202
6015,1256.351
5989,-347.09265
6333,-665.5672
6388,-1960.0314
6048,-618.77637
6322,-177.57318
6405,1104.2327
6523,238.79996
