,RMSE,MAE,MAPE,PI Width,CI Coverage,PI Overlap
mean,441.5124630503487,383.3257853190105,6.2189787333215865,0.0,0.0,0.0
median,409.40255456664704,357.55804443359375,5.784267713108316,0.0,0.0,0.0
std,120.38888555386416,118.07672840273803,1.8535727368883048,0.0,0.0,0.0
