,RMSE,MAE,MAPE,PI Width,CI Coverage,PI Overlap
mean,555.5168262182366,486.7794040256076,7.828124354189524,0.0,0.0,0.0
median,555.8061486156831,484.8573201497396,7.781865050181983,0.0,0.0,0.0
std,160.81503775707668,147.83162975398136,2.3491195217268612,0.0,0.0,0.0
