,RMSE,MAE,MAPE,PI Width,CI Coverage,PI Overlap
mean,416.0547152478817,361.3894924587674,5.834703941786288,0.0,0.0,0.0
median,387.8055357129206,341.66011555989587,5.519066466188033,0.0,0.0,0.0
std,107.95944537779148,100.24562442371554,1.5937641742201596,0.0,0.0,0.0
