,RMSE,MAE,MAPE,PI Width,CI Coverage,PI Overlap
mean,3398.2265942307376,3259.613234795464,36.379483565851665,0.0,0.0,0.0
std,100.33871670925603,98.01087939537014,1.1052387217564135,0.0,0.0,0.0
