,RMSE,MAE,MAPE,PI Width,CI Coverage,PI Overlap
mean,412.1894969988682,356.9070977105035,5.77997420072854,0.0,0.0,0.0
median,393.9002501701877,343.0774129231771,5.555679342036518,0.0,0.0,0.0
std,90.1812536399087,85.26115492894516,1.3363636827241603,0.0,0.0,0.0
