,RMSE,MAE,MAPE,PI Width,CI Coverage,PI Overlap
mean,520.1886047946153,461.5870307074654,7.425104153124618,0.0,0.0,0.0
median,535.5072291922125,475.10428873697913,7.638750045045137,0.0,0.0,0.0
std,59.708093265255634,53.98530436493016,0.8563391167360672,0.0,0.0,0.0
