,RMSE,MAE,MAPE,PI Width,CI Coverage,PI Overlap
mean,491.51819824573187,429.4926730685763,6.920780542676845,0.0,0.0,0.0
median,468.563005417082,402.03778076171875,6.460552388261661,0.0,0.0,0.0
std,135.84540017655527,127.92249502704911,2.0343445086267598,0.0,0.0,0.0
