,RMSE,MAE,MAPE,PI Width,CI Coverage,PI Overlap
mean,369.532286868085,320.98497721354164,5.1772311455737405,0.0,0.0,0.0
median,371.9724368364083,322.9380086263021,5.208118470660773,0.0,0.0,0.0
std,12.254302691199062,11.364269392610485,0.17930965524792994,0.0,0.0,0.0
