,RMSE,MAE,MAPE,PI Width,CI Coverage,PI Overlap
mean,401.4197809108882,347.53198242187506,5.627083259744408,0.0,0.0,0.0
median,375.9613154968435,323.30387369791663,5.233804947482133,0.0,0.0,0.0
std,127.14214789259232,118.57226970324801,1.8812030027615423,0.0,0.0,0.0
