,RMSE,MAE,MAPE,PI Width,CI Coverage,PI Overlap
mean,249.49053189112087,203.86759033203128,3.4432420994353086,0.0,0.0,0.0
median,245.64496023323971,200.57888793945312,3.388083765112131,0.0,0.0,0.0
std,34.5247117970409,31.33431377463469,0.5214030689989585,0.0,0.0,0.0
