,RMSE,MAE,MAPE,PI Width,CI Coverage,PI Overlap
mean,276.1750544971539,213.60362705328527,3.842402488702887,0.0,0.0,0.0
median,276.357536634434,213.42163711939102,3.841335158943343,0.0,0.0,0.0
std,2.5537834948527136,0.9840633672450833,0.034022462466871316,0.0,0.0,0.0
