,RMSE,MAE,MAPE,PI Width,CI Coverage,PI Overlap
mean,323.76610843733954,272.6358751085069,4.4500049643027895,0.0,0.0,0.0
median,310.84166671331684,259.6125691731771,4.248121790002509,0.0,0.0,0.0
std,26.43044666264441,27.257425177354648,0.4190237702549372,0.0,0.0,0.0
