,RMSE,MAE,MAPE,PI Width,CI Coverage,PI Overlap
mean,392.86234784741794,338.4505805121528,5.451906444121401,0.0,0.0,0.0
median,364.10159215215344,313.79730224609375,5.062625229365358,0.0,0.0,0.0
std,44.80533805770079,38.60029449989227,0.6091596408820792,0.0,0.0,0.0
