,RMSE,MAE,MAPE,PI Width,CI Coverage,PI Overlap
mean,390.4268514056264,341.13031141493053,5.544880327966041,0.0,0.0,0.0
median,368.9919960422545,318.09564208984375,5.144337151586353,0.0,0.0,0.0
std,66.44882035814724,72.63367814268112,1.2616756067526722,0.0,0.0,0.0
