,RMSE,MAE,MAPE,PI Width,CI Coverage,PI Overlap
mean,491.1018435978641,428.9162828233506,6.903966326906227,0.0,0.0,0.0
std,91.86305759445438,85.34969027725626,1.354776021332553,0.0,0.0,0.0
