,RMSE,MAE,MAPE,PI Width,CI Coverage,PI Overlap
mean,326.05992595331895,257.074561866554,4.475831290879643,0.0,0.0,0.0
std,43.7358221069257,43.72348550436913,0.7162882282108805,0.0,0.0,0.0
