,RMSE,MAE,MAPE,PI Width,CI Coverage,PI Overlap
mean,268.806851640047,218.0117540724734,3.9704569490913664,0.0,0.0,0.0
median,259.84318101159926,216.50174015126328,3.9466373294935284,0.0,0.0,0.0
std,16.77896790745389,9.955976746059445,0.1676620469987394,0.0,0.0,0.0
