,RMSE,MAE,MAPE,PI Width,CI Coverage,PI Overlap
mean,300.35094207905263,250.87515597873258,4.113807248863176,0.0,0.0,0.0
std,38.88940539687893,36.87975062108216,0.5752009330435716,0.0,0.0,0.0
