,RMSE,MAE,MAPE,PI Width,CI Coverage,PI Overlap
mean,337.65940481470085,290.5176744249132,4.695741182379324,0.0,0.0,0.0
std,15.713621963964536,14.01849585303385,0.22115808197883557,0.0,0.0,0.0
