,RMSE,MAE,MAPE,PI Width,CI Coverage,PI Overlap
mean,447.6491467333137,388.20963134765617,6.253386691916926,0.0,0.0,0.0
median,437.1045575643684,377.28885904947913,6.07857484856971,0.0,0.0,0.0
std,89.99492751477885,83.29675476763812,1.3193799869134328,0.0,0.0,0.0
