,RMSE,MAE,MAPE,PI Width,CI Coverage,PI Overlap
mean,380.1299678172726,326.52449679904515,5.267527793161122,0.0,0.0,0.0
median,379.7778724602531,325.83534749348956,5.255203893246675,0.0,0.0,0.0
std,6.265934849796204,5.782284487399105,0.09285415162277035,0.0,0.0,0.0
