,RMSE,MAE,MAPE,PI Width,CI Coverage,PI Overlap
mean,2823.616103819533,2697.2819780137806,30.05318769551555,0.0,0.0,0.0
std,354.57481325058507,361.67034475082187,4.11122504972673,0.0,0.0,0.0
