,RMSE,MAE,MAPE,PI Width,CI Coverage,PI Overlap
mean,408.8099608988239,351.925104437934,5.8284767645110565,0.0,0.0,0.0
median,352.3208011445788,290.4022623697917,4.854262160567275,0.0,0.0,0.0
std,163.52358930355558,170.36620140861788,2.780904810059756,0.0,0.0,0.0
