,RMSE,MAE,MAPE,PI Width,CI Coverage,PI Overlap
mean,354.431337883649,305.5783745659722,4.933948400395411,0.0,0.0,0.0
median,354.46912370751426,305.4750569661458,4.932448167216368,0.0,0.0,0.0
std,1.134423761991895,1.1424535282841293,0.01794685358645307,0.0,0.0,0.0
