,RMSE,MAE,MAPE,PI Width,CI Coverage,PI Overlap
mean,264.4357506426956,219.25262858072918,3.6443821040354427,0.0,0.0,0.0
median,261.73427373521315,217.62089029947916,3.6154085528622586,0.0,0.0,0.0
std,12.552434311763411,12.268996854163099,0.1784884015055473,0.0,0.0,0.0
