,RMSE,MAE,MAPE,PI Width,CI Coverage,PI Overlap
mean,522.8377321436487,454.93337537977425,7.3198770232941035,0.0,0.0,0.0
median,520.1144757776119,450.96590169270837,7.23738001293432,0.0,0.0,0.0
std,174.50956402487813,158.48201841523286,2.5132736584557787,0.0,0.0,0.0
