,RMSE,MAE,MAPE,PI Width,CI Coverage,PI Overlap
mean,492.2378573200663,426.773193359375,6.8816614285693065,0.0,0.0,0.0
median,489.11963245571246,419.40897623697913,6.73059966938991,0.0,0.0,0.0
std,173.82719070905927,160.08958428363516,2.5263046806886478,0.0,0.0,0.0
