,RMSE,MAE,MAPE,PI Width,CI Coverage,PI Overlap
mean,260.095238401172,212.01752097800923,3.9086783406895993,0.0,0.0,0.0
median,256.75081182465937,208.0523220486111,3.8246422461372456,0.0,0.0,0.0
std,13.613431666946111,11.24330352886227,0.24581841589775577,0.0,0.0,0.0
