,RMSE,MAE,MAPE,PI Width,CI Coverage,PI Overlap
mean,542.6216045919846,477.8845364040798,7.672051504880567,0.0,0.0,0.0
median,545.2848795812947,480.275146484375,7.710257510835758,0.0,0.0,0.0
std,14.717223113585842,14.037467354422517,0.22488414601951107,0.0,0.0,0.0
