,RMSE,MAE,MAPE,PI Width,CI Coverage,PI Overlap
mean,415.3640353975897,320.2384783488949,5.657521715300567,0.0,0.0,0.0
std,122.19341100604348,96.04615200947184,1.7016216653360232,0.0,0.0,0.0
