,RMSE,MAE,MAPE,PI Width,CI Coverage,PI Overlap
mean,277.83207125898815,234.18646104600694,3.8051061121360252,0.0,0.0,0.0
median,277.68630108220714,234.1672566731771,3.804630879042281,0.0,0.0,0.0
std,8.220990622019569,8.460563386065566,0.1335636105568636,0.0,0.0,0.0
