,RMSE,MAE,MAPE,PI Width,CI Coverage,PI Overlap
mean,2962.591037623123,2849.663290405273,31.830658156081018,0.0,0.0,0.0
std,141.0346483890285,144.41430623470467,1.651546593958236,0.0,0.0,0.0
