,RMSE,MAE,MAPE,PI Width,CI Coverage,PI Overlap
mean,436.99292437457973,381.8822875976563,6.200628444526937,0.0,0.0,0.0
median,412.49975581844126,361.1418253580729,5.851322425736982,0.0,0.0,0.0
std,153.93250530773255,144.23278449166037,2.2620803154173155,0.0,0.0,0.0
