,RMSE,MAE,MAPE,PI Width,CI Coverage,PI Overlap
mean,684.3722841482637,599.7466172960069,9.625403124500755,0.0,0.0,0.0
median,597.7458842980377,527.4333902994791,8.465783898345784,0.0,0.0,0.0
std,269.491729037679,238.84808920377174,3.8151905612400245,0.0,0.0,0.0
