,RMSE,MAE,MAPE,PI Width,CI Coverage,PI Overlap
mean,3645.0114457638183,3146.8650721444033,50.67406932042545,0.0,0.0,0.0
median,2342.8493578048074,2180.236338297526,35.22502893739835,0.0,0.0,0.0
std,4977.478406744137,3888.5278534969857,62.08347658968037,0.0,0.0,0.0
