True,Pred
5750,4527.483
5399,3368.2612
6123,2963.95
5730,1590.1477
6015,80.079796
5989,161.36568
6333,812.1957
6388,925.6989
6048,566.2123
6322,297.87723
6405,449.76236
6523,424.8916
