,RMSE,MAE,MAPE,PI Width,CI Coverage,PI Overlap
mean,356.12132326765897,305.3105794270834,4.947773069789944,0.0,0.0,0.0
median,352.74446386960466,303.7788899739583,4.9226745545328665,0.0,0.0,0.0
std,28.01679858046498,25.67998511396641,0.39540773498497445,0.0,0.0,0.0
