,RMSE,MAE,MAPE,PI Width,CI Coverage,PI Overlap
mean,2581.0168658730754,2448.550021701389,27.215266808579127,0.0,0.0,0.0
std,331.3013963528894,331.3757860239222,3.7448314039981154,0.0,0.0,0.0
