,RMSE,MAE,MAPE,PI Width,CI Coverage,PI Overlap
mean,552.406253486153,489.55041503906244,7.8607548260883755,0.0,0.0,0.0
median,553.606177246977,490.8089599609375,7.880981607304294,0.0,0.0,0.0
std,8.41451555088932,8.618267060242653,0.1385090029430258,0.0,0.0,0.0
