,RMSE,MAE,MAPE,PI Width,CI Coverage,PI Overlap
mean,554.3625715616993,491.53778754340277,7.892695004099613,0.0,0.0,0.0
median,556.563470526932,493.82470703125,7.929449369665047,0.0,0.0,0.0
std,9.782553559985098,10.01979545864544,0.16103375179359597,0.0,0.0,0.0
