,RMSE,MAE,MAPE,PI Width,CI Coverage,PI Overlap
mean,353.97457195147507,304.3218994140625,4.914429380651418,0.0,0.0,0.0
median,353.66555867477723,304.151611328125,4.911655077431979,0.0,0.0,0.0
std,1.448701077630786,1.5313566604585753,0.023971205931189187,0.0,0.0,0.0
