,RMSE,MAE,MAPE,PI Width,CI Coverage,PI Overlap
mean,2573.166701260966,2443.842661878798,27.17407048743237,0.0,0.0,0.0
std,305.65306710088055,311.15060591470814,3.5351641249008092,0.0,0.0,0.0
