,RMSE,MAE,MAPE,PI Width,CI Coverage,PI Overlap
mean,528.1948913949412,459.8895562065972,7.394961003193723,0.0,0.0,0.0
median,424.3947529096474,368.1374104817708,5.936232087167799,0.0,0.0,0.0
std,136.55704038967107,120.62366611742756,1.9168071733080776,0.0,0.0,0.0
