,RMSE,MAE,MAPE,PI Width,CI Coverage,PI Overlap
mean,450.0408045684686,389.3239474826389,6.268796682118558,0.0,0.0,0.0
median,450.0053689353558,389.29986572265625,6.2684388732276375,0.0,0.0,0.0
std,4.758258489079805,3.893704397209489,0.061119742108644834,0.0,0.0,0.0
