,RMSE,MAE,MAPE,PI Width,CI Coverage,PI Overlap
mean,421.0948310251437,364.1105685763888,5.865883324836104,0.0,0.0,0.0
median,409.5002754865436,353.9211018880208,5.703243753132567,0.0,0.0,0.0
std,61.20392672733533,55.927284977391245,0.8838230822936496,0.0,0.0,0.0
