,RMSE,MAE,MAPE,PI Width,CI Coverage,PI Overlap
mean,2612.0811405152353,2286.559899436103,36.961179356011606,0.0,0.0,0.0
median,1876.2043703199497,1612.9817810058594,25.80483869544493,0.0,0.0,0.0
std,2371.810347362488,2141.3808692253174,34.61818525816587,0.0,0.0,0.0
