,RMSE,MAE,MAPE,PI Width,CI Coverage,PI Overlap
mean,657.5177931799586,576.3147908528646,9.27850203388738,0.0,0.0,0.0
median,611.7315173630323,542.2733764648438,8.722256085237962,0.0,0.0,0.0
std,242.34530344489713,219.83106575177774,3.4848342875091634,0.0,0.0,0.0
