,RMSE,MAE,MAPE,PI Width,CI Coverage,PI Overlap
mean,319.78492516502325,264.5720707094766,4.760092524090251,0.0,0.0,0.0
std,35.5837801167412,39.36896877606413,0.7504344021600868,0.0,0.0,0.0
