,RMSE,MAE,MAPE,PI Width,CI Coverage,PI Overlap
mean,258.46616922406423,207.143583984375,3.769787501461508,0.0,0.0,0.0
median,253.50488312465768,204.65179578993053,3.7145631831424892,0.0,0.0,0.0
std,15.302573174906739,11.449239579178434,0.20124990851492172,0.0,0.0,0.0
