,RMSE,MAE,MAPE,PI Width,CI Coverage,PI Overlap
mean,658.5234324679382,592.0394436306423,9.507909566932188,0.0,0.0,0.0
median,659.418963172637,593.7792358398438,9.534743101622055,0.0,0.0,0.0
std,83.16963291926292,80.48710994282484,1.2950645492771735,0.0,0.0,0.0
