,RMSE,MAE,MAPE,PI Width,CI Coverage,PI Overlap
mean,6006.321306173282,4783.200060081483,76.95909536570835,0.0,0.0,0.0
median,2653.277131191164,2263.7334925333657,36.57316124989738,0.0,0.0,0.0
std,12122.705342611907,9382.861774300201,149.2763831421462,0.0,0.0,0.0
