True,Pred
5750,6805.536
5399,7748.7866
6123,8546.857
5730,10402.344
6015,9719.141
5989,11895.941
6333,11831.691
6388,9741.885
6048,10454.19
6322,5168.9917
6405,-583.79816
6523,87.601845
