,RMSE,MAE,MAPE,PI Width,CI Coverage,PI Overlap
mean,253.15778869719372,205.5506991464121,3.778250938155845,0.0,0.0,0.0
median,249.87684025038695,201.288232421875,3.6489678206105927,0.0,0.0,0.0
std,18.45006543056622,17.295232815335023,0.3495015794362329,0.0,0.0,0.0
