,RMSE,MAE,MAPE,PI Width,CI Coverage,PI Overlap
mean,438.69149060776584,377.72978108723964,6.100507116180501,0.0,0.0,0.0
median,423.0516538682705,364.58992513020837,5.875623865674653,0.0,0.0,0.0
std,114.5141527763492,105.64118300294344,1.6583169299823686,0.0,0.0,0.0
