,RMSE,MAE,MAPE,PI Width,CI Coverage,PI Overlap
mean,296.36892411864886,228.40743696011177,4.146550923571318,0.0,0.0,0.0
median,291.62843767810875,223.9332186070884,4.056298438453448,0.0,0.0,0.0
std,17.112010869127644,14.609294101633843,0.28493206961144746,0.0,0.0,0.0
