,RMSE,MAE,MAPE,PI Width,CI Coverage,PI Overlap
mean,449.082713522229,389.8340142144097,6.282421047538154,0.0,0.0,0.0
median,446.4243279241382,385.68975830078125,6.209607964034937,0.0,0.0,0.0
std,53.3632709519919,47.56825824733516,0.7427735174629935,0.0,0.0,0.0
