,RMSE,MAE,MAPE,PI Width,CI Coverage,PI Overlap
mean,459.40829151311374,404.70248074001734,6.543990442472157,0.0,0.0,0.0
median,414.9671921099332,360.3495076497396,5.818686576278042,0.0,0.0,0.0
std,225.54652963286472,228.88444820272048,3.737055562203554,0.0,0.0,0.0
