,RMSE,MAE,MAPE,PI Width,CI Coverage,PI Overlap
mean,708.9486129549756,626.4878092447917,10.053486111282345,0.0,0.0,0.0
median,660.3655493148027,586.2203369140625,9.408614694354874,0.0,0.0,0.0
std,196.97649711826585,177.98263870869235,2.8451805580300777,0.0,0.0,0.0
