,RMSE,MAE,MAPE,PI Width,CI Coverage,PI Overlap
mean,433.39589084618126,374.659632703993,6.027238049715986,0.0,0.0,0.0
median,421.01860456062946,365.74932861328125,5.888637435832656,0.0,0.0,0.0
std,67.12066684558339,61.23509476851099,0.9723627643315509,0.0,0.0,0.0
