,RMSE,MAE,MAPE,PI Width,CI Coverage,PI Overlap
mean,365.2720993269872,312.7220526801215,5.056313314276352,0.0,0.0,0.0
median,359.42755634077264,308.7409464518229,4.9917642189977744,0.0,0.0,0.0
std,49.00309372677993,43.68344169541912,0.6833978919325876,0.0,0.0,0.0
