,RMSE,MAE,MAPE,PI Width,CI Coverage,PI Overlap
mean,466.352019321636,404.2945665147569,6.5158243740111415,0.0,0.0,0.0
median,418.4683043640014,363.14621988932294,5.858070855266922,0.0,0.0,0.0
std,138.98728511007883,124.37843920635513,1.9686394802307725,0.0,0.0,0.0
