,RMSE,MAE,MAPE,PI Width,CI Coverage,PI Overlap
mean,316.8285650827768,267.54871002906975,4.9434158419158285,0.0,0.0,0.0
std,63.52826428476559,60.142070439845625,1.1185068142584156,0.0,0.0,0.0
