,RMSE,MAE,MAPE,PI Width,CI Coverage,PI Overlap
mean,344.9865743849674,296.43327907986105,4.811432572884992,0.0,0.0,0.0
median,343.97600232458524,295.35721842447913,4.788218547263202,0.0,0.0,0.0
std,5.299043353843431,5.776589589372845,0.12993698954493468,0.0,0.0,0.0
