,RMSE,MAE,MAPE,PI Width,CI Coverage,PI Overlap
mean,522.6385780618509,458.5822075737848,7.363047397325123,0.0,0.0,0.0
median,524.7036818405234,460.8687744140625,7.399796095293707,0.0,0.0,0.0
std,13.708307188795168,14.504332926227043,0.23310726830839731,0.0,0.0,0.0
