,RMSE,MAE,MAPE,PI Width,CI Coverage,PI Overlap
mean,519.0475572515763,454.8043334960938,7.302331066536777,0.0,0.0,0.0
median,519.8873236659729,455.7894287109375,7.318163082064367,0.0,0.0,0.0
std,12.449449113156051,13.253458153420166,0.21300375748942277,0.0,0.0,0.0
