,RMSE,MAE,MAPE,PI Width,CI Coverage,PI Overlap
mean,488.93667382658657,369.8823750813802,6.90085464110865,0.0,0.0,0.0
median,488.6896000511824,369.599462890625,6.89443737501184,0.0,0.0,0.0
std,0.6422706194150288,3.0083250175401206,0.03441195562437363,0.0,0.0,0.0
