,RMSE,MAE,MAPE,PI Width,CI Coverage,PI Overlap
mean,307.7715339881101,264.434465874566,4.289265906933952,0.0,0.0,0.0
std,18.29810545159257,16.120073052800155,0.2485024208152794,0.0,0.0,0.0
