,RMSE,MAE,MAPE,PI Width,CI Coverage,PI Overlap
mean,2432.743264248873,2205.101305304633,35.552124800971114,0.0,0.0,0.0
median,2658.247023412925,2358.8448689778647,37.98764895975023,0.0,0.0,0.0
std,1261.184280048202,1181.5134794653184,19.097136302148915,0.0,0.0,0.0
