True,Pred
5750,4011.723
5399,3624.4092
6123,2748.7466
5730,2312.346
6015,1813.1952
5989,1487.3572
6333,1182.3892
6388,960.33014
6048,768.6941
6322,621.42474
6405,499.00958
6523,402.5449
