True,Pred
5750,4909.1226
5399,4031.0771
6123,3291.3835
5730,2684.757
6015,2189.5623
5989,1785.6582
6333,1456.2631
6388,1187.6388
6048,968.575
6322,789.9277
6405,644.24023
6523,525.43164
