,RMSE,MAE,MAPE,PI Width,CI Coverage,PI Overlap
mean,479.97209470289306,419.9863864474827,6.7457307609091375,0.0,0.0,0.0
median,478.8703317323962,419.04925537109375,6.7308201666627,0.0,0.0,0.0
std,10.02544478036066,9.486126080927491,0.15171810245482126,0.0,0.0,0.0
