,RMSE,MAE,MAPE,PI Width,CI Coverage,PI Overlap
mean,334.9869966610098,285.9238810221354,4.653710390206825,0.0,0.0,0.0
median,335.0235094231769,286.06522623697913,4.655848202650939,0.0,0.0,0.0
std,0.8593890198406966,0.84142707290757,0.01366112533080114,0.0,0.0,0.0
