,RMSE,MAE,MAPE,PI Width,CI Coverage,PI Overlap
mean,356.172083869992,305.2671671549479,4.938222550988556,0.0,0.0,0.0
median,323.96100883149063,278.04339599609375,4.509217074802366,0.0,0.0,0.0
std,70.69918784312566,63.75056170523474,0.9949809395253613,0.0,0.0,0.0
