,RMSE,MAE,MAPE,PI Width,CI Coverage,PI Overlap
mean,254.85047389043763,218.69269612630205,3.643839899267903,0.0,0.0,0.0
median,254.7163428984707,218.76717122395831,3.6464895495289062,0.0,0.0,0.0
std,3.569624121960003,2.5700650742637414,0.040859016086264896,0.0,0.0,0.0
