,RMSE,MAE,MAPE,PI Width,CI Coverage,PI Overlap
mean,512.303264910746,448.36944308810774,7.199217240396407,0.0,0.0,0.0
median,492.17656252376287,428.9262288411458,6.887752839293937,0.0,0.0,0.0
std,33.11326782151627,31.640992939177195,0.5067344692238591,0.0,0.0,0.0
