,RMSE,MAE,MAPE,PI Width,CI Coverage,PI Overlap
mean,284.07397589470276,230.32642686631945,4.203460609169286,0.0,0.0,0.0
median,272.7116858424708,222.833251953125,4.073935357816785,0.0,0.0,0.0
std,37.88392830612355,32.322295061829045,0.5513188073061837,0.0,0.0,0.0
