,RMSE,MAE,MAPE,PI Width,CI Coverage,PI Overlap
mean,352.77873349593233,301.3508382161459,4.9112267841331265,0.0,0.0,0.0
median,325.6688171803538,275.58317057291663,4.480148917567297,0.0,0.0,0.0
std,101.4179965521542,96.24533293927517,1.5108603058864472,0.0,0.0,0.0
