,RMSE,MAE,MAPE,PI Width,CI Coverage,PI Overlap
mean,511.11987989574783,438.49654812282984,7.040914164604754,0.0,0.0,0.0
median,511.45090937608063,438.6443074544271,7.043028544375271,0.0,0.0,0.0
std,5.494782042391098,4.528666263336674,0.0714846383648062,0.0,0.0,0.0
