,RMSE,MAE,MAPE,PI Width,CI Coverage,PI Overlap
mean,385.53570231952614,317.3869454520089,5.700893313096715,0.0,0.0,0.0
median,382.88372420373713,315.2169131324405,5.639942021645913,0.0,0.0,0.0
std,38.76433495026928,33.396821539764915,0.622223564665679,0.0,0.0,0.0
