,RMSE,MAE,MAPE,PI Width,CI Coverage,PI Overlap
mean,671.6686982603035,599.7923489040799,9.62843904691552,0.0,0.0,0.0
median,687.6088654383725,612.88232421875,9.83558600217659,0.0,0.0,0.0
std,96.39724641816373,90.73886573654192,1.4547431519063785,0.0,0.0,0.0
