,RMSE,MAE,MAPE,PI Width,CI Coverage,PI Overlap
mean,446.7128782323091,384.28060980902774,6.184733375858467,0.0,0.0,0.0
median,460.91337800080134,397.4043782552083,6.3825766102390435,0.0,0.0,0.0
std,58.705979020302536,55.643934849611355,0.8471284009354672,0.0,0.0,0.0
