,RMSE,MAE,MAPE,PI Width,CI Coverage,PI Overlap
mean,278.52401069262197,215.18466671674682,3.894505412121952,0.0,0.0,0.0
std,3.1179500274418666,3.571767389882872,0.06900662655140534,0.0,0.0,0.0
