,RMSE,MAE,MAPE,PI Width,CI Coverage,PI Overlap
mean,316.9580600317293,270.7034423828125,4.394059394091295,0.0,0.0,0.0
std,24.94887565953262,23.086786462624644,0.3588701888836705,0.0,0.0,0.0
