,RMSE,MAE,MAPE,PI Width,CI Coverage,PI Overlap
mean,3294.9273181983976,3153.0563079833983,35.16016227940076,0.0,0.0,0.0
std,60.90773737194377,57.98045765384025,0.6488634218671104,0.0,0.0,0.0
