,RMSE,MAE,MAPE,PI Width,CI Coverage,PI Overlap
mean,708.9539472012133,626.813365342882,10.05667383901163,0.0,0.0,0.0
median,701.3197714243142,628.3371988932291,10.08746231934635,0.0,0.0,0.0
std,208.59553549965435,188.77594766760873,3.017309962563733,0.0,0.0,0.0
