,RMSE,MAE,MAPE,PI Width,CI Coverage,PI Overlap
mean,475.74423455560975,412.229778374566,6.643827964429202,0.0,0.0,0.0
median,488.9509857722086,421.34340413411456,6.7655738576033,0.0,0.0,0.0
std,74.22655481880699,70.1720648505906,1.0734669281311773,0.0,0.0,0.0
