True,Pred
5750,4108.1177
5399,3909.8523
6123,3242.5857
5730,3039.8389
6015,1692.831
5989,1036.9089
6333,-128.71735
6388,785.90845
6048,-583.93207
6322,-646.8489
6405,100.88659
6523,1508.9407
