,RMSE,MAE,MAPE,PI Width,CI Coverage,PI Overlap
mean,370.29163579105517,320.5366387261285,5.213232780132415,0.0,0.0,0.0
std,122.3745192065221,112.23829323258128,1.753008398108153,0.0,0.0,0.0
