,RMSE,MAE,MAPE,PI Width,CI Coverage,PI Overlap
mean,255.1831924557874,202.46206186655405,3.5841222016735776,0.0,0.0,0.0
std,22.29337335563079,18.37008171098757,0.36392378529551145,0.0,0.0,0.0
