,RMSE,MAE,MAPE,PI Width,CI Coverage,PI Overlap
mean,2817.553059447718,2692.3746324327253,29.998043336349795,0.0,0.0,0.0
std,192.264322037741,193.86242534943935,2.1965297925831235,0.0,0.0,0.0
