,RMSE,MAE,MAPE,PI Width,CI Coverage,PI Overlap
mean,629.0646336037512,558.0866861979167,8.955240934283,0.0,0.0,0.0
median,625.7402495323149,555.1764526367188,8.908773985240995,0.0,0.0,0.0
std,23.114859579204385,21.042443594597465,0.33665675630255987,0.0,0.0,0.0
