,RMSE,MAE,MAPE,PI Width,CI Coverage,PI Overlap
mean,479.1322411070583,417.43440755208326,6.714228593184803,0.0,0.0,0.0
median,445.1990549403365,382.7804158528646,6.14598027380622,0.0,0.0,0.0
std,136.52043609737575,125.7376630317713,2.0062784237207816,0.0,0.0,0.0
