,RMSE,MAE,MAPE,PI Width,CI Coverage,PI Overlap
mean,492.6383676067854,434.1878716362847,6.989969399022846,0.0,0.0,0.0
median,467.27845504809284,402.54787190755206,6.4654182973827785,0.0,0.0,0.0
std,99.36311759993714,96.78331628754007,1.5409566131747325,0.0,0.0,0.0
