,RMSE,MAE,MAPE,PI Width,CI Coverage,PI Overlap
mean,409.70968108698355,356.49305419921876,5.765415179287733,0.0,0.0,0.0
median,400.50536040546336,349.72292073567706,5.665730466335788,0.0,0.0,0.0
std,34.793808678416056,29.516906409280853,0.4569825425680349,0.0,0.0,0.0
