,RMSE,MAE,MAPE,PI Width,CI Coverage,PI Overlap
mean,382.3201789115334,324.6326049804687,5.274064381188011,0.0,0.0,0.0
median,445.0895569781777,383.99257405598956,6.171392112372179,0.0,0.0,0.0
std,111.21571848411469,104.55297468369234,1.596832594504193,0.0,0.0,0.0
