,RMSE,MAE,MAPE,PI Width,CI Coverage,PI Overlap
mean,454.52146354408006,395.051597764757,6.365630212218458,0.0,0.0,0.0
median,462.5716271837183,399.0511474609375,6.409047793554933,0.0,0.0,0.0
std,152.76896765731496,142.17356688013933,2.256510941789505,0.0,0.0,0.0
