,RMSE,MAE,MAPE,PI Width,CI Coverage,PI Overlap
mean,216.70385196112971,182.89889187282986,3.04030609028704,0.0,0.0,0.0
std,1.5801969042780866,1.603182283431343,0.023314244470470744,0.0,0.0,0.0
