,RMSE,MAE,MAPE,PI Width,CI Coverage,PI Overlap
mean,658.4058573001171,578.8993109809028,9.298060103670446,0.0,0.0,0.0
median,696.6089491033631,612.4892781575521,9.819231266560108,0.0,0.0,0.0
std,200.6986114296853,181.40207240036966,2.8845070443156335,0.0,0.0,0.0
