True,Pred
5750,3920.9111
5399,3554.063
6123,1945.0067
5730,2030.7133
6015,1075.5171
5989,1307.5582
6333,638.7143
6388,911.0794
6048,439.116
6322,660.67694
6405,313.16318
6523,484.43896
