,RMSE,MAE,MAPE,PI Width,CI Coverage,PI Overlap
mean,450.8905007111167,331.83195672286183,6.12827876146701,0.0,0.0,0.0
median,447.45011466694325,329.2640830592105,6.06800665077386,0.0,0.0,0.0
std,8.37927737588131,8.783318972349106,0.13530363925991626,0.0,0.0,0.0
