,RMSE,MAE,MAPE,PI Width,CI Coverage,PI Overlap
mean,352.8084451931111,303.3975599500869,4.909696404408578,0.0,0.0,0.0
median,349.5654458155965,300.4938557942708,4.865029752818082,0.0,0.0,0.0
std,9.532101704269463,8.477497957383994,0.1314797036553774,0.0,0.0,0.0
