,RMSE,MAE,MAPE,PI Width,CI Coverage,PI Overlap
mean,2902.331765836877,2781.6584221733933,31.02583819032943,0.0,0.0,0.0
std,61.75961905927106,62.06028431088302,0.7036727764424753,0.0,0.0,0.0
