,RMSE,MAE,MAPE,PI Width,CI Coverage,PI Overlap
mean,473.11659761789565,408.5162041558159,6.612673068491656,0.0,0.0,0.0
median,481.4134725956245,428.75433349609375,6.916946057430966,0.0,0.0,0.0
std,165.03027083375582,156.59046133886693,2.4633500211637753,0.0,0.0,0.0
