,RMSE,MAE,MAPE,PI Width,CI Coverage,PI Overlap
mean,438.80036668182885,381.28531222873266,6.143965820508799,0.0,0.0,0.0
median,435.849073464711,376.48736572265625,6.052721724919053,0.0,0.0,0.0
std,120.68986243279285,109.53969799574716,1.7231872701487032,0.0,0.0,0.0
