,RMSE,MAE,MAPE,PI Width,CI Coverage,PI Overlap
mean,333.4618219327105,284.84348958333334,4.639028142143526,0.0,0.0,0.0
median,334.68227950612146,286.10955810546875,4.66023050306937,0.0,0.0,0.0
std,3.9114573026607777,4.069754877633417,0.061723667770073445,0.0,0.0,0.0
