,RMSE,MAE,MAPE,PI Width,CI Coverage,PI Overlap
mean,349.3302432890826,303.7504692925347,4.901741890423235,0.0,0.0,0.0
std,9.8491792071508,8.911866928130088,0.1405442359020917,0.0,0.0,0.0
