,RMSE,MAE,MAPE,PI Width,CI Coverage,PI Overlap
mean,271.7792458632161,216.71664713541665,3.9691483279165944,0.0,0.0,0.0
std,0.436904812407759,0.6084141035461973,0.01243709713115808,0.0,0.0,0.0
