,RMSE,MAE,MAPE,PI Width,CI Coverage,PI Overlap
mean,271.18311224971245,219.38281385633684,3.6931761344985525,0.0,0.0,0.0
median,223.95123934322896,177.56880696614581,3.012310904303705,0.0,0.0,0.0
std,123.18272485561482,115.37867083242335,1.8099765789141893,0.0,0.0,0.0
