,RMSE,MAE,MAPE,PI Width,CI Coverage,PI Overlap
mean,3021.2511251140695,2912.8108286539714,32.56599386829639,0.0,0.0,0.0
std,107.88831518765096,111.37046942153523,1.2778347063632591,0.0,0.0,0.0
