,RMSE,MAE,MAPE,PI Width,CI Coverage,PI Overlap
mean,693.1181006151074,612.9861341688369,9.842752402408324,0.0,0.0,0.0
median,710.6839049552658,629.2551472981771,10.102625674653535,0.0,0.0,0.0
std,117.16765915973997,103.96374198160085,1.6563441329324151,0.0,0.0,0.0
