,RMSE,MAE,MAPE,PI Width,CI Coverage,PI Overlap
mean,249.2493806921701,206.36334309895827,3.6026760014475787,0.0,0.0,0.0
median,243.3072030013608,203.6314208984375,3.563355016730907,0.0,0.0,0.0
std,34.64211191929655,28.614084825289613,0.46320720007389254,0.0,0.0,0.0
