,RMSE,MAE,MAPE,PI Width,CI Coverage,PI Overlap
mean,359.51947746313203,281.0569028012387,4.954605284004704,0.0,0.0,0.0
std,51.53004184270616,54.24960161787186,0.863636116106086,0.0,0.0,0.0
