,RMSE,MAE,MAPE,PI Width,CI Coverage,PI Overlap
mean,294.560448312951,246.94338921440968,4.0851162191132895,0.0,0.0,0.0
median,280.1166025795709,230.18857828776044,3.806574149423846,0.0,0.0,0.0
std,32.867696161163636,32.253190412480684,0.5009792206368389,0.0,0.0,0.0
