,RMSE,MAE,MAPE,PI Width,CI Coverage,PI Overlap
mean,411.6407976459542,357.59552273220487,5.7834846713494885,0.0,0.0,0.0
median,402.556843521612,352.14833577473956,5.698362113309827,0.0,0.0,0.0
std,43.988620035836185,38.032731794896485,0.5828607419922525,0.0,0.0,0.0
