,RMSE,MAE,MAPE,PI Width,CI Coverage,PI Overlap
mean,222.76239378876164,185.75625271267364,3.076739284655863,0.0,0.0,0.0
median,217.26218314564636,182.46891276041666,3.027139899639902,0.0,0.0,0.0
std,22.753106874487603,20.39752123136946,0.310595174503307,0.0,0.0,0.0
