,RMSE,MAE,MAPE,PI Width,CI Coverage,PI Overlap
mean,448.53478615437393,389.7005208333333,6.270232241552536,0.0,0.0,0.0
median,433.6569696300604,374.7265828450521,6.026524081762363,0.0,0.0,0.0
std,76.10341149801891,71.63361570677884,1.13965443199549,0.0,0.0,0.0
