,RMSE,MAE,MAPE,PI Width,CI Coverage,PI Overlap
mean,1805.606714931971,1627.7255206637913,26.276722117311305,0.0,0.0,0.0
median,1755.832553552807,1598.3525390625,25.671932938516207,0.0,0.0,0.0
std,892.6778907704931,832.3369722024519,13.41461087868192,0.0,0.0,0.0
