,RMSE,MAE,MAPE,PI Width,CI Coverage,PI Overlap
mean,391.57862808437494,338.4436659071181,5.479439346925114,0.0,0.0,0.0
median,350.36246548300676,302.29209391276044,4.89417231687635,0.0,0.0,0.0
std,141.81498024590553,130.11649856122196,2.0574313783332414,0.0,0.0,0.0
