,RMSE,MAE,MAPE,PI Width,CI Coverage,PI Overlap
mean,471.15401982453693,412.1246975368923,6.630159712534767,0.0,0.0,0.0
median,451.50940187809016,392.91402180989587,6.321413219754628,0.0,0.0,0.0
std,96.26460637865502,89.48759155101561,1.4204645989051106,0.0,0.0,0.0
