,RMSE,MAE,MAPE,PI Width,CI Coverage,PI Overlap
mean,289.2818896010894,225.35029555812028,4.105008771136272,0.0,0.0,0.0
median,286.4526112487631,224.17580899325282,4.064270596177325,0.0,0.0,0.0
std,14.876275147376479,13.878517951406382,0.27714100277502557,0.0,0.0,0.0
