,RMSE,MAE,MAPE,PI Width,CI Coverage,PI Overlap
mean,1959.2136799952,1727.011808268229,27.73121197155808,0.0,0.0,0.0
median,1888.2059319650648,1646.251729329427,26.475674106596593,0.0,0.0,0.0
std,779.1634008543217,708.1758870662267,11.385023383572838,0.0,0.0,0.0
