,RMSE,MAE,MAPE,PI Width,CI Coverage,PI Overlap
mean,297.3910058403845,242.733563458478,4.169589749453813,0.0,0.0,0.0
median,283.9915003677937,228.9381306966146,3.950014246937859,0.0,0.0,0.0
std,71.42581905002235,70.46035325301263,1.2468176920541612,0.0,0.0,0.0
