,RMSE,MAE,MAPE,PI Width,CI Coverage,PI Overlap
mean,295.5262365214828,230.8078942587209,4.258353927101994,0.0,0.0,0.0
std,18.886840369590608,16.83714527324761,0.3369046729699068,0.0,0.0,0.0
