,RMSE,MAE,MAPE,PI Width,CI Coverage,PI Overlap
mean,5957.555313054972,5948.777672951089,97.74534850435799,0.0,0.0,0.0
median,5974.6462792943275,5965.851313591003,98.02598158606492,0.0,0.0,0.0
std,86.98195447536845,87.06204647909237,1.4339616340448897,0.0,0.0,0.0
