True,Pred
5750,60.20043
5399,60.14369
6123,59.847023
5730,57.704346
6015,57.684036
5989,57.61119
6333,57.38447
6388,57.379566
6048,57.36643
6322,57.34074
6405,57.33977
6523,57.33771
