True,Pred
5750,19.93436
5399,19.290844
6123,17.142298
5730,9.64318
6015,8.879886
5989,7.2608137
6333,4.918583
6388,4.163798
6048,3.1067517
6322,2.1572816
6405,1.6906362
6523,1.2637689
