True,Pred
4462,62.00297
4642,62.00297
4369,62.00297
4672,62.00297
4661,62.00297
4655,62.00297
4716,62.00297
4377,62.00297
4484,62.00297
4911,62.00297
5218,62.00297
5759,62.00297
5456,62.00297
5359,62.00297
5305,62.00297
5769,62.00297
5565,62.00297
5367,62.00297
5633,62.00297
5664,62.00297
6082,62.00297
6505,62.00297
5813,62.00297
6379,62.00297
6091,62.00297
6219,62.00297
6052,62.00297
6105,62.00297
6030,62.00297
5969,62.00297
5707,62.00297
5681,62.00297
6052,62.00297
5904,62.00297
5426,62.00297
6005,62.00297
5766,62.00297
5946,62.00297
5981,62.00297
6104,62.00297
5991,62.00297
5670,62.00297
5709,62.00297
5416,62.00297
5793,62.00297
