True,Pred
5750,54.744392
5399,54.21202
6123,51.862675
5730,39.82389
6015,39.369335
5989,38.06914
6333,35.340767
6388,35.024773
6048,34.378757
6322,33.503307
6405,33.304916
6523,32.988483
