True,Pred
5750,108.94411
5399,108.44828
6123,106.132286
5730,95.05834
6015,94.89157
5989,94.30968
6333,92.67427
6388,92.62412
6048,92.48543
6322,92.21468
6405,92.201195
6523,92.1705
