True,Pred
5750,88.14452
5399,87.515526
6123,84.625755
5730,72.70753
6015,72.3639
5989,71.27403
6333,68.73024
6388,68.564674
6048,68.16465
6322,67.52264
6405,67.451004
6523,67.311806
