True,Pred
5750,107.11005
5399,106.592285
6123,104.599075
5730,96.53596
6015,96.39211
5989,96.0253
6333,95.36763
6388,95.340065
6048,95.28954
6322,95.231514
6405,95.22726
6523,95.22115
