True,Pred
5750,191.91624
5399,191.16951
6123,187.91333
5730,178.2864
6015,178.16768
5989,177.84773
6333,177.29477
6388,177.28116
6048,177.25392
6322,177.22086
6405,177.2195
6523,177.21736
