True,Pred
5750,268.68295
5399,268.57483
6123,268.06522
5730,264.99127
6015,264.9792
5989,264.93988
6333,264.8353
6388,264.83444
6048,264.8323
6322,264.82867
6405,264.8286
6523,264.8285
