True,Pred
4462,42.452465
4642,42.452465
4369,42.452465
4672,42.452465
4661,42.452465
4655,42.452465
4716,42.452465
4377,42.452465
4484,42.452465
4911,42.452465
5218,42.452465
5759,42.452465
5456,42.452465
5359,42.452465
5305,42.452465
5769,42.452465
5565,42.452465
5367,42.452465
5633,42.452465
5664,42.452465
6082,42.452465
6505,42.452465
5813,42.452465
6379,42.452465
6091,42.452465
6219,42.452465
6052,42.452465
6105,42.452465
6030,42.452465
5969,42.452465
5707,42.452465
5681,42.452465
6052,42.452465
5904,42.452465
5426,42.452465
6005,42.452465
5766,42.452465
5946,42.452465
5981,42.452465
6104,42.452465
5991,42.452465
5670,42.452465
5709,42.452465
5416,42.452465
5793,42.452465
