True,Pred
5750,269.54718
5399,269.00348
6123,266.2218
5730,256.09964
6015,255.9714
5989,255.57246
6333,254.79782
6388,254.77673
6048,254.7295
6322,254.66739
6405,254.66455
6523,254.6595
