True,Pred
5750,158.41115
5399,157.63478
6123,154.17531
5730,138.69412
6015,138.40553
5989,137.57169
6333,135.88417
6388,135.80815
6048,135.65147
6322,135.44872
6405,135.43246
6523,135.40652
