True,Pred
4462,150.18947
4642,150.18947
4369,150.18947
4672,150.18947
4661,150.18947
4655,150.18947
4716,150.18947
4377,150.18947
4484,150.18947
4911,150.18947
5218,150.18947
5759,150.18947
5456,150.18947
5359,150.18947
5305,150.18947
5769,150.18947
5565,150.18947
5367,150.18947
5633,150.18947
5664,150.18947
6082,150.18947
6505,150.18947
5813,150.18947
6379,150.18947
6091,150.18947
6219,150.18947
6052,150.18947
6105,150.18947
6030,150.18947
5969,150.18947
5707,150.18947
5681,150.18947
6052,150.18947
5904,150.18947
5426,150.18947
6005,150.18947
5766,150.18947
5946,150.18947
5981,150.18947
6104,150.18947
5991,150.18947
5670,150.18947
5709,150.18947
5416,150.18947
5793,150.18947
