True,Pred
5750,133.70305
5399,133.16847
6123,130.93356
5730,120.93
6015,120.7569
5989,120.24893
6333,119.088135
6388,119.04308
6048,118.94398
6322,118.79508
6405,118.78518
6523,118.76787
