True,Pred
4462,78.096466
4642,78.096466
4369,78.096466
4672,78.096466
4661,78.096466
4655,78.096466
4716,78.096466
4377,78.096466
4484,78.096466
4911,78.096466
5218,78.096466
5759,78.096466
5456,78.096466
5359,78.096466
5305,78.096466
5769,78.096466
5565,78.096466
5367,78.096466
5633,78.096466
5664,78.096466
6082,78.096466
6505,78.096466
5813,78.096466
6379,78.096466
6091,78.096466
6219,78.096466
6052,78.096466
6105,78.096466
6030,78.096466
5969,78.096466
5707,78.096466
5681,78.096466
6052,78.096466
5904,78.096466
5426,78.096466
6005,78.096466
5766,78.096466
5946,78.096466
5981,78.096466
6104,78.096466
5991,78.096466
5670,78.096466
5709,78.096466
5416,78.096466
5793,78.096466
