True,Pred
5750,136.26933
5399,136.38264
6123,136.96315
5730,135.9686
6015,135.97127
5989,135.98724
6333,135.96129
6388,135.96135
6048,135.96179
6322,135.96112
6405,135.96112
6523,135.96112
