True,Pred
4462,121.91528
4642,121.91528
4369,121.91528
4672,121.91528
4661,121.91528
4655,121.91528
4716,121.91528
4377,121.91528
4484,121.91528
4911,121.91528
5218,121.91528
5759,121.91528
5456,121.91528
5359,121.91528
5305,121.91528
5769,121.91528
5565,121.91528
5367,121.91528
5633,121.91528
5664,121.91528
6082,121.91528
6505,121.91528
5813,121.91528
6379,121.91528
6091,121.91528
6219,121.91528
6052,121.91528
6105,121.91528
6030,121.91528
5969,121.91528
5707,121.91528
5681,121.91528
6052,121.91528
5904,121.91528
5426,121.91528
6005,121.91528
5766,121.91528
5946,121.91528
5981,121.91528
6104,121.91528
5991,121.91528
5670,121.91528
5709,121.91528
5416,121.91528
5793,121.91528
