True,Pred
4462,60.20043
4642,60.20043
4369,60.20043
4672,60.20043
4661,60.20043
4655,60.20043
4716,60.20043
4377,60.20043
4484,60.20043
4911,60.20043
5218,60.20043
5759,60.20043
5456,60.20043
5359,60.20043
5305,60.20043
5769,60.20043
5565,60.20043
5367,60.20043
5633,60.20043
5664,60.20043
6082,60.20043
6505,60.20043
5813,60.20043
6379,60.20043
6091,60.20043
6219,60.20043
6052,60.20043
6105,60.20043
6030,60.20043
5969,60.20043
5707,60.20043
5681,60.20043
6052,60.20043
5904,60.20043
5426,60.20043
6005,60.20043
5766,60.20043
5946,60.20043
5981,60.20043
6104,60.20043
5991,60.20043
5670,60.20043
5709,60.20043
5416,60.20043
5793,60.20043
