True,Pred
5750,150.18947
5399,149.81903
6123,147.86342
5730,135.35971
6015,135.24187
5989,134.769
6333,133.1821
6388,133.1495
6048,133.04834
6322,132.82474
6405,132.81694
6523,132.79744
