True,Pred
5750,121.91528
5399,121.34809
6123,119.14982
5730,109.92146
6015,109.76785
5989,109.32831
6333,108.292755
6388,108.25761
6048,108.17863
6322,108.051216
6405,108.04417
6523,108.031204
