True,Pred
4462,198.00734
4642,198.00734
4369,198.00734
4672,198.00734
4661,198.00734
4655,198.00734
4716,198.00734
4377,198.00734
4484,198.00734
4911,198.00734
5218,198.00734
5759,198.00734
5456,198.00734
5359,198.00734
5305,198.00734
5769,198.00734
5565,198.00734
5367,198.00734
5633,198.00734
5664,198.00734
6082,198.00734
6505,198.00734
5813,198.00734
6379,198.00734
6091,198.00734
6219,198.00734
6052,198.00734
6105,198.00734
6030,198.00734
5969,198.00734
5707,198.00734
5681,198.00734
6052,198.00734
5904,198.00734
5426,198.00734
6005,198.00734
5766,198.00734
5946,198.00734
5981,198.00734
6104,198.00734
5991,198.00734
5670,198.00734
5709,198.00734
5416,198.00734
5793,198.00734
