True,Pred
5750,224.87674
5399,224.6279
6123,223.38101
5730,215.58061
6015,215.53241
5989,215.35555
6333,214.7871
6388,214.78003
6048,214.75974
6322,214.71635
6405,214.71547
6523,214.71341
