True,Pred
4462,141.97726
4642,141.97726
4369,141.97726
4672,141.97726
4661,141.97726
4655,141.97726
4716,141.97726
4377,141.97726
4484,141.97726
4911,141.97726
5218,141.97726
5759,141.97726
5456,141.97726
5359,141.97726
5305,141.97726
5769,141.97726
5565,141.97726
5367,141.97726
5633,141.97726
5664,141.97726
6082,141.97726
6505,141.97726
5813,141.97726
6379,141.97726
6091,141.97726
6219,141.97726
6052,141.97726
6105,141.97726
6030,141.97726
5969,141.97726
5707,141.97726
5681,141.97726
6052,141.97726
5904,141.97726
5426,141.97726
6005,141.97726
5766,141.97726
5946,141.97726
5981,141.97726
6104,141.97726
5991,141.97726
5670,141.97726
5709,141.97726
5416,141.97726
5793,141.97726
