True,Pred
5750,228.72287
5399,228.75092
6123,228.87338
5730,227.37225
6015,227.37285
5989,227.37376
6333,227.3496
6388,227.3496
6048,227.3496
6322,227.34921
6405,227.34921
6523,227.34921
