True,Pred
4462,108.94411
4642,108.94411
4369,108.94411
4672,108.94411
4661,108.94411
4655,108.94411
4716,108.94411
4377,108.94411
4484,108.94411
4911,108.94411
5218,108.94411
5759,108.94411
5456,108.94411
5359,108.94411
5305,108.94411
5769,108.94411
5565,108.94411
5367,108.94411
5633,108.94411
5664,108.94411
6082,108.94411
6505,108.94411
5813,108.94411
6379,108.94411
6091,108.94411
6219,108.94411
6052,108.94411
6105,108.94411
6030,108.94411
5969,108.94411
5707,108.94411
5681,108.94411
6052,108.94411
5904,108.94411
5426,108.94411
6005,108.94411
5766,108.94411
5946,108.94411
5981,108.94411
6104,108.94411
5991,108.94411
5670,108.94411
5709,108.94411
5416,108.94411
5793,108.94411
