True,Pred
5750,80.07744
5399,79.39885
6123,76.76179
5730,67.97139
6015,67.72232
5989,67.08954
6333,66.05479
6388,65.97709
6048,65.83813
6322,65.68963
6405,65.66947
6523,65.64181
