True,Pred
5750,243.38022
5399,243.32097
6123,243.03067
5730,240.23958
6015,240.23534
5989,240.2186
6333,240.13692
6388,240.13667
6048,240.13594
6322,240.13348
6405,240.13345
6523,240.13344
