True,Pred
4462,127.618935
4642,127.618935
4369,127.618935
4672,127.618935
4661,127.618935
4655,127.618935
4716,127.618935
4377,127.618935
4484,127.618935
4911,127.618935
5218,127.618935
5759,127.618935
5456,127.618935
5359,127.618935
5305,127.618935
5769,127.618935
5565,127.618935
5367,127.618935
5633,127.618935
5664,127.618935
6082,127.618935
6505,127.618935
5813,127.618935
6379,127.618935
6091,127.618935
6219,127.618935
6052,127.618935
6105,127.618935
6030,127.618935
5969,127.618935
5707,127.618935
5681,127.618935
6052,127.618935
5904,127.618935
5426,127.618935
6005,127.618935
5766,127.618935
5946,127.618935
5981,127.618935
6104,127.618935
5991,127.618935
5670,127.618935
5709,127.618935
5416,127.618935
5793,127.618935
