True,Pred
5750,421.83664
5399,421.74008
6123,421.27005
5730,418.55838
6015,418.55295
5989,418.5349
6333,418.48483
6388,418.48465
6048,418.4841
6322,418.48312
6405,418.48315
6523,418.48312
