True,Pred
4462,328.82877
4642,328.82877
4369,328.82877
4672,328.82877
4661,328.82877
4655,328.82877
4716,328.82877
4377,328.82877
4484,328.82877
4911,328.82877
5218,328.82877
5759,328.82877
5456,328.82877
5359,328.82877
5305,328.82877
5769,328.82877
5565,328.82877
5367,328.82877
5633,328.82877
5664,328.82877
6082,328.82877
6505,328.82877
5813,328.82877
6379,328.82877
6091,328.82877
6219,328.82877
6052,328.82877
6105,328.82877
6030,328.82877
5969,328.82877
5707,328.82877
5681,328.82877
6052,328.82877
5904,328.82877
5426,328.82877
6005,328.82877
5766,328.82877
5946,328.82877
5981,328.82877
6104,328.82877
5991,328.82877
5670,328.82877
5709,328.82877
5416,328.82877
5793,328.82877
