,RMSE,MAE,MAPE,PI Width,CI Coverage,PI Overlap
mean,1978.3490430760264,1938.6311459011506,31.876681091174657,0.0,0.0,0.0
median,1490.4553310742217,1455.676513671875,23.9894888858733,0.0,0.0,0.0
std,1567.5604925277491,1586.5475391118323,26.03595637521435,0.0,0.0,0.0
