True,Pred
5750,789.2408
5399,789.2409
6123,789.24066
5730,789.2407
6015,789.2413
5989,789.2416
6333,789.242
6388,789.2428
6048,789.24426
6322,789.2457
6405,789.2411
6523,789.1735
