True,Pred
5750,947.60126
5399,947.599
6123,947.5967
5730,947.6006
6015,947.5928
5989,947.5947
6333,947.5966
6388,947.59937
6048,947.6044
6322,947.614
6405,947.633
6523,947.6525
