,RMSE,MAE,MAPE,PI Width,CI Coverage,PI Overlap
mean,693.4760636536422,637.4630452473959,10.34963832179563,0.0,0.0,0.0
median,651.0020712607368,586.7761637369791,9.42332435641324,0.0,0.0,0.0
std,332.58341301400185,336.26236083450414,5.44521392962632,0.0,0.0,0.0
