,RMSE,MAE,MAPE,PI Width,CI Coverage,PI Overlap
mean,461.4073315093286,401.25515407986114,6.447736888890038,0.0,0.0,0.0
median,468.5887021042323,407.69529215494794,6.548342569781658,0.0,0.0,0.0
std,52.89648715199467,48.3127382682354,0.7641489290646686,0.0,0.0,0.0
