,RMSE,MAE,MAPE,PI Width,CI Coverage,PI Overlap
mean,341.7714119772334,293.47379964192703,4.755335775601578,0.0,0.0,0.0
median,341.8892116578879,293.49755859375,4.756187013154455,0.0,0.0,0.0
std,0.8263355385795397,0.6621642115493541,0.009786588596352083,0.0,0.0,0.0
