,RMSE,MAE,MAPE,PI Width,CI Coverage,PI Overlap
mean,736.8255631103935,646.5906195746528,10.368100488849471,0.0,0.0,0.0
median,748.2986479810154,656.3307088216146,10.523147686947915,0.0,0.0,0.0
std,67.92791603386148,61.39447655171538,0.9823120468034097,0.0,0.0,0.0
