,RMSE,MAE,MAPE,PI Width,CI Coverage,PI Overlap
mean,2907.6557934612424,2792.964885796441,31.180488628246597,0.0,0.0,0.0
std,107.69168971461033,110.5059325714768,1.2637170618515299,0.0,0.0,0.0
