,RMSE,MAE,MAPE,PI Width,CI Coverage,PI Overlap
mean,446.024004326901,388.3551147460938,6.26467176347615,0.0,0.0,0.0
median,522.5932847523388,457.9397989908854,7.351273727912245,0.0,0.0,0.0
std,146.5908381141831,134.8340443254162,2.1227455557841868,0.0,0.0,0.0
