,RMSE,MAE,MAPE,PI Width,CI Coverage,PI Overlap
mean,2782.005018173295,2655.813101535373,29.57966404749961,0.0,0.0,0.0
std,179.7176522314772,184.0060460806494,2.1007601491775305,0.0,0.0,0.0
