,RMSE,MAE,MAPE,PI Width,CI Coverage,PI Overlap
mean,301.063899648088,251.51233995225692,4.123984061438085,0.0,0.0,0.0
median,288.40471432111633,238.96748860677081,3.9283806440058173,0.0,0.0,0.0
std,41.587231601820086,38.80103050913852,0.604689325335464,0.0,0.0,0.0
