,RMSE,MAE,MAPE,PI Width,CI Coverage,PI Overlap
mean,2828.0616117194636,2712.222686428494,30.260891438670626,0.0,0.0,0.0
std,91.39709150310769,95.46583703978997,1.0985035759538928,0.0,0.0,0.0
