,RMSE,MAE,MAPE,PI Width,CI Coverage,PI Overlap
mean,5941.122167646956,5932.436811002096,97.47799595537457,0.0,0.0,0.0
median,5948.006425590434,5939.351602554321,97.59227667699112,0.0,0.0,0.0
std,41.29318902155342,41.34821213383663,0.6813274778506956,0.0,0.0,0.0
