,RMSE,MAE,MAPE,PI Width,CI Coverage,PI Overlap
mean,5923.998355421127,5915.299215051861,97.1957598311156,0.0,0.0,0.0
median,5928.282548453824,5919.593448638916,97.26657530941002,0.0,0.0,0.0
std,65.98916430407951,66.07475882840824,1.0887136795495034,0.0,0.0,0.0
