True,Pred
5750,91.26067
5399,83.114716
6123,82.00944
5730,81.84471
6015,81.81983
5989,81.81607
6333,81.8155
6388,81.81542
6048,81.81541
6322,81.8154
6405,81.8154
6523,81.8154
