True,Pred
5750,167.04694
5399,158.82591
6123,158.23495
5730,158.19029
6015,158.18689
5989,158.18665
6333,158.18663
6388,158.18663
6048,158.18663
6322,158.18663
6405,158.18663
6523,158.18663
