True,Pred
5750,195.53812
5399,192.01181
6123,191.9201
5730,191.91763
6015,191.91757
5989,191.91757
6333,191.91757
6388,191.91757
6048,191.91757
6322,191.91757
6405,191.91757
6523,191.91757
