True,Pred
5750,111.04817
5399,99.0509
6123,97.56764
5730,97.36673
6015,97.33918
5989,97.3354
6333,97.33489
6388,97.33482
6048,97.3348
6322,97.3348
6405,97.3348
6523,97.3348
