True,Pred
5750,162.32368
5399,154.81548
6123,154.3373
5730,154.30533
6015,154.30318
5989,154.30302
6333,154.30301
6388,154.30301
6048,154.30301
6322,154.30301
6405,154.30301
6523,154.30301
