True,Pred
4323,107.922844
4825,107.922844
4462,107.922844
4642,107.922844
4369,107.922844
4672,107.922844
4661,107.922844
4655,107.922844
4716,107.922844
4377,107.922844
4484,107.922844
4911,107.922844
5218,107.922844
5759,107.922844
5456,107.922844
5359,107.922844
5305,107.922844
5769,107.922844
5565,107.922844
5367,107.922844
5633,107.922844
5664,107.922844
6082,107.922844
6505,107.922844
5813,107.922844
6379,107.922844
6091,107.922844
6219,107.922844
6052,107.922844
6105,107.922844
6030,107.922844
5969,107.922844
5707,107.922844
5681,107.922844
6052,107.922844
5904,107.922844
5426,107.922844
6005,107.922844
5766,107.922844
5946,107.922844
5981,107.922844
6104,107.922844
5991,107.922844
5670,107.922844
5709,107.922844
5416,107.922844
5793,107.922844
