True,Pred
5750,170.60437
5399,165.98346
6123,165.82193
5730,165.81609
6015,165.8159
5989,165.8159
6333,165.8159
6388,165.8159
6048,165.8159
6322,165.8159
6405,165.8159
6523,165.8159
