True,Pred
5750,131.35669
5399,126.821785
6123,126.61739
5730,126.607895
6015,126.60747
5989,126.60745
6333,126.60745
6388,126.60745
6048,126.60745
6322,126.60745
6405,126.60745
6523,126.60745
