True,Pred
5750,113.40272
5399,108.30814
6123,107.904
5730,107.87033
6015,107.86751
5989,107.86727
6333,107.867256
6388,107.867256
6048,107.867256
6322,107.867256
6405,107.867256
6523,107.867256
