True,Pred
4323,284.65073
4825,284.65073
4462,284.65073
4642,284.65073
4369,284.65073
4672,284.65073
4661,284.65073
4655,284.65073
4716,284.65073
4377,284.65073
4484,284.65073
4911,284.65073
5218,284.65073
5759,284.65073
5456,284.65073
5359,284.65073
5305,284.65073
5769,284.65073
5565,284.65073
5367,284.65073
5633,284.65073
5664,284.65073
6082,284.65073
6505,284.65073
5813,284.65073
6379,284.65073
6091,284.65073
6219,284.65073
6052,284.65073
6105,284.65073
6030,284.65073
5969,284.65073
5707,284.65073
5681,284.65073
6052,284.65073
5904,284.65073
5426,284.65073
6005,284.65073
5766,284.65073
5946,284.65073
5981,284.65073
6104,284.65073
5991,284.65073
5670,284.65073
5709,284.65073
5416,284.65073
5793,284.65073
