True,Pred
5750,176.5658
5399,169.0592
6123,168.65518
5730,168.63263
6015,168.63138
5989,168.63129
6333,168.63127
6388,168.63127
6048,168.63127
6322,168.63127
6405,168.63127
6523,168.63127
