True,Pred
4323,145.69398
4825,145.69398
4462,145.69398
4642,145.69398
4369,145.69398
4672,145.69398
4661,145.69398
4655,145.69398
4716,145.69398
4377,145.69398
4484,145.69398
4911,145.69398
5218,145.69398
5759,145.69398
5456,145.69398
5359,145.69398
5305,145.69398
5769,145.69398
5565,145.69398
5367,145.69398
5633,145.69398
5664,145.69398
6082,145.69398
6505,145.69398
5813,145.69398
6379,145.69398
6091,145.69398
6219,145.69398
6052,145.69398
6105,145.69398
6030,145.69398
5969,145.69398
5707,145.69398
5681,145.69398
6052,145.69398
5904,145.69398
5426,145.69398
6005,145.69398
5766,145.69398
5946,145.69398
5981,145.69398
6104,145.69398
5991,145.69398
5670,145.69398
5709,145.69398
5416,145.69398
5793,145.69398
