True,Pred
5750,162.99564
5399,151.38806
6123,150.15228
5730,150.0111
6015,149.99484
5989,149.99298
6333,149.99275
6388,149.99274
6048,149.99274
6322,149.99274
6405,149.99274
6523,149.99274
