True,Pred
5750,122.40173
5399,119.15431
6123,119.01356
5730,119.00728
6015,119.006996
5989,119.00698
6333,119.00698
6388,119.00698
6048,119.00698
6322,119.00698
6405,119.00698
6523,119.00698
