True,Pred
5750,115.055756
5399,101.88803
6123,99.95484
5730,99.63587
6015,99.58226
5989,99.57323
6333,99.57171
6388,99.57145
6048,99.57141
6322,99.5714
6405,99.571396
6523,99.571396
