True,Pred
5750,161.3294
5399,143.90558
6123,141.90695
5730,141.65338
6015,141.6208
5989,141.61661
6333,141.61607
6388,141.61601
6048,141.616
6322,141.616
6405,141.616
6523,141.616
