True,Pred
4323,125.139435
4825,125.139435
4462,125.139435
4642,125.139435
4369,125.139435
4672,125.139435
4661,125.139435
4655,125.139435
4716,125.139435
4377,125.139435
4484,125.139435
4911,125.139435
5218,125.139435
5759,125.139435
5456,125.139435
5359,125.139435
5305,125.139435
5769,125.139435
5565,125.139435
5367,125.139435
5633,125.139435
5664,125.139435
6082,125.139435
6505,125.139435
5813,125.139435
6379,125.139435
6091,125.139435
6219,125.139435
6052,125.139435
6105,125.139435
6030,125.139435
5969,125.139435
5707,125.139435
5681,125.139435
6052,125.139435
5904,125.139435
5426,125.139435
6005,125.139435
5766,125.139435
5946,125.139435
5981,125.139435
6104,125.139435
5991,125.139435
5670,125.139435
5709,125.139435
5416,125.139435
5793,125.139435
