True,Pred
5750,166.80713
5399,158.71878
6123,158.08897
5730,158.03738
6015,158.03311
5989,158.03276
6333,158.03273
6388,158.03273
6048,158.03273
6322,158.03273
6405,158.03273
6523,158.03273
