True,Pred
5750,150.12326
5399,134.06396
6123,131.61618
5730,131.20334
6015,131.13258
5989,131.12042
6333,131.11833
6388,131.11798
6048,131.1179
6322,131.1179
6405,131.1179
6523,131.1179
