True,Pred
5750,142.29295
5399,134.74812
6123,134.02354
5730,133.94984
6015,133.94232
5989,133.94154
6333,133.94147
6388,133.94145
6048,133.94147
6322,133.94145
6405,133.94147
6523,133.94145
