True,Pred
5750,284.65073
5399,278.47852
6123,278.1568
5730,278.13956
6015,278.13858
5989,278.13852
6333,278.13852
6388,278.13852
6048,278.13852
6322,278.13852
6405,278.13852
6523,278.13852
