True,Pred
5750,274.51624
5399,265.27493
6123,264.6689
5730,264.62753
6015,264.62473
5989,264.62448
6333,264.62448
6388,264.62448
6048,264.62448
6322,264.62448
6405,264.62448
6523,264.62448
