True,Pred
4323,263.57236
4825,263.57236
4462,263.57236
4642,263.57236
4369,263.57236
4672,263.57236
4661,263.57236
4655,263.57236
4716,263.57236
4377,263.57236
4484,263.57236
4911,263.57236
5218,263.57236
5759,263.57236
5456,263.57236
5359,263.57236
5305,263.57236
5769,263.57236
5565,263.57236
5367,263.57236
5633,263.57236
5664,263.57236
6082,263.57236
6505,263.57236
5813,263.57236
6379,263.57236
6091,263.57236
6219,263.57236
6052,263.57236
6105,263.57236
6030,263.57236
5969,263.57236
5707,263.57236
5681,263.57236
6052,263.57236
5904,263.57236
5426,263.57236
6005,263.57236
5766,263.57236
5946,263.57236
5981,263.57236
6104,263.57236
5991,263.57236
5670,263.57236
5709,263.57236
5416,263.57236
5793,263.57236
