True,Pred
4323,316.21402
4825,316.21402
4462,316.21402
4642,316.21402
4369,316.21402
4672,316.21402
4661,316.21402
4655,316.21402
4716,316.21402
4377,316.21402
4484,316.21402
4911,316.21402
5218,316.21402
5759,316.21402
5456,316.21402
5359,316.21402
5305,316.21402
5769,316.21402
5565,316.21402
5367,316.21402
5633,316.21402
5664,316.21402
6082,316.21402
6505,316.21402
5813,316.21402
6379,316.21402
6091,316.21402
6219,316.21402
6052,316.21402
6105,316.21402
6030,316.21402
5969,316.21402
5707,316.21402
5681,316.21402
6052,316.21402
5904,316.21402
5426,316.21402
6005,316.21402
5766,316.21402
5946,316.21402
5981,316.21402
6104,316.21402
5991,316.21402
5670,316.21402
5709,316.21402
5416,316.21402
5793,316.21402
