True,Pred
4323,88.153046
4825,88.153046
4462,88.153046
4642,88.153046
4369,88.153046
4672,88.153046
4661,88.153046
4655,88.153046
4716,88.153046
4377,88.153046
4484,88.153046
4911,88.153046
5218,88.153046
5759,88.153046
5456,88.153046
5359,88.153046
5305,88.153046
5769,88.153046
5565,88.153046
5367,88.153046
5633,88.153046
5664,88.153046
6082,88.153046
6505,88.153046
5813,88.153046
6379,88.153046
6091,88.153046
6219,88.153046
6052,88.153046
6105,88.153046
6030,88.153046
5969,88.153046
5707,88.153046
5681,88.153046
6052,88.153046
5904,88.153046
5426,88.153046
6005,88.153046
5766,88.153046
5946,88.153046
5981,88.153046
6104,88.153046
5991,88.153046
5670,88.153046
5709,88.153046
5416,88.153046
5793,88.153046
