True,Pred
5750,263.57236
5399,253.74254
6123,253.12794
5730,253.08821
6015,253.08565
5989,253.08548
6333,253.08546
6388,253.08546
6048,253.08546
6322,253.08546
6405,253.08546
6523,253.08546
