True,Pred
5750,172.31247
5399,167.25987
6123,167.0145
5730,167.00204
6015,167.00143
5989,167.0014
6333,167.00139
6388,167.00139
6048,167.00139
6322,167.00139
6405,167.00139
6523,167.00139
