True,Pred
4323,122.40173
4825,122.40173
4462,122.40173
4642,122.40173
4369,122.40173
4672,122.40173
4661,122.40173
4655,122.40173
4716,122.40173
4377,122.40173
4484,122.40173
4911,122.40173
5218,122.40173
5759,122.40173
5456,122.40173
5359,122.40173
5305,122.40173
5769,122.40173
5565,122.40173
5367,122.40173
5633,122.40173
5664,122.40173
6082,122.40173
6505,122.40173
5813,122.40173
6379,122.40173
6091,122.40173
6219,122.40173
6052,122.40173
6105,122.40173
6030,122.40173
5969,122.40173
5707,122.40173
5681,122.40173
6052,122.40173
5904,122.40173
5426,122.40173
6005,122.40173
5766,122.40173
5946,122.40173
5981,122.40173
6104,122.40173
5991,122.40173
5670,122.40173
5709,122.40173
5416,122.40173
5793,122.40173
