True,Pred
5750,193.27159
5399,183.15865
6123,182.4754
5730,182.42688
6015,182.42343
5989,182.42317
6333,182.42316
6388,182.42316
6048,182.42316
6322,182.42316
6405,182.42316
6523,182.42316
