True,Pred
5750,196.18411
5399,190.37776
6123,190.0692
5730,190.05226
6015,190.05132
5989,190.05128
6333,190.05127
6388,190.05127
6048,190.05127
6322,190.05127
6405,190.05127
6523,190.05127
