True,Pred
4323,193.27159
4825,193.27159
4462,193.27159
4642,193.27159
4369,193.27159
4672,193.27159
4661,193.27159
4655,193.27159
4716,193.27159
4377,193.27159
4484,193.27159
4911,193.27159
5218,193.27159
5759,193.27159
5456,193.27159
5359,193.27159
5305,193.27159
5769,193.27159
5565,193.27159
5367,193.27159
5633,193.27159
5664,193.27159
6082,193.27159
6505,193.27159
5813,193.27159
6379,193.27159
6091,193.27159
6219,193.27159
6052,193.27159
6105,193.27159
6030,193.27159
5969,193.27159
5707,193.27159
5681,193.27159
6052,193.27159
5904,193.27159
5426,193.27159
6005,193.27159
5766,193.27159
5946,193.27159
5981,193.27159
6104,193.27159
5991,193.27159
5670,193.27159
5709,193.27159
5416,193.27159
5793,193.27159
