True,Pred
4323,170.60437
4825,170.60437
4462,170.60437
4642,170.60437
4369,170.60437
4672,170.60437
4661,170.60437
4655,170.60437
4716,170.60437
4377,170.60437
4484,170.60437
4911,170.60437
5218,170.60437
5759,170.60437
5456,170.60437
5359,170.60437
5305,170.60437
5769,170.60437
5565,170.60437
5367,170.60437
5633,170.60437
5664,170.60437
6082,170.60437
6505,170.60437
5813,170.60437
6379,170.60437
6091,170.60437
6219,170.60437
6052,170.60437
6105,170.60437
6030,170.60437
5969,170.60437
5707,170.60437
5681,170.60437
6052,170.60437
5904,170.60437
5426,170.60437
6005,170.60437
5766,170.60437
5946,170.60437
5981,170.60437
6104,170.60437
5991,170.60437
5670,170.60437
5709,170.60437
5416,170.60437
5793,170.60437
