True,Pred
4323,113.40272
4825,113.40272
4462,113.40272
4642,113.40272
4369,113.40272
4672,113.40272
4661,113.40272
4655,113.40272
4716,113.40272
4377,113.40272
4484,113.40272
4911,113.40272
5218,113.40272
5759,113.40272
5456,113.40272
5359,113.40272
5305,113.40272
5769,113.40272
5565,113.40272
5367,113.40272
5633,113.40272
5664,113.40272
6082,113.40272
6505,113.40272
5813,113.40272
6379,113.40272
6091,113.40272
6219,113.40272
6052,113.40272
6105,113.40272
6030,113.40272
5969,113.40272
5707,113.40272
5681,113.40272
6052,113.40272
5904,113.40272
5426,113.40272
6005,113.40272
5766,113.40272
5946,113.40272
5981,113.40272
6104,113.40272
5991,113.40272
5670,113.40272
5709,113.40272
5416,113.40272
5793,113.40272
