True,Pred
5750,183.05016
5399,181.37682
6123,181.33118
5730,181.32991
6015,181.32988
5989,181.32988
6333,181.32988
6388,181.32988
6048,181.32988
6322,181.32988
6405,181.32988
6523,181.32988
