True,Pred
5750,316.21402
5399,311.8407
6123,311.704
5730,311.69968
6015,311.69955
5989,311.69955
6333,311.69955
6388,311.69955
6048,311.69955
6322,311.69955
6405,311.69955
6523,311.69955
