True,Pred
5750,228.97926
5399,224.13585
6123,223.88782
5730,223.87477
6015,223.8741
5989,223.87404
6333,223.87402
6388,223.87402
6048,223.87402
6322,223.87402
6405,223.87402
6523,223.87402
