True,Pred
5750,103.83092
5399,91.29334
6123,89.46732
5730,89.17008
6015,89.12085
5989,89.112686
6333,89.11132
6388,89.11109
6048,89.11105
6322,89.11105
6405,89.11105
6523,89.11105
