True,Pred
5750,162.85571
5399,158.0382
6123,157.80742
5730,157.79596
6015,157.7954
5989,157.79536
6333,157.79536
6388,157.79536
6048,157.79536
6322,157.79536
6405,157.79536
6523,157.79536
