True,Pred
5750,197.8223
5399,195.1495
6123,195.0482
5730,195.04428
6015,195.04414
5989,195.04413
6333,195.04413
6388,195.04413
6048,195.04413
6322,195.04413
6405,195.04413
6523,195.04413
