True,Pred
5750,124.80136
5399,118.50237
6123,118.00597
5730,117.96442
6015,117.96092
5989,117.960625
6333,117.960594
6388,117.960594
6048,117.960594
6322,117.960594
6405,117.960594
6523,117.960594
