True,Pred
4323,75.944336
4825,75.944336
4462,75.944336
4642,75.944336
4369,75.944336
4672,75.944336
4661,75.944336
4655,75.944336
4716,75.944336
4377,75.944336
4484,75.944336
4911,75.944336
5218,75.944336
5759,75.944336
5456,75.944336
5359,75.944336
5305,75.944336
5769,75.944336
5565,75.944336
5367,75.944336
5633,75.944336
5664,75.944336
6082,75.944336
6505,75.944336
5813,75.944336
6379,75.944336
6091,75.944336
6219,75.944336
6052,75.944336
6105,75.944336
6030,75.944336
5969,75.944336
5707,75.944336
5681,75.944336
6052,75.944336
5904,75.944336
5426,75.944336
6005,75.944336
5766,75.944336
5946,75.944336
5981,75.944336
6104,75.944336
5991,75.944336
5670,75.944336
5709,75.944336
5416,75.944336
5793,75.944336
