True,Pred
5750,107.922844
5399,103.105316
6123,102.7345
5730,102.7042
6015,102.70171
5989,102.701515
6333,102.7015
6388,102.70149
6048,102.70149
6322,102.70149
6405,102.70149
6523,102.70149
