True,Pred
5750,183.88551
5399,174.22905
6123,173.47943
5730,173.4185
6015,173.41353
5989,173.41312
6333,173.41309
6388,173.41309
6048,173.41309
6322,173.41309
6405,173.41309
6523,173.41309
