True,Pred
5750,222.99066
5399,214.24385
6123,213.46223
5730,213.38828
6015,213.38124
5989,213.38057
6333,213.38052
6388,213.38052
6048,213.38052
6322,213.38052
6405,213.38052
6523,213.38052
