True,Pred
4323,183.48708
4825,183.48708
4462,183.48708
4642,183.48708
4369,183.48708
4672,183.48708
4661,183.48708
4655,183.48708
4716,183.48708
4377,183.48708
4484,183.48708
4911,183.48708
5218,183.48708
5759,183.48708
5456,183.48708
5359,183.48708
5305,183.48708
5769,183.48708
5565,183.48708
5367,183.48708
5633,183.48708
5664,183.48708
6082,183.48708
6505,183.48708
5813,183.48708
6379,183.48708
6091,183.48708
6219,183.48708
6052,183.48708
6105,183.48708
6030,183.48708
5969,183.48708
5707,183.48708
5681,183.48708
6052,183.48708
5904,183.48708
5426,183.48708
6005,183.48708
5766,183.48708
5946,183.48708
5981,183.48708
6104,183.48708
5991,183.48708
5670,183.48708
5709,183.48708
5416,183.48708
5793,183.48708
