True,Pred
5750,129.76091
5399,126.011314
6123,125.810074
5730,125.79884
6015,125.79821
5989,125.79817
6333,125.79817
6388,125.79817
6048,125.79817
6322,125.79817
6405,125.79817
6523,125.79817
