True,Pred
5750,155.22943
5399,149.19745
6123,148.84811
5730,148.82709
6015,148.8258
5989,148.82574
6333,148.82574
6388,148.82574
6048,148.82574
6322,148.82574
6405,148.82574
6523,148.82574
