,RMSE,MAE,MAPE,PI Width,CI Coverage,PI Overlap
mean,546.8290187756218,480.1982055664063,7.724796890357093,0.0,0.0,0.0
median,542.2720510572913,478.64141845703125,7.683351770869745,0.0,0.0,0.0
std,153.32333191750422,142.6935554572254,2.263676191860266,0.0,0.0,0.0
