,RMSE,MAE,MAPE,PI Width,CI Coverage,PI Overlap
mean,491.10596125621095,427.78239610460065,6.899773530917,0.0,0.0,0.0
median,459.4470063527644,400.8382364908854,6.449722559765292,0.0,0.0,0.0
std,159.38574850850566,149.6290094922729,2.3725725084893425,0.0,0.0,0.0
