,RMSE,MAE,MAPE,PI Width,CI Coverage,PI Overlap
mean,392.44933119970136,340.8387912326389,5.514963358562551,0.0,0.0,0.0
median,393.4664974787447,343.5081787109375,5.554872723902929,0.0,0.0,0.0
std,44.480198491743984,39.60872056021213,0.6151839156152765,0.0,0.0,0.0
