,RMSE,MAE,MAPE,PI Width,CI Coverage,PI Overlap
mean,270.6216206046232,229.41583523220484,3.745778302255229,0.0,0.0,0.0
median,249.40457554395906,209.3951416015625,3.427833121720643,0.0,0.0,0.0
std,93.19409460384517,85.23090621590977,1.3483234774738608,0.0,0.0,0.0
