,RMSE,MAE,MAPE,PI Width,CI Coverage,PI Overlap
mean,367.54095572463444,318.40897488064235,5.177547269985314,0.0,0.0,0.0
median,390.9125853756101,341.5140380859375,5.523070698250725,0.0,0.0,0.0
std,56.85848747941918,54.722201351286934,0.8286147582688163,0.0,0.0,0.0
