,RMSE,MAE,MAPE,PI Width,CI Coverage,PI Overlap
mean,760.1802131440422,662.8560194227431,10.625728348336265,0.0,0.0,0.0
median,688.5962924624168,610.5201009114584,9.79627597979583,0.0,0.0,0.0
std,287.448534800898,248.20159574477861,3.9572270944717425,0.0,0.0,0.0
