,RMSE,MAE,MAPE,PI Width,CI Coverage,PI Overlap
mean,344.19737843520267,299.6534410264757,4.863976856095661,0.0,0.0,0.0
median,334.967184348607,291.6136881510417,4.738035364826473,0.0,0.0,0.0
std,27.304444611620752,23.571704137512235,0.36824651612913367,0.0,0.0,0.0
