,RMSE,MAE,MAPE,PI Width,CI Coverage,PI Overlap
mean,509.4947142514583,444.8020697699652,7.155576101742753,0.0,0.0,0.0
median,459.9013791249001,395.0686238606771,6.3460037486736045,0.0,0.0,0.0
std,188.716313511535,172.92308541830863,2.754099295517107,0.0,0.0,0.0
