,RMSE,MAE,MAPE,PI Width,CI Coverage,PI Overlap
mean,355.0420353347919,274.2507407798423,4.872695035827723,0.0,0.0,0.0
median,353.5183963713812,272.82124947212833,4.87877674845683,0.0,0.0,0.0
std,29.13792492280053,25.38746254056135,0.4427028534518546,0.0,0.0,0.0
