,RMSE,MAE,MAPE,PI Width,CI Coverage,PI Overlap
mean,468.6340853399586,406.81675075954865,6.545991521852934,0.0,0.0,0.0
median,470.27965670713843,403.75885009765625,6.4813344681667076,0.0,0.0,0.0
std,45.63938819155736,41.23805251536428,0.6470173147735487,0.0,0.0,0.0
