,RMSE,MAE,MAPE,PI Width,CI Coverage,PI Overlap
mean,273.17445518032133,229.85525580512152,3.7399421866199933,0.0,0.0,0.0
median,269.497586840266,225.75065104166669,3.6745395452300924,0.0,0.0,0.0
std,15.093536822017937,15.235271577280596,0.23970012907655086,0.0,0.0,0.0
