,RMSE,MAE,MAPE,PI Width,CI Coverage,PI Overlap
mean,310.24864334304834,259.8603976779513,4.22208607440333,0.0,0.0,0.0
median,306.3879801257392,255.2036336263021,4.149808116813569,0.0,0.0,0.0
std,9.85358622610706,11.19460524516954,0.17648584051211352,0.0,0.0,0.0
