,RMSE,MAE,MAPE,PI Width,CI Coverage,PI Overlap
mean,405.79694850807044,347.3266303168403,5.6464419247585145,0.0,0.0,0.0
median,371.40357728316707,318.45792643229163,5.148163630467845,0.0,0.0,0.0
std,134.95171699944189,127.55934461936245,1.9836293841121013,0.0,0.0,0.0
