,RMSE,MAE,MAPE,PI Width,CI Coverage,PI Overlap
mean,351.8448108833209,305.9120062934028,4.9535638601765095,0.0,0.0,0.0
median,340.5709392079607,296.41274007161456,4.8059881196559395,0.0,0.0,0.0
std,34.511871368640655,29.106617006122832,0.4557854270748246,0.0,0.0,0.0
