,RMSE,MAE,MAPE,PI Width,CI Coverage,PI Overlap
mean,597.3426743910989,530.0227444118923,8.55705933356604,0.0,0.0,0.0
median,455.09302889059467,392.38820393880206,6.303864673981635,0.0,0.0,0.0
std,348.631608468544,331.56363307556086,5.38690988769608,0.0,0.0,0.0
