,RMSE,MAE,MAPE,PI Width,CI Coverage,PI Overlap
mean,284.93247903260965,242.99377983940968,3.94417829479072,0.0,0.0,0.0
median,283.2545559513128,241.3421630859375,3.91799685120602,0.0,0.0,0.0
std,8.44810645241901,8.590397627621014,0.1356568648179765,0.0,0.0,0.0
