,RMSE,MAE,MAPE,PI Width,CI Coverage,PI Overlap
mean,2966.5624426655427,2851.098448350694,31.835924166872427,0.0,0.0,0.0
std,178.27440153146543,183.17704584802905,2.098218034547859,0.0,0.0,0.0
