,RMSE,MAE,MAPE,PI Width,CI Coverage,PI Overlap
mean,291.8635100487739,223.57808660523506,4.033877127764689,0.0,0.0,0.0
median,293.7371532626036,225.9084660456731,4.1237368346799785,0.0,0.0,0.0
std,17.731276087896962,15.494292421386396,0.26812637809876083,0.0,0.0,0.0
