,RMSE,MAE,MAPE,PI Width,CI Coverage,PI Overlap
mean,613.7745245110144,536.5083021375868,8.604314112270172,0.0,0.0,0.0
median,589.4280747734076,519.2645467122395,8.333575567778917,0.0,0.0,0.0
std,99.16847944594491,88.93464073696295,1.4192358007600516,0.0,0.0,0.0
