,RMSE,MAE,MAPE,PI Width,CI Coverage,PI Overlap
mean,282.76555404631375,221.73558775436047,4.032760745221517,0.0,0.0,0.0
std,2.567371160261947,2.5511655154572628,0.04853070330858987,0.0,0.0,0.0
