,RMSE,MAE,MAPE,PI Width,CI Coverage,PI Overlap
mean,250.63122049140097,210.26711290147568,3.446897719496961,0.0,0.0,0.0
std,6.867677395753734,5.557913226095922,0.08557686176132709,0.0,0.0,0.0
