,RMSE,MAE,MAPE,PI Width,CI Coverage,PI Overlap
mean,450.43315160258624,391.58612738715277,6.344709352779607,0.0,0.0,0.0
median,411.3603788869774,354.9019978841146,5.730222462783011,0.0,0.0,0.0
std,115.37285633343187,111.07336201183078,1.7409118497024627,0.0,0.0,0.0
