,RMSE,MAE,MAPE,PI Width,CI Coverage,PI Overlap
mean,377.1806468579243,321.80691867404516,5.2095532134477,0.0,0.0,0.0
median,319.2171730838527,271.3089396158854,4.420836936376796,0.0,0.0,0.0
std,75.49277827818598,67.71344990014637,1.056903069602249,0.0,0.0,0.0
