,RMSE,MAE,MAPE,PI Width,CI Coverage,PI Overlap
mean,445.559719795492,390.92755533854165,6.312081126727972,0.0,0.0,0.0
median,563.6755960610383,497.22176106770837,7.980830049834365,0.0,0.0,0.0
std,202.1123681555105,184.32265843379213,2.9142416302163703,0.0,0.0,0.0
