,RMSE,MAE,MAPE,PI Width,CI Coverage,PI Overlap
mean,284.1108806554224,221.8946506076389,4.00782859969617,0.0,0.0,0.0
std,5.995709359638167,5.5477663282931795,0.11383959037450408,0.0,0.0,0.0
