,RMSE,MAE,MAPE,PI Width,CI Coverage,PI Overlap
mean,297.6878126347325,252.7978217230903,4.119719395955316,0.0,0.0,0.0
std,81.39332955104288,73.3759850946585,1.1478224784874451,0.0,0.0,0.0
