,RMSE,MAE,MAPE,PI Width,CI Coverage,PI Overlap
mean,285.0169477344511,217.12232173451204,3.9007808747752697,0.0,0.0,0.0
median,284.986517749041,215.93452533922698,3.905717931200302,0.0,0.0,0.0
std,11.248154506288328,8.086532256475097,0.13287141012448067,0.0,0.0,0.0
