,RMSE,MAE,MAPE,PI Width,CI Coverage,PI Overlap
mean,286.11366559632353,232.01389271854575,4.017625825853222,0.0,0.0,0.0
std,9.621991098312355,10.001742730359082,0.1236737307919455,0.0,0.0,0.0
