,RMSE,MAE,MAPE,PI Width,CI Coverage,PI Overlap
mean,3008.0431926570827,2885.8614135742187,32.20141909882493,0.0,0.0,0.0
std,234.92106464782324,239.47520062828715,2.7305634065665254,0.0,0.0,0.0
