,RMSE,MAE,MAPE,PI Width,CI Coverage,PI Overlap
mean,2462.619077777887,2209.2958808051217,35.57346909486769,0.0,0.0,0.0
median,2479.2881168043195,2204.9031372070312,35.41729842451614,0.0,0.0,0.0
std,985.6930247709591,924.4786104807345,14.94547700738623,0.0,0.0,0.0
