,RMSE,MAE,MAPE,PI Width,CI Coverage,PI Overlap
mean,275.29266924815784,217.86625904224542,3.992698435694034,0.0,0.0,0.0
std,0.8188019883597805,0.7838384900216429,0.01560171455739462,0.0,0.0,0.0
