,RMSE,MAE,MAPE,PI Width,CI Coverage,PI Overlap
mean,664.5638763122489,586.4925550672743,9.435445476687844,0.0,0.0,0.0
std,243.25870617488948,224.22732495756955,3.5664360636451278,0.0,0.0,0.0
