True,Pred
5750,4472.006
5399,3734.8845
6123,3105.471
5730,2085.8042
6015,3724.1323
5989,2234.5398
6333,2571.777
6388,1614.5239
6048,333.89825
6322,2980.089
6405,521.91077
6523,2387.3997
