,RMSE,MAE,MAPE,PI Width,CI Coverage,PI Overlap
mean,6043.7209894461785,6034.952098701479,99.16360554412881,0.0,0.0,0.0
median,6058.005588781152,6049.196968237558,99.39736181904146,0.0,0.0,0.0
std,47.23797031942371,47.29255873803542,0.7791507831440584,0.0,0.0,0.0
