True,Pred
5750,64.26816
5399,63.875614
6123,62.99752
5730,60.99088
6015,57.225372
5989,51.739365
6333,51.49957
6388,51.08595
6048,50.44632
6322,49.63954
6405,48.915
6523,48.802658
