True,Pred
5750,6.0232134
5399,5.8441505
6123,5.4931984
5730,4.954602
6015,4.062268
5989,1.9967512
6333,1.7967596
6388,1.5306883
6048,1.2305094
6322,0.9369742
6405,0.70266455
6523,0.6292172
