True,Pred
4369,44.579384
4672,44.579384
4661,44.579384
4655,44.579384
4716,44.579384
4377,44.579384
4484,44.579384
4911,44.579384
5218,44.579384
5759,44.579384
5456,44.579384
5359,44.579384
5305,44.579384
5769,44.579384
5565,44.579384
5367,44.579384
5633,44.579384
5664,44.579384
6082,44.579384
6505,44.579384
5813,44.579384
6379,44.579384
6091,44.579384
6219,44.579384
6052,44.579384
6105,44.579384
6030,44.579384
5969,44.579384
5707,44.579384
5681,44.579384
6052,44.579384
5904,44.579384
5426,44.579384
6005,44.579384
5766,44.579384
5946,44.579384
5981,44.579384
6104,44.579384
5991,44.579384
5670,44.579384
5709,44.579384
5416,44.579384
5793,44.579384
