True,Pred
5750,61.960567
5399,61.68555
6123,61.057674
5730,59.682163
6015,57.260136
5989,54.845963
6333,54.731106
6388,54.550793
6048,54.306236
6322,54.048267
6405,53.877773
6523,53.849854
