True,Pred
4369,28.599442
4672,28.599442
4661,28.599442
4655,28.599442
4716,28.599442
4377,28.599442
4484,28.599442
4911,28.599442
5218,28.599442
5759,28.599442
5456,28.599442
5359,28.599442
5305,28.599442
5769,28.599442
5565,28.599442
5367,28.599442
5633,28.599442
5664,28.599442
6082,28.599442
6505,28.599442
5813,28.599442
6379,28.599442
6091,28.599442
6219,28.599442
6052,28.599442
6105,28.599442
6030,28.599442
5969,28.599442
5707,28.599442
5681,28.599442
6052,28.599442
5904,28.599442
5426,28.599442
6005,28.599442
5766,28.599442
5946,28.599442
5981,28.599442
6104,28.599442
5991,28.599442
5670,28.599442
5709,28.599442
5416,28.599442
5793,28.599442
