True,Pred
4369,61.960567
4672,61.960567
4661,61.960567
4655,61.960567
4716,61.960567
4377,61.960567
4484,61.960567
4911,61.960567
5218,61.960567
5759,61.960567
5456,61.960567
5359,61.960567
5305,61.960567
5769,61.960567
5565,61.960567
5367,61.960567
5633,61.960567
5664,61.960567
6082,61.960567
6505,61.960567
5813,61.960567
6379,61.960567
6091,61.960567
6219,61.960567
6052,61.960567
6105,61.960567
6030,61.960567
5969,61.960567
5707,61.960567
5681,61.960567
6052,61.960567
5904,61.960567
5426,61.960567
6005,61.960567
5766,61.960567
5946,61.960567
5981,61.960567
6104,61.960567
5991,61.960567
5670,61.960567
5709,61.960567
5416,61.960567
5793,61.960567
