True,Pred
5750,19.600943
5399,19.016619
6123,17.90924
5730,16.03931
6015,13.27508
5989,8.747069
6333,8.126914
6388,7.2356076
6048,6.1041365
6322,4.8565354
6405,3.741739
6523,3.2174213
