True,Pred
5750,25.029253
5399,24.262661
6123,22.855513
5730,20.346407
6015,16.231707
5989,8.540549
6333,7.3509383
6388,5.8036056
6048,4.0968904
6322,2.544032
6405,1.3903226
6523,0.9784536
