True,Pred
5750,71.85507
5399,71.67522
6123,71.24574
5730,70.36205
6015,68.72161
5989,64.41105
6333,64.369484
6388,64.293686
6048,64.165245
6322,63.964317
6405,63.67251
6523,63.664783
