True,Pred
4369,40.08177
4672,40.081768
4661,40.08177
4655,40.081768
4716,40.081768
4377,40.081764
4484,40.081768
4911,40.08177
5218,40.08177
5759,40.08177
5456,40.081768
5359,40.08177
5305,40.08177
5769,40.08177
5565,40.08177
5367,40.08177
5633,40.08177
5664,40.08177
6082,40.08177
6505,40.08177
5813,40.08177
6379,40.08177
6091,40.08177
6219,40.08177
6052,40.08177
6105,40.08177
6030,40.08177
5969,40.08177
5707,40.08177
5681,40.08177
6052,40.08177
5904,40.08177
5426,40.08177
6005,40.08177
5766,40.08177
5946,40.08177
5981,40.08177
6104,40.08177
5991,40.08177
5670,40.08177
5709,40.08177
5416,40.08177
5793,40.08177
