True,Pred
5750,34.723125
5399,34.31932
6123,33.215458
5730,30.882463
6015,26.910847
5989,19.054186
6333,18.408731
6388,17.276632
6048,15.626332
6322,13.617447
6405,11.543079
6523,10.776819
