True,Pred
5750,84.4604
5399,84.30225
6123,83.81984
5730,82.42101
6015,79.26841
5989,70.0082
6333,69.88268
6388,69.59546
6048,68.9998
6322,67.95655
6405,66.40933
6523,66.327805
