True,Pred
5750,40.0921
5399,39.454956
6123,38.22523
5730,35.951427
6015,32.1108
5989,26.25316
6333,25.765585
6388,24.990984
6048,23.884676
6322,22.521873
6405,21.184803
6523,20.770563
