True,Pred
4369,23.185865
4672,23.185865
4661,23.185865
4655,23.185865
4716,23.185865
4377,23.185865
4484,23.185865
4911,23.185865
5218,23.185865
5759,23.185865
5456,23.185865
5359,23.185865
5305,23.185865
5769,23.185865
5565,23.185865
5367,23.185865
5633,23.185865
5664,23.185865
6082,23.185865
6505,23.185865
5813,23.185865
6379,23.185865
6091,23.185865
6219,23.185865
6052,23.185865
6105,23.185865
6030,23.185865
5969,23.185865
5707,23.185865
5681,23.185865
6052,23.185865
5904,23.185865
5426,23.185865
6005,23.185865
5766,23.185865
5946,23.185865
5981,23.185865
6104,23.185865
5991,23.185865
5670,23.185865
5709,23.185865
5416,23.185865
5793,23.185865
