True,Pred
5750,220.47377
5399,220.47723
6123,220.42413
5730,220.32834
6015,220.14334
5989,217.17104
6333,217.16887
6388,217.16113
6048,217.14368
6322,217.10548
6405,217.00699
6523,217.00668
