True,Pred
5750,12.165004
5399,11.282537
6123,9.919052
5730,7.9496593
6015,5.5919514
5989,2.6207871
6333,2.1133661
6388,1.5587267
6048,1.0446484
6322,0.6701799
6405,0.4575694
6523,0.3944561
