True,Pred
5750,36.170914
5399,35.699703
6123,34.786713
5730,33.035652
6015,29.874641
5989,22.978346
6333,22.454012
6388,21.628963
6048,20.454897
6322,18.997204
6405,17.41288
6523,16.881401
