True,Pred
5750,22.399431
5399,21.634905
6123,19.96176
5730,16.987635
6015,12.767186
5989,7.0012617
6333,6.453711
6388,5.6975374
6048,4.7666507
6322,3.730942
6405,2.7797196
6523,2.4331617
