True,Pred
4369,31.46608
4672,31.465225
4661,31.471516
4655,31.464828
4716,31.46731
4377,31.466738
4484,31.473415
4911,31.471857
5218,31.470669
5759,31.470135
5456,31.472492
5359,31.490067
5305,31.510939
5769,31.524754
5565,31.531567
5367,31.524128
5633,31.524368
5664,31.52925
6082,31.53581
6505,31.53144
5813,31.53589
6379,31.548466
6091,31.559309
6219,31.572031
6052,31.573765
6105,31.56545
6030,31.573862
5969,31.567802
5707,31.567612
5681,31.562805
6052,31.560246
5904,31.555094
5426,31.550177
6005,31.545591
5766,31.548988
5946,31.55232
5981,31.545248
6104,31.54353
5991,31.555319
5670,31.553997
5709,31.55882
5416,31.55884
5793,31.555342
