True,Pred
5750,11.458975
5399,10.713459
6123,9.579997
5730,7.8079123
6015,5.4968405
5989,2.7570522
6333,2.208503
6388,1.6051637
6048,1.0468445
6322,0.63687533
6405,0.40755412
6523,0.32975733
