True,Pred
5750,16.89111
5399,16.448925
6123,15.55941
5730,13.964762
6015,11.512477
5989,6.1766443
6333,5.6352353
6388,4.8450966
6048,3.8448422
6322,2.7965271
6405,1.9170905
6523,1.606279
