True,Pred
5750,23.205015
5399,22.387777
6123,20.848246
5730,18.218588
6015,14.483897
5989,9.419147
6333,8.586369
6388,7.4781804
6048,6.149534
6322,4.751472
6405,3.5464175
6523,2.9760332
