True,Pred
5750,37.9637
5399,37.798233
6123,37.404613
5730,36.66084
6015,35.59032
5989,31.45534
6333,31.317635
6388,31.073633
6048,30.698864
6322,30.191439
6405,29.44585
6523,29.347128
