True,Pred
5750,82.5555
5399,82.1603
6123,81.30453
5730,79.13312
6015,74.84646
5989,68.820114
6333,68.55589
6388,68.100006
6048,67.37595
6322,66.46359
6405,65.692116
6523,65.56712
