True,Pred
5750,149.0288
5399,148.90123
6123,148.59303
5730,147.7947
6015,145.60161
5989,136.62936
6333,136.58914
6388,136.50111
6048,136.31093
6322,135.93666
6405,135.3012
6523,135.29158
