True,Pred
5750,63.372383
5399,62.8828
6123,61.738132
5730,59.34541
6015,55.113373
5989,46.719357
6333,46.464855
6388,46.016796
6048,45.32831
6322,44.42862
6405,43.426632
6523,43.31783
