True,Pred
4369,22.864765
4672,22.864765
4661,22.864765
4655,22.864765
4716,22.864765
4377,22.864765
4484,22.864765
4911,22.864765
5218,22.864765
5759,22.864765
5456,22.864765
5359,22.864765
5305,22.864765
5769,22.864765
5565,22.864765
5367,22.864765
5633,22.864765
5664,22.864765
6082,22.864765
6505,22.864765
5813,22.864765
6379,22.864765
6091,22.864765
6219,22.864765
6052,22.864765
6105,22.864765
6030,22.864765
5969,22.864765
5707,22.864765
5681,22.864765
6052,22.864765
5904,22.864765
5426,22.864765
6005,22.864765
5766,22.864765
5946,22.864765
5981,22.864765
6104,22.864765
5991,22.864765
5670,22.864765
5709,22.864765
5416,22.864765
5793,22.864765
