True,Pred
5750,79.6189
5399,79.52815
6123,79.30185
5730,78.73625
6015,77.39081
5989,72.683395
6333,72.65119
6388,72.58621
6048,72.46537
6322,72.26637
6405,71.99189
6523,71.984406
