True,Pred
4369,64.26816
4672,64.26816
4661,64.26816
4655,64.26816
4716,64.26816
4377,64.26816
4484,64.26816
4911,64.26816
5218,64.26816
5759,64.26816
5456,64.26816
5359,64.26816
5305,64.26816
5769,64.26816
5565,64.26816
5367,64.26816
5633,64.26816
5664,64.26816
6082,64.26816
6505,64.26816
5813,64.26816
6379,64.26816
6091,64.26816
6219,64.26816
6052,64.26816
6105,64.26816
6030,64.26816
5969,64.26816
5707,64.26816
5681,64.26816
6052,64.26816
5904,64.26816
5426,64.26816
6005,64.26816
5766,64.26816
5946,64.26816
5981,64.26816
6104,64.26816
5991,64.26816
5670,64.26816
5709,64.26816
5416,64.26816
5793,64.26816
