True,Pred
5750,4.1891475
5399,3.6618876
6123,3.0496914
5730,2.3354402
6015,1.5202456
5989,0.5664191
6333,0.4554763
6388,0.35484272
6048,0.2722543
6322,0.21285519
6405,0.17874067
6523,0.17021976
