True,Pred
4369,19.220604
4672,19.220604
4661,19.220604
4655,19.220604
4716,19.220604
4377,19.220604
4484,19.220604
4911,19.220604
5218,19.220604
5759,19.220604
5456,19.220604
5359,19.220604
5305,19.220604
5769,19.220604
5565,19.220604
5367,19.220604
5633,19.220604
5664,19.220604
6082,19.220604
6505,19.220604
5813,19.220604
6379,19.220604
6091,19.220604
6219,19.220604
6052,19.220604
6105,19.220604
6030,19.220604
5969,19.220604
5707,19.220604
5681,19.220604
6052,19.220604
5904,19.220604
5426,19.220604
6005,19.220604
5766,19.220604
5946,19.220604
5981,19.220604
6104,19.220604
5991,19.220604
5670,19.220604
5709,19.220604
5416,19.220604
5793,19.220604
