True,Pred
4369,90.14503
4672,90.14503
4661,90.14503
4655,90.14503
4716,90.14503
4377,90.14503
4484,90.14503
4911,90.14503
5218,90.14503
5759,90.14503
5456,90.14503
5359,90.14503
5305,90.14503
5769,90.14503
5565,90.14503
5367,90.14503
5633,90.14503
5664,90.14503
6082,90.14503
6505,90.14503
5813,90.14503
6379,90.14503
6091,90.14503
6219,90.14503
6052,90.14503
6105,90.14503
6030,90.14503
5969,90.14503
5707,90.14503
5681,90.14503
6052,90.14503
5904,90.14503
5426,90.14503
6005,90.14503
5766,90.14503
5946,90.14503
5981,90.14503
6104,90.14503
5991,90.14503
5670,90.14503
5709,90.14503
5416,90.14503
5793,90.14503
