True,Pred
4369,22.399431
4672,22.399431
4661,22.399431
4655,22.399431
4716,22.399431
4377,22.399431
4484,22.399431
4911,22.399431
5218,22.399431
5759,22.399431
5456,22.399431
5359,22.399431
5305,22.399431
5769,22.399431
5565,22.399431
5367,22.399431
5633,22.399431
5664,22.399431
6082,22.399431
6505,22.399431
5813,22.399431
6379,22.399431
6091,22.399431
6219,22.399431
6052,22.399431
6105,22.399431
6030,22.399431
5969,22.399431
5707,22.399431
5681,22.399431
6052,22.399431
5904,22.399431
5426,22.399431
6005,22.399431
5766,22.399431
5946,22.399431
5981,22.399431
6104,22.399431
5991,22.399431
5670,22.399431
5709,22.399431
5416,22.399431
5793,22.399431
