,RMSE,MAE,MAPE,PI Width,CI Coverage,PI Overlap
mean,1415.8112421505816,1281.1215162489148,20.67212710418521,0.0,0.0,0.0
median,1441.9118394183245,1298.6930541992188,20.872992188112907,0.0,0.0,0.0
std,726.5510349785387,677.7228085886754,10.909006657655821,0.0,0.0,0.0
