,RMSE,MAE,MAPE,PI Width,CI Coverage,PI Overlap
mean,255.88191888086234,213.95223931206596,3.5076085992596306,0.0,0.0,0.0
median,252.93522101641418,210.72607421875,3.4583748442076336,0.0,0.0,0.0
std,14.833665023182325,11.971973555713742,0.1818099406403665,0.0,0.0,0.0
