,RMSE,MAE,MAPE,PI Width,CI Coverage,PI Overlap
mean,448.2204130035196,391.4569607204861,6.324809335004243,0.0,0.0,0.0
std,142.45066627016658,130.16544957110867,2.057963323976419,0.0,0.0,0.0
