,RMSE,MAE,MAPE,PI Width,CI Coverage,PI Overlap
mean,426.6230896850797,367.23656005859385,5.909154797199819,0.0,0.0,0.0
median,425.92661733433727,366.18245442708337,5.892009049465217,0.0,0.0,0.0
std,16.63890519083905,13.801130559884873,0.21587772316924994,0.0,0.0,0.0
