,RMSE,MAE,MAPE,PI Width,CI Coverage,PI Overlap
mean,334.36598794165576,288.04286702473956,4.7025903340326485,0.0,0.0,0.0
median,350.4361257642538,304.08268229166663,4.938582482980758,0.0,0.0,0.0
std,41.58080520569425,40.266646653665816,0.6022280276751317,0.0,0.0,0.0
