,RMSE,MAE,MAPE,PI Width,CI Coverage,PI Overlap
mean,371.69520789917755,309.4397227113076,5.015312754341837,0.0,0.0,0.0
median,371.6952078991775,309.4397227113075,5.015312754341837,0.0,0.0,0.0
std,5.78151716258171e-14,5.78151716258171e-14,0.0,0.0,0.0,0.0
