,RMSE,MAE,MAPE,PI Width,CI Coverage,PI Overlap
mean,274.7811469603737,217.42468677662035,3.9925156511655713,0.0,0.0,0.0
std,9.868013528337766,9.462809454918812,0.20065548927200788,0.0,0.0,0.0
