,RMSE,MAE,MAPE,PI Width,CI Coverage,PI Overlap
mean,403.5200551969431,348.85928005642364,5.622494447026923,0.0,0.0,0.0
std,79.77395911587354,74.5875355038239,1.18565770234103,0.0,0.0,0.0
