,RMSE,MAE,MAPE,PI Width,CI Coverage,PI Overlap
mean,215.32319657666255,176.71492377387148,2.9657419656705724,0.0,0.0,0.0
median,205.16956745160763,167.17429606119794,2.8207011384727108,0.0,0.0,0.0
std,45.23360506051479,41.274897656287706,0.6365227758687535,0.0,0.0,0.0
