,RMSE,MAE,MAPE,PI Width,CI Coverage,PI Overlap
mean,580.6766513102567,512.1241102430555,8.232590071508787,0.0,0.0,0.0
median,526.6857127362869,463.83233642578125,7.447608021329231,0.0,0.0,0.0
std,197.26660796456284,181.11893692205686,2.8927348273195226,0.0,0.0,0.0
