,RMSE,MAE,MAPE,PI Width,CI Coverage,PI Overlap
mean,270.50503197141654,221.06065408457883,4.132257460289185,0.0,0.0,0.0
median,264.04704193180885,214.17430579144022,4.014193046374622,0.0,0.0,0.0
std,18.0141968080359,16.593811904833895,0.3357718004341808,0.0,0.0,0.0
