,RMSE,MAE,MAPE,PI Width,CI Coverage,PI Overlap
mean,466.60892170302265,402.70876736111114,6.479092427416008,0.0,0.0,0.0
median,473.8147738693293,408.6170450846354,6.571682922249249,0.0,0.0,0.0
std,17.91949626747413,14.594919527973056,0.2292190030906918,0.0,0.0,0.0
