,RMSE,MAE,MAPE,PI Width,CI Coverage,PI Overlap
mean,384.11012846175583,329.82122938368053,5.344236593230329,0.0,0.0,0.0
median,352.1954179359444,304.75008138020837,4.941427137509496,0.0,0.0,0.0
std,107.77219004794108,96.39370423420351,1.508287110048714,0.0,0.0,0.0
