,RMSE,MAE,MAPE,PI Width,CI Coverage,PI Overlap
mean,387.61054777117755,333.5698621961805,5.378945571726207,0.0,0.0,0.0
std,23.38468181385274,20.25951924758651,0.3165145445819995,0.0,0.0,0.0
