,RMSE,MAE,MAPE,PI Width,CI Coverage,PI Overlap
mean,422.7123020962509,367.4816487630208,5.930314114912305,0.0,0.0,0.0
median,422.1740456948366,367.17578125,5.925673646691994,0.0,0.0,0.0
std,9.551341191678194,7.29690226422766,0.11070493472629533,0.0,0.0,0.0
