,RMSE,MAE,MAPE,PI Width,CI Coverage,PI Overlap
mean,260.05037191234925,203.6397005948153,3.678838469310911,0.0,0.0,0.0
median,257.55841429194965,199.08157071200284,3.5882618946553384,0.0,0.0,0.0
std,7.5185263502223485,9.191387142006873,0.19170088292071966,0.0,0.0,0.0
