,RMSE,MAE,MAPE,PI Width,CI Coverage,PI Overlap
mean,374.121317155624,320.3133138020833,5.180065073182201,0.0,0.0,0.0
median,379.65432690369596,324.68282063802087,5.243053054006406,0.0,0.0,0.0
std,113.62128129166844,103.06099744163028,1.6166823139666053,0.0,0.0,0.0
