,RMSE,MAE,MAPE,PI Width,CI Coverage,PI Overlap
mean,292.9777524235488,242.80090972683956,4.492436893701552,0.0,0.0,0.0
median,292.9851730286584,242.84312146775267,4.49329169200705,0.0,0.0,0.0
std,0.2774317550760237,0.2870115522361585,0.0061014563530857385,0.0,0.0,0.0
