,RMSE,MAE,MAPE,PI Width,CI Coverage,PI Overlap
mean,291.5540412739791,241.29309760199655,3.9443520275168042,0.0,0.0,0.0
median,285.33417748693137,235.1282958984375,3.8475977816172726,0.0,0.0,0.0
std,26.846567145580202,25.712094137560538,0.39980817876772623,0.0,0.0,0.0
