,RMSE,MAE,MAPE,PI Width,CI Coverage,PI Overlap
mean,229.2893121350166,191.11384494357642,3.226787794793115,0.0,0.0,0.0
median,229.64021231504117,186.12354329427083,3.184299090539956,0.0,0.0,0.0
std,38.962339776083574,37.302062873363795,0.6140046681057576,0.0,0.0,0.0
