,RMSE,MAE,MAPE,PI Width,CI Coverage,PI Overlap
mean,515.8170926652907,452.3493326822917,7.2905712944347405,0.0,0.0,0.0
median,502.5293572564726,435.5135498046875,6.994385610537679,0.0,0.0,0.0
std,181.322149287517,167.35277031388463,2.655093076549195,0.0,0.0,0.0
