,RMSE,MAE,MAPE,PI Width,CI Coverage,PI Overlap
mean,273.2898571540257,212.24651567508013,3.774113990427208,0.0,0.0,0.0
std,2.563217151454414,2.4037521802377726,0.038427061239854454,0.0,0.0,0.0
