,RMSE,MAE,MAPE,PI Width,CI Coverage,PI Overlap
mean,443.8449194138388,352.60543557191517,6.229749665220074,0.0,0.0,0.0
std,94.92747651645122,76.94041450662644,1.3572384365712615,0.0,0.0,0.0
