,RMSE,MAE,MAPE,PI Width,CI Coverage,PI Overlap
mean,271.6019195584793,227.68601616753475,3.720996385484777,0.0,0.0,0.0
median,273.6976237061889,228.34928385416666,3.729165695523699,0.0,0.0,0.0
std,17.61813840960727,15.563511944018813,0.2380773239705307,0.0,0.0,0.0
