,RMSE,MAE,MAPE,PI Width,CI Coverage,PI Overlap
mean,2293.3443682363077,2065.6414141125147,33.3373596519006,0.0,0.0,0.0
median,1904.486600476518,1711.5249532063801,27.541992884922667,0.0,0.0,0.0
std,1669.2495586636953,1511.5736811873767,24.418951260740336,0.0,0.0,0.0
