,RMSE,MAE,MAPE,PI Width,CI Coverage,PI Overlap
mean,313.07560901513614,261.36139051649303,4.274810892644492,0.0,0.0,0.0
median,310.39371607320595,258.28973388671875,4.228863679086009,0.0,0.0,0.0
std,15.809966854340974,16.25869792760831,0.2523326263643225,0.0,0.0,0.0
