,RMSE,MAE,MAPE,PI Width,CI Coverage,PI Overlap
mean,455.92910505554397,394.60484619140624,6.353671405681926,0.0,0.0,0.0
median,461.9262916009719,397.6408487955729,6.393782889267589,0.0,0.0,0.0
std,56.41653532990112,50.0730863728446,0.7832137771008241,0.0,0.0,0.0
