,RMSE,MAE,MAPE,PI Width,CI Coverage,PI Overlap
mean,2738.4663555727793,2611.320517645943,29.077603961501115,0.0,0.0,0.0
std,365.7776733324574,369.8758288939999,4.199764362147322,0.0,0.0,0.0
