,RMSE,MAE,MAPE,PI Width,CI Coverage,PI Overlap
mean,270.46174854908213,214.18359809027777,3.9151454315198335,0.0,0.0,0.0
std,0.8523785305798658,2.074696116786162,0.04517202950488255,0.0,0.0,0.0
