,RMSE,MAE,MAPE,PI Width,CI Coverage,PI Overlap
mean,2847.2821007870516,2711.7903679741744,30.181850589881847,0.0,0.0,0.0
std,301.72020017610026,299.2188252986404,3.377689258411082,0.0,0.0,0.0
