,RMSE,MAE,MAPE,PI Width,CI Coverage,PI Overlap
mean,6026.435254961931,6017.852379745907,98.88528652858638,0.0,0.0,0.0
median,6028.621921040226,6020.016680081686,98.92053958417046,0.0,0.0,0.0
std,29.15337669762229,29.17240200742917,0.48038072848310537,0.0,0.0,0.0
