True,Pred
4323,110.08954
4825,110.08954
4462,110.08954
4642,110.08954
4369,110.08954
4672,110.08954
4661,110.08954
4655,110.08954
4716,110.08954
4377,110.08954
4484,110.08954
4911,110.08954
5218,110.08954
5759,110.08954
5456,110.08954
5359,110.08954
5305,110.08954
5769,110.08954
5565,110.08954
5367,110.08954
5633,110.08954
5664,110.08954
6082,110.08954
6505,110.08954
5813,110.08954
6379,110.08954
6091,110.08954
6219,110.08954
6052,110.08954
6105,110.08954
6030,110.08954
5969,110.08954
5707,110.08954
5681,110.08954
6052,110.08954
5904,110.08954
5426,110.08954
6005,110.08954
5766,110.08954
5946,110.08954
5981,110.08954
6104,110.08954
5991,110.08954
5670,110.08954
5709,110.08954
5416,110.08954
5793,110.08954
