True,Pred
4323,66.06768
4825,66.06768
4462,66.06768
4642,66.06768
4369,66.06768
4672,66.06768
4661,66.06768
4655,66.06768
4716,66.06768
4377,66.06768
4484,66.06768
4911,66.06768
5218,66.06768
5759,66.06768
5456,66.06768
5359,66.06768
5305,66.06768
5769,66.06768
5565,66.06768
5367,66.06768
5633,66.06768
5664,66.06768
6082,66.06768
6505,66.06768
5813,66.06768
6379,66.06768
6091,66.06768
6219,66.06768
6052,66.06768
6105,66.06768
6030,66.06768
5969,66.06768
5707,66.06768
5681,66.06768
6052,66.06768
5904,66.06768
5426,66.06768
6005,66.06768
5766,66.06768
5946,66.06768
5981,66.06768
6104,66.06768
5991,66.06768
5670,66.06768
5709,66.06768
5416,66.06768
5793,66.06768
