True,Pred
4323,88.05655
4825,88.05655
4462,88.05655
4642,88.05655
4369,88.05655
4672,88.05655
4661,88.05655
4655,88.05655
4716,88.05655
4377,88.05655
4484,88.05655
4911,88.05655
5218,88.05655
5759,88.05655
5456,88.05655
5359,88.05655
5305,88.05655
5769,88.05655
5565,88.05655
5367,88.05655
5633,88.05655
5664,88.05655
6082,88.05655
6505,88.05655
5813,88.05655
6379,88.05655
6091,88.05655
6219,88.05655
6052,88.05655
6105,88.05655
6030,88.05655
5969,88.05655
5707,88.05655
5681,88.05655
6052,88.05655
5904,88.05655
5426,88.05655
6005,88.05655
5766,88.05655
5946,88.05655
5981,88.05655
6104,88.05655
5991,88.05655
5670,88.05655
5709,88.05655
5416,88.05655
5793,88.05655
