True,Pred
5750,73.66853
5399,66.298294
6123,65.21212
5730,65.03295
6015,65.00286
5989,64.9978
6333,64.99696
6388,64.99681
6048,64.99678
6322,64.99677
6405,64.99677
6523,64.99677
