True,Pred
4323,95.78418
4825,95.78418
4462,95.78418
4642,95.78418
4369,95.78418
4672,95.78418
4661,95.78418
4655,95.78418
4716,95.78418
4377,95.78418
4484,95.78418
4911,95.78418
5218,95.78418
5759,95.78418
5456,95.78418
5359,95.78418
5305,95.78418
5769,95.78418
5565,95.78418
5367,95.78418
5633,95.78418
5664,95.78418
6082,95.78418
6505,95.78418
5813,95.78418
6379,95.78418
6091,95.78418
6219,95.78418
6052,95.78418
6105,95.78418
6030,95.78418
5969,95.78418
5707,95.78418
5681,95.78418
6052,95.78418
5904,95.78418
5426,95.78418
6005,95.78418
5766,95.78418
5946,95.78418
5981,95.78418
6104,95.78418
5991,95.78418
5670,95.78418
5709,95.78418
5416,95.78418
5793,95.78418
