True,Pred
5750,55.769104
5399,45.925674
6123,43.150223
5730,42.194935
6015,41.84427
5989,41.712513
6333,41.66258
6388,41.64359
6048,41.636368
6322,41.633614
6405,41.632565
6523,41.632164
