True,Pred
4323,55.769104
4825,55.769104
4462,55.769104
4642,55.769104
4369,55.769104
4672,55.769104
4661,55.769104
4655,55.769104
4716,55.769104
4377,55.769104
4484,55.769104
4911,55.769104
5218,55.769104
5759,55.769104
5456,55.769104
5359,55.769104
5305,55.769104
5769,55.769104
5565,55.769104
5367,55.769104
5633,55.769104
5664,55.769104
6082,55.769104
6505,55.769104
5813,55.769104
6379,55.769104
6091,55.769104
6219,55.769104
6052,55.769104
6105,55.769104
6030,55.769104
5969,55.769104
5707,55.769104
5681,55.769104
6052,55.769104
5904,55.769104
5426,55.769104
6005,55.769104
5766,55.769104
5946,55.769104
5981,55.769104
6104,55.769104
5991,55.769104
5670,55.769104
5709,55.769104
5416,55.769104
5793,55.769104
