True,Pred
4323,85.12989
4825,85.12989
4462,85.12989
4642,85.12989
4369,85.12989
4672,85.12989
4661,85.12989
4655,85.12989
4716,85.12989
4377,85.12989
4484,85.12989
4911,85.12989
5218,85.12989
5759,85.12989
5456,85.12989
5359,85.12989
5305,85.12989
5769,85.12989
5565,85.12989
5367,85.12989
5633,85.12989
5664,85.12989
6082,85.12989
6505,85.12989
5813,85.12989
6379,85.12989
6091,85.12989
6219,85.12989
6052,85.12989
6105,85.12989
6030,85.12989
5969,85.12989
5707,85.12989
5681,85.12989
6052,85.12989
5904,85.12989
5426,85.12989
6005,85.12989
5766,85.12989
5946,85.12989
5981,85.12989
6104,85.12989
5991,85.12989
5670,85.12989
5709,85.12989
5416,85.12989
5793,85.12989
