True,Pred
5750,74.771774
5399,68.09621
6123,67.61934
5730,67.58218
6015,67.579254
5989,67.57903
6333,67.57901
6388,67.57901
6048,67.57901
6322,67.57901
6405,67.57901
6523,67.57901
