True,Pred
5750,50.7535
5399,38.279976
6123,36.052147
5730,35.52561
6015,35.392704
5989,35.358597
6333,35.349808
6388,35.347538
6048,35.346947
6322,35.3468
6405,35.346764
6523,35.34675
