True,Pred
4323,96.714386
4825,96.714386
4462,96.714386
4642,96.714386
4369,96.714386
4672,96.714386
4661,96.714386
4655,96.714386
4716,96.714386
4377,96.714386
4484,96.714386
4911,96.714386
5218,96.714386
5759,96.714386
5456,96.714386
5359,96.714386
5305,96.714386
5769,96.714386
5565,96.714386
5367,96.714386
5633,96.714386
5664,96.714386
6082,96.714386
6505,96.714386
5813,96.714386
6379,96.714386
6091,96.714386
6219,96.714386
6052,96.714386
6105,96.714386
6030,96.714386
5969,96.714386
5707,96.714386
5681,96.714386
6052,96.714386
5904,96.714386
5426,96.714386
6005,96.714386
5766,96.714386
5946,96.714386
5981,96.714386
6104,96.714386
5991,96.714386
5670,96.714386
5709,96.714386
5416,96.714386
5793,96.714386
