True,Pred
5750,66.41397
5399,51.615677
6123,48.769756
5730,48.094727
6015,47.92665
5989,47.88429
6333,47.873585
6388,47.870872
6048,47.87019
6322,47.870014
6405,47.869972
6523,47.86996
