True,Pred
5750,79.09478
5399,71.04516
6123,70.04178
5730,69.901634
6015,69.88176
5989,69.878944
6333,69.87853
6388,69.87848
6048,69.87847
6322,69.87847
6405,69.87847
6523,69.87847
