True,Pred
4323,53.19358
4825,53.19358
4462,53.19358
4642,53.19358
4369,53.19358
4672,53.19358
4661,53.19358
4655,53.19358
4716,53.19358
4377,53.19358
4484,53.19358
4911,53.19358
5218,53.19358
5759,53.19358
5456,53.19358
5359,53.19358
5305,53.19358
5769,53.19358
5565,53.19358
5367,53.19358
5633,53.19358
5664,53.19358
6082,53.19358
6505,53.19358
5813,53.19358
6379,53.19358
6091,53.19358
6219,53.19358
6052,53.19358
6105,53.19358
6030,53.19358
5969,53.19358
5707,53.19358
5681,53.19358
6052,53.19358
5904,53.19358
5426,53.19358
6005,53.19358
5766,53.19358
5946,53.19358
5981,53.19358
6104,53.19358
5991,53.19358
5670,53.19358
5709,53.19358
5416,53.19358
5793,53.19358
