True,Pred
5750,142.20853
5399,136.06088
6123,135.61258
5730,135.57835
6015,135.57573
5989,135.57553
6333,135.57552
6388,135.57552
6048,135.57552
6322,135.57552
6405,135.57552
6523,135.57552
