True,Pred
5750,84.383675
5399,76.23194
6123,74.82792
5730,74.556114
6015,74.50235
5989,74.49168
6333,74.48956
6388,74.48914
6048,74.48905
6322,74.48904
6405,74.48904
6523,74.48904
