True,Pred
5750,44.381737
5399,32.919933
6123,29.682302
5730,28.498945
6015,28.024908
5989,27.827974
6333,27.744911
6388,27.709652
6048,27.694647
6322,27.688251
6405,27.685526
6523,27.684364
