True,Pred
5750,38.18043
5399,26.697908
6123,22.620962
5730,20.497955
6015,19.191343
5989,18.307766
6333,17.673178
6388,17.198002
6048,16.831295
6322,16.541798
6405,16.309196
6523,16.119696
