True,Pred
4323,53.00499
4825,53.00499
4462,53.00499
4642,53.00499
4369,53.00499
4672,53.00499
4661,53.00499
4655,53.00499
4716,53.00499
4377,53.00499
4484,53.00499
4911,53.00499
5218,53.00499
5759,53.00499
5456,53.00499
5359,53.00499
5305,53.00499
5769,53.00499
5565,53.00499
5367,53.00499
5633,53.00499
5664,53.00499
6082,53.00499
6505,53.00499
5813,53.00499
6379,53.00499
6091,53.00499
6219,53.00499
6052,53.00499
6105,53.00499
6030,53.00499
5969,53.00499
5707,53.00499
5681,53.00499
6052,53.00499
5904,53.00499
5426,53.00499
6005,53.00499
5766,53.00499
5946,53.00499
5981,53.00499
6104,53.00499
5991,53.00499
5670,53.00499
5709,53.00499
5416,53.00499
5793,53.00499
