True,Pred
5750,93.37843
5399,87.39824
6123,86.982704
5730,86.95141
6015,86.94905
5989,86.94886
6333,86.94885
6388,86.948845
6048,86.948845
6322,86.948845
6405,86.948845
6523,86.948845
