True,Pred
5750,108.57425
5399,101.360825
6123,100.55522
5730,100.45791
6015,100.44603
5989,100.44458
6333,100.4444
6388,100.44439
6048,100.44438
6322,100.44439
6405,100.44438
6523,100.44439
