True,Pred
5750,66.873
5399,55.833015
6123,53.90862
5730,53.510822
6015,53.425793
5989,53.407494
6333,53.40355
6388,53.402695
6048,53.40251
6322,53.40247
6405,53.402462
6523,53.402462
