True,Pred
5750,42.563576
5399,33.623756
6123,31.53041
5730,30.873175
6015,30.649221
5989,30.570826
6333,30.543125
6388,30.533306
6048,30.529823
6322,30.528585
6405,30.528143
6523,30.527988
