True,Pred
5750,97.51766
5399,88.15053
6123,87.29067
5730,87.20297
6015,87.19395
5989,87.193
6333,87.192924
6388,87.19292
6048,87.19292
6322,87.19292
6405,87.19292
6523,87.19292
