True,Pred
4323,67.58686
4825,67.58686
4462,67.58686
4642,67.58686
4369,67.58686
4672,67.58686
4661,67.58686
4655,67.58686
4716,67.58686
4377,67.58686
4484,67.58686
4911,67.58686
5218,67.58686
5759,67.58686
5456,67.58686
5359,67.58686
5305,67.58686
5769,67.58686
5565,67.58686
5367,67.58686
5633,67.58686
5664,67.58686
6082,67.58686
6505,67.58686
5813,67.58686
6379,67.58686
6091,67.58686
6219,67.58686
6052,67.58686
6105,67.58686
6030,67.58686
5969,67.58686
5707,67.58686
5681,67.58686
6052,67.58686
5904,67.58686
5426,67.58686
6005,67.58686
5766,67.58686
5946,67.58686
5981,67.58686
6104,67.58686
5991,67.58686
5670,67.58686
5709,67.58686
5416,67.58686
5793,67.58686
