True,Pred
5750,113.539505
5399,104.18902
6123,103.210884
5730,103.09867
6015,103.085655
5989,103.08414
6333,103.08398
6388,103.08394
6048,103.08393
6322,103.08394
6405,103.08393
6523,103.08394
