True,Pred
5750,92.61478
5399,80.8979
6123,78.82644
5730,78.40469
6015,78.316505
5989,78.29796
6333,78.29404
6388,78.29322
6048,78.29305
6322,78.29301
6405,78.293
6523,78.293
