True,Pred
5750,76.90231
5399,71.37357
6123,70.59794
5730,70.47709
6015,70.45796
5989,70.45493
6333,70.45445
6388,70.45438
6048,70.45437
6322,70.45436
6405,70.45436
6523,70.45436
