True,Pred
5750,67.84534
5399,59.77127
6123,58.6765
5730,58.50586
6015,58.47871
5989,58.474377
6333,58.473682
6388,58.47357
6048,58.473553
6322,58.473553
6405,58.473553
6523,58.473553
