True,Pred
5750,78.662285
5399,70.808075
6123,70.05933
5730,69.97845
6015,69.969604
5989,69.96863
6333,69.96852
6388,69.968506
6048,69.9685
6322,69.9685
6405,69.9685
6523,69.9685
