True,Pred
5750,48.83877
5399,43.94224
6123,42.90515
5730,42.64878
6015,42.583134
5989,42.566174
6333,42.56178
6388,42.560642
6048,42.560345
6322,42.560272
6405,42.560253
6523,42.56025
