True,Pred
5750,83.43153
5399,77.87941
6123,77.441734
5730,77.40402
6015,77.40074
5989,77.40046
6333,77.40044
6388,77.40043
6048,77.40044
6322,77.40043
6405,77.40044
6523,77.40043
