,RMSE,MAE,MAPE,PI Width,CI Coverage,PI Overlap
mean,255.38503825162238,207.49426486545138,3.545513896932671,0.0,0.0,0.0
median,255.25364986201558,208.5843017578125,3.5623970054073744,0.0,0.0,0.0
std,13.172123257871899,11.593935984405318,0.2006127308872112,0.0,0.0,0.0
