,RMSE,MAE,MAPE,PI Width,CI Coverage,PI Overlap
mean,387.3925380777375,334.09360487196176,5.4159208458488735,0.0,0.0,0.0
median,380.5069395848813,329.83140055338544,5.338129397249359,0.0,0.0,0.0
std,33.89774555494512,31.390299812280507,0.4866352385904846,0.0,0.0,0.0
