,RMSE,MAE,MAPE,PI Width,CI Coverage,PI Overlap
mean,262.136644784022,210.43392758969904,3.845401652357389,0.0,0.0,0.0
median,258.254218027865,208.63255750868055,3.810113967482995,0.0,0.0,0.0
std,10.915357792226242,9.082307525207824,0.18635642050267343,0.0,0.0,0.0
