,RMSE,MAE,MAPE,PI Width,CI Coverage,PI Overlap
mean,298.5691212241068,234.58269975863823,4.2581383162165345,0.0,0.0,0.0
std,28.165307877341053,23.897117431184558,0.45229988255657894,0.0,0.0,0.0
