,RMSE,MAE,MAPE,PI Width,CI Coverage,PI Overlap
mean,299.40536101210336,261.98263210720484,4.317575442215239,0.0,0.0,0.0
median,220.61343712031268,186.89170328776044,3.0971487230552164,0.0,0.0,0.0
std,184.76864879067236,180.38150427745006,2.9373096836009,0.0,0.0,0.0
