,RMSE,MAE,MAPE,PI Width,CI Coverage,PI Overlap
mean,481.6694840562975,417.9965494791667,6.757760067356615,0.0,0.0,0.0
median,564.8593654119948,494.75531005859375,7.940141408292457,0.0,0.0,0.0
std,162.73249772043093,150.37528530647043,2.3372399759511735,0.0,0.0,0.0
