,RMSE,MAE,MAPE,PI Width,CI Coverage,PI Overlap
mean,323.7588928713187,272.06737060546874,4.431471241512302,0.0,0.0,0.0
median,312.416632050247,263.5035603841146,4.287913163263848,0.0,0.0,0.0
std,22.657770407461395,26.278015179790238,0.38120727957997946,0.0,0.0,0.0
