True,Pred
5750,3785.2883
5399,3544.5916
6123,2960.4392
5730,2598.517
6015,1993.4332
5989,1198.7533
6333,773.66486
6388,1146.0396
6048,899.81134
6322,458.91525
6405,372.35095
6523,227.58844
