True,Pred
5750.0,-773631.0532403846
5399.0,39929472.88083509
6123.0,-2067757626.1353457
5730.0,107121153032.29092
6015.0,-5549480648366.776
5989.0,287494441631851.94
6333.0,-1.489383588886064e+16
6388.0,7.715848216753151e+17
6048.0,-3.997245179030415e+19
6322.0,2.0707987731782173e+21
6405.0,-1.0727907263463311e+23
6523.0,5.557661890867083e+24
