,RMSE,MAE,MAPE,PI Width,CI Coverage,PI Overlap
mean,346.84890635664925,296.2186238606771,4.795279178500201,0.0,0.0,0.0
median,375.4592156560698,321.85833740234375,5.191355459275433,0.0,0.0,0.0
std,52.620813464101126,47.68485027580553,0.7382727529879985,0.0,0.0,0.0
