,RMSE,MAE,MAPE,PI Width,CI Coverage,PI Overlap
mean,543.3851324836083,469.10541449652766,7.531488191054153,0.0,0.0,0.0
median,547.7612755327423,473.4718424479167,7.5985084488837416,0.0,0.0,0.0
std,77.48032894215187,67.40513883493198,1.0687924579251193,0.0,0.0,0.0
