,RMSE,MAE,MAPE,PI Width,CI Coverage,PI Overlap
mean,346.2080247229526,294.9479722764757,4.7942628569074035,0.0,0.0,0.0
median,419.45055155242005,362.730224609375,5.835628568964147,0.0,0.0,0.0
std,110.52812197379768,100.97731948383824,1.557989060721686,0.0,0.0,0.0
