,RMSE,MAE,MAPE,PI Width,CI Coverage,PI Overlap
mean,492.48824924570624,390.7530086263021,7.183950418088828,0.0,0.0,0.0
median,493.4091973004586,394.20126953125,7.232481470677785,0.0,0.0,0.0
std,1.9987381936344248,6.83448696787174,0.09614837353694508,0.0,0.0,0.0
