,RMSE,MAE,MAPE,PI Width,CI Coverage,PI Overlap
mean,477.6858317932634,417.9024617513021,6.735185301148489,0.0,0.0,0.0
std,120.10360843935207,110.39570941880423,1.7445348401958847,0.0,0.0,0.0
