,RMSE,MAE,MAPE,PI Width,CI Coverage,PI Overlap
mean,301.38340352848553,234.4147786458333,4.185311631031133,0.0,0.0,0.0
std,23.095381015337065,20.694020573916124,0.3337026508296247,0.0,0.0,0.0
