,RMSE,MAE,MAPE,PI Width,CI Coverage,PI Overlap
mean,447.3945032853521,338.14780873081145,6.163975569810151,0.0,0.0,0.0
median,447.6400280385782,339.00092516447364,6.172996484619157,0.0,0.0,0.0
std,1.6228614007382087,4.776676559500539,0.06529172968858397,0.0,0.0,0.0
