,RMSE,MAE,MAPE,PI Width,CI Coverage,PI Overlap
mean,284.41037256346954,218.50594339456646,3.852490538339842,0.0,0.0,0.0
median,286.36427839728697,215.3535420185811,3.790998504586415,0.0,0.0,0.0
std,20.483719137403092,15.214690020611135,0.2616627663709004,0.0,0.0,0.0
