,RMSE,MAE,MAPE,PI Width,CI Coverage,PI Overlap
mean,453.3978694516422,391.7335123697916,6.314143900069281,0.0,0.0,0.0
median,440.1514434885288,378.02341715494794,6.074559828295017,0.0,0.0,0.0
std,165.20094347481637,149.89807957933365,2.3771433728740496,0.0,0.0,0.0
