,RMSE,MAE,MAPE,PI Width,CI Coverage,PI Overlap
mean,561.6406944698975,451.26493326822913,8.598595329271594,0.0,0.0,0.0
median,561.5907154361774,451.39992453835225,8.600095908667026,0.0,0.0,0.0
std,0.2459351086795787,1.2125792128301824,0.013479178175314079,0.0,0.0,0.0
