,RMSE,MAE,MAPE,PI Width,CI Coverage,PI Overlap
mean,588.4714783376284,525.8988172743055,8.444930382146602,0.0,0.0,0.0
median,587.803283432385,525.24072265625,8.434353774488486,0.0,0.0,0.0
std,4.058706677506447,4.030719607377475,0.06477995518800231,0.0,0.0,0.0
