,RMSE,MAE,MAPE,PI Width,CI Coverage,PI Overlap
mean,587.7908190834488,525.221421983507,8.434043582553253,0.0,0.0,0.0
median,588.2822039273939,525.7163899739583,8.441998490699742,0.0,0.0,0.0
std,4.472128733731236,4.446123780377331,0.07145614860581961,0.0,0.0,0.0
