,RMSE,MAE,MAPE,PI Width,CI Coverage,PI Overlap
mean,394.84048030089394,339.15852050781257,5.513021568347836,0.0,0.0,0.0
median,330.66972235480785,283.24530029296875,4.604041419811484,0.0,0.0,0.0
std,146.34553731163217,135.59237134758047,2.130816550063181,0.0,0.0,0.0
