,RMSE,MAE,MAPE,PI Width,CI Coverage,PI Overlap
mean,2543.398567613803,2291.8190779187616,36.99882009647435,0.0,0.0,0.0
median,2270.1842580028124,2032.8932291666667,32.77289189768497,0.0,0.0,0.0
std,1638.7027477323086,1479.314545512538,23.884809076237048,0.0,0.0,0.0
