True,Pred
5750,5280.332
5399,4573.026
6123,4013.473
5730,2609.746
6015,1209.92
5989,669.2006
6333,-617.3504
6388,-835.14014
6048,-301.66574
6322,-1447.2463
6405,507.94672
6523,-261.15482
