,RMSE,MAE,MAPE,PI Width,CI Coverage,PI Overlap
mean,227.13425825877303,192.34490017361114,3.182191434241219,0.0,0.0,0.0
median,226.59365655585518,192.12530517578125,3.178932391319152,0.0,0.0,0.0
std,5.027355436790429,4.099049906284935,0.060723186247825744,0.0,0.0,0.0
