,RMSE,MAE,MAPE,PI Width,CI Coverage,PI Overlap
mean,414.8298153193886,361.567864312066,5.845213147402677,0.0,0.0,0.0
median,407.0644606390556,357.2861124674479,5.776553347848802,0.0,0.0,0.0
std,38.29094275796984,31.659348618122976,0.48836731410862005,0.0,0.0,0.0
