True,Pred
5750,2597.5176
5399,-543.5289
6123,-789.4325
5730,2182.643
6015,2810.8374
5989,2042.524
6333,-157.66617
6388,-4704.288
6048,72.86451
6322,3967.927
6405,10003.464
6523,15520.745
