True,Pred
5750,5277.192
5399,4438.6406
6123,4447.7437
5730,3791.4607
6015,3375.3774
5989,3021.659
6333,2202.8442
6388,1314.7126
6048,163.79984
6322,212.92545
6405,-387.3908
6523,617.9996
