True,Pred
5750,3708.652
5399,1420.2482
6123,2100.5962
5730,4142.5186
6015,6945.1025
5989,6098.0146
6333,122.11022
6388,-119.318375
6048,1031.0757
6322,6946.0957
6405,9769.233
6523,3995.883
