True,Pred
5750,3876.0447
5399,4000.6118
6123,2435.6848
5730,2891.7808
6015,1605.5592
5989,1322.4337
6333,-44.945045
6388,-1263.8677
6048,-1890.0792
6322,-711.28564
6405,401.1071
6523,702.74756
