True,Pred
5750,4942.7344
5399,4169.2065
6123,3178.7378
5730,2264.026
6015,1943.3708
5989,1820.8671
6333,1368.566
6388,998.99054
6048,789.743
6322,779.75183
6405,608.3231
6523,460.61502
