,RMSE,MAE,MAPE,PI Width,CI Coverage,PI Overlap
mean,3010.538750677187,2900.665323554145,32.42184185266135,0.0,0.0,0.0
std,79.26242864679095,81.3396780664184,0.931350113884273,0.0,0.0,0.0
