,RMSE,MAE,MAPE,PI Width,CI Coverage,PI Overlap
mean,1631.5764213290083,1461.6724155002169,23.527580134234494,0.0,0.0,0.0
median,1633.1356123298076,1476.5840759277344,23.847255695528375,0.0,0.0,0.0
std,784.5350015413616,718.9469026698084,11.588253827739212,0.0,0.0,0.0
