,RMSE,MAE,MAPE,PI Width,CI Coverage,PI Overlap
mean,5529.907944659325,5499.255715068181,99.48284131769972,0.0,0.0,0.0
median,5531.48350516372,5500.840262413025,99.51185470638632,0.0,0.0,0.0
std,14.552164990341103,14.633463368925606,0.26794173234095015,0.0,0.0,0.0
