,RMSE,MAE,MAPE,PI Width,CI Coverage,PI Overlap
mean,6079.934588393147,6071.219576410618,99.76122767544686,0.0,0.0,0.0
median,6086.22908957019,6077.416636146605,99.86157187498749,0.0,0.0,0.0
std,13.60956800963043,13.637283266412835,0.2248988481535016,0.0,0.0,0.0
