True,Pred
4825,53.688705
4462,53.688705
4642,53.688705
4369,53.688705
4672,53.688705
4661,53.688705
4655,53.688705
4716,53.688705
4377,53.688705
4484,53.688705
4911,53.688705
5218,53.688705
5759,53.688705
5456,53.688705
5359,53.688705
5305,53.688705
5769,53.688705
5565,53.688705
5367,53.688705
5633,53.688705
5664,53.688705
6082,53.688705
6505,53.688705
5813,53.688705
6379,53.688705
6091,53.688705
6219,53.688705
6052,53.688705
6105,53.688705
6030,53.688705
5969,53.688705
5707,53.688705
5681,53.688705
6052,53.688705
5904,53.688705
5426,53.688705
6005,53.688705
5766,53.688705
5946,53.688705
5981,53.688705
6104,53.688705
5991,53.688705
5670,53.688705
5709,53.688705
5416,53.688705
5793,53.688705
