True,Pred
5750,35.583458
5399,33.406063
6123,22.3175
5730,20.763083
6015,16.434036
5989,15.04771
6333,12.519597
6388,11.2393675
6048,9.4586315
6322,8.282791
6405,6.911691
6523,5.8712683
