True,Pred
5750,40.837593
5399,40.14886
6123,34.046158
5730,33.68183
6015,32.329144
5989,32.16095
6333,31.771221
6388,31.699284
6048,31.577814
6322,31.548717
6405,31.50965
6523,31.498346
