True,Pred
5750,19.033926
5399,17.066156
6123,8.383481
5730,6.7348647
6015,3.5521524
5989,2.531864
6333,1.4780239
6388,1.1375825
6048,0.903803
6322,0.8282421
6405,0.7853815
6523,0.77068883
