True,Pred
4825,10.03135
4462,10.03135
4642,10.03135
4369,10.03135
4672,10.03135
4661,10.03135
4655,10.03135
4716,10.03135
4377,10.03135
4484,10.03135
4911,10.03135
5218,10.03135
5759,10.03135
5456,10.03135
5359,10.03135
5305,10.03135
5769,10.03135
5565,10.03135
5367,10.03135
5633,10.03135
5664,10.03135
6082,10.03135
6505,10.03135
5813,10.03135
6379,10.03135
6091,10.03135
6219,10.03135
6052,10.03135
6105,10.03135
6030,10.03135
5969,10.03135
5707,10.03135
5681,10.03135
6052,10.03135
5904,10.03135
5426,10.03135
6005,10.03135
5766,10.03135
5946,10.03135
5981,10.03135
6104,10.03135
5991,10.03135
5670,10.03135
5709,10.03135
5416,10.03135
5793,10.03135
