True,Pred
5750,61.40283
5399,60.087433
6123,48.142944
5730,47.454906
6015,44.464684
5989,44.119946
6333,43.16314
6388,42.99906
6048,42.665974
6322,42.59133
6405,42.47121
6523,42.438457
