True,Pred
4825,15.209576
4462,15.209576
4642,15.209576
4369,15.209576
4672,15.209576
4661,15.209576
4655,15.209576
4716,15.209576
4377,15.209576
4484,15.209576
4911,15.209576
5218,15.209576
5759,15.209576
5456,15.209576
5359,15.209576
5305,15.209576
5769,15.209576
5565,15.209576
5367,15.209576
5633,15.209576
5664,15.209576
6082,15.209576
6505,15.209576
5813,15.209576
6379,15.209576
6091,15.209576
6219,15.209576
6052,15.209576
6105,15.209576
6030,15.209576
5969,15.209576
5707,15.209576
5681,15.209576
6052,15.209576
5904,15.209576
5426,15.209576
6005,15.209576
5766,15.209576
5946,15.209576
5981,15.209576
6104,15.209576
5991,15.209576
5670,15.209576
5709,15.209576
5416,15.209576
5793,15.209576
