True,Pred
5750,55.535824
5399,54.095024
6123,43.75633
5730,42.982594
6015,40.238876
5989,39.8106
6333,38.822052
6388,38.590324
6048,38.19205
6322,38.07008
6405,37.9009
6523,37.838284
