True,Pred
5750,10.03135
5399,8.49049
6123,2.9641783
5730,1.7711786
6015,0.63313365
5989,0.42205644
6333,0.31559232
6388,0.29618967
6048,0.2881633
6322,0.2865277
6405,0.2859189
6523,0.28578356
