True,Pred
5750,31.578934
5399,29.256536
6123,17.053804
5730,15.47714
6015,11.389697
5989,10.116864
6333,7.873927
6388,6.7499447
6048,5.252874
6322,4.3046656
6405,3.3099623
6523,2.6536756
