True,Pred
5750,19.825686
5399,18.935623
6123,11.704051
5730,10.197981
6015,6.413217
5989,4.7638326
6333,2.6665375
6388,1.7255675
6048,1.0569062
6322,0.8106784
6405,0.6830287
6523,0.6380903
