True,Pred
5750,23.845694
5399,21.569931
6123,12.667074
5730,11.075378
6015,7.293849
5989,5.8347225
6333,3.7291079
6388,2.7150145
6048,1.7838447
6322,1.3578088
6405,1.0742162
6523,0.95067495
