True,Pred
4825,10.468946
4462,10.468946
4642,10.468946
4369,10.468946
4672,10.468946
4661,10.468946
4655,10.468946
4716,10.468946
4377,10.468946
4484,10.468946
4911,10.468946
5218,10.468946
5759,10.468946
5456,10.468946
5359,10.468946
5305,10.468946
5769,10.468946
5565,10.468946
5367,10.468946
5633,10.468946
5664,10.468946
6082,10.468946
6505,10.468946
5813,10.468946
6379,10.468946
6091,10.468946
6219,10.468946
6052,10.468946
6105,10.468946
6030,10.468946
5969,10.468946
5707,10.468946
5681,10.468946
6052,10.468946
5904,10.468946
5426,10.468946
6005,10.468946
5766,10.468946
5946,10.468946
5981,10.468946
6104,10.468946
5991,10.468946
5670,10.468946
5709,10.468946
5416,10.468946
5793,10.468946
