True,Pred
4825,19.825686
4462,19.825686
4642,19.825686
4369,19.825686
4672,19.825686
4661,19.825686
4655,19.825686
4716,19.825686
4377,19.825686
4484,19.825686
4911,19.825686
5218,19.825686
5759,19.825686
5456,19.825686
5359,19.825686
5305,19.825686
5769,19.825686
5565,19.825686
5367,19.825686
5633,19.825686
5664,19.825686
6082,19.825686
6505,19.825686
5813,19.825686
6379,19.825686
6091,19.825686
6219,19.825686
6052,19.825686
6105,19.825686
6030,19.825686
5969,19.825686
5707,19.825686
5681,19.825686
6052,19.825686
5904,19.825686
5426,19.825686
6005,19.825686
5766,19.825686
5946,19.825686
5981,19.825686
6104,19.825686
5991,19.825686
5670,19.825686
5709,19.825686
5416,19.825686
5793,19.825686
