True,Pred
5750,59.355545
5399,57.253334
6123,43.888325
5730,43.016975
6015,40.300064
5989,39.94691
6333,39.221706
6388,39.084446
6048,38.873787
6322,38.822754
6405,38.75955
6523,38.741234
