True,Pred
4825,27.713577
4462,27.713577
4642,27.713577
4369,27.713577
4672,27.713577
4661,27.713577
4655,27.713577
4716,27.713577
4377,27.713577
4484,27.713577
4911,27.713577
5218,27.713577
5759,27.713577
5456,27.713577
5359,27.713577
5305,27.713577
5769,27.713577
5565,27.713577
5367,27.713577
5633,27.713577
5664,27.713577
6082,27.713577
6505,27.713577
5813,27.713577
6379,27.713577
6091,27.713577
6219,27.713577
6052,27.713577
6105,27.713577
6030,27.713577
5969,27.713577
5707,27.713577
5681,27.713577
6052,27.713577
5904,27.713577
5426,27.713577
6005,27.713577
5766,27.713577
5946,27.713577
5981,27.713577
6104,27.713577
5991,27.713577
5670,27.713577
5709,27.713577
5416,27.713577
5793,27.713577
