True,Pred
5750,38.472603
5399,36.74411
6123,25.916937
5730,24.76064
6015,21.089098
5989,20.192127
6333,18.341028
6388,17.61655
6048,16.485151
6322,15.8843975
6405,15.101538
6523,14.590931
