True,Pred
4825,18.902592
4462,18.902592
4642,18.902592
4369,18.902592
4672,18.902592
4661,18.902592
4655,18.902592
4716,18.902592
4377,18.902592
4484,18.902592
4911,18.902592
5218,18.902592
5759,18.902592
5456,18.902592
5359,18.902592
5305,18.902592
5769,18.902592
5565,18.902592
5367,18.902592
5633,18.902592
5664,18.902592
6082,18.902592
6505,18.902592
5813,18.902592
6379,18.902592
6091,18.902592
6219,18.902592
6052,18.902592
6105,18.902592
6030,18.902592
5969,18.902592
5707,18.902592
5681,18.902592
6052,18.902592
5904,18.902592
5426,18.902592
6005,18.902592
5766,18.902592
5946,18.902592
5981,18.902592
6104,18.902592
5991,18.902592
5670,18.902592
5709,18.902592
5416,18.902592
5793,18.902592
