True,Pred
5750,28.480663
5399,26.60954
6123,17.663311
5730,16.04014
6015,12.258782
5989,10.760921
6333,8.438797
6388,7.0578785
6048,5.411853
6322,4.246014
6405,3.1191578
6523,2.3276508
