True,Pred
4825,28.65893
4462,28.65893
4642,28.65893
4369,28.65893
4672,28.65893
4661,28.65893
4655,28.65893
4716,28.65893
4377,28.65893
4484,28.65893
4911,28.65893
5218,28.65893
5759,28.65893
5456,28.65893
5359,28.65893
5305,28.65893
5769,28.65893
5565,28.65893
5367,28.65893
5633,28.65893
5664,28.65893
6082,28.65893
6505,28.65893
5813,28.65893
6379,28.65893
6091,28.65893
6219,28.65893
6052,28.65893
6105,28.65893
6030,28.65893
5969,28.65893
5707,28.65893
5681,28.65893
6052,28.65893
5904,28.65893
5426,28.65893
6005,28.65893
5766,28.65893
5946,28.65893
5981,28.65893
6104,28.65893
5991,28.65893
5670,28.65893
5709,28.65893
5416,28.65893
5793,28.65893
