True,Pred
5750,34.560814
5399,33.468246
6123,26.99881
5730,26.232916
6015,24.049257
5989,23.514423
6333,22.492786
6388,22.113363
6048,21.55243
6322,21.279573
6405,20.939743
6523,20.74132
