True,Pred
4825,31.46792
4462,31.46792
4642,31.46792
4369,31.46792
4672,31.46792
4661,31.46792
4655,31.46792
4716,31.46792
4377,31.46792
4484,31.46792
4911,31.46792
5218,31.46792
5759,31.46792
5456,31.46792
5359,31.46792
5305,31.46792
5769,31.46792
5565,31.46792
5367,31.46792
5633,31.46792
5664,31.46792
6082,31.46792
6505,31.46792
5813,31.46792
6379,31.46792
6091,31.46792
6219,31.46792
6052,31.46792
6105,31.46792
6030,31.46792
5969,31.46792
5707,31.46792
5681,31.46792
6052,31.46792
5904,31.46792
5426,31.46792
6005,31.46792
5766,31.46792
5946,31.46792
5981,31.46792
6104,31.46792
5991,31.46792
5670,31.46792
5709,31.46792
5416,31.46792
5793,31.46792
