True,Pred
4825,40.837593
4462,40.837593
4642,40.837593
4369,40.837593
4672,40.837593
4661,40.837593
4655,40.837593
4716,40.837593
4377,40.837593
4484,40.837593
4911,40.837593
5218,40.837593
5759,40.837593
5456,40.837593
5359,40.837593
5305,40.837593
5769,40.837593
5565,40.837593
5367,40.837593
5633,40.837593
5664,40.837593
6082,40.837593
6505,40.837593
5813,40.837593
6379,40.837593
6091,40.837593
6219,40.837593
6052,40.837593
6105,40.837593
6030,40.837593
5969,40.837593
5707,40.837593
5681,40.837593
6052,40.837593
5904,40.837593
5426,40.837593
6005,40.837593
5766,40.837593
5946,40.837593
5981,40.837593
6104,40.837593
5991,40.837593
5670,40.837593
5709,40.837593
5416,40.837593
5793,40.837593
