True,Pred
5750,18.420511
5399,16.834335
6123,8.761377
5730,7.0901685
6015,3.7356315
5989,2.4754016
6333,1.2334092
6388,0.8071672
6048,0.5571752
6322,0.47988957
6405,0.4429831
6523,0.4312404
