True,Pred
4825,10.209319
4462,10.209319
4642,10.209319
4369,10.209319
4672,10.209319
4661,10.209319
4655,10.209319
4716,10.209319
4377,10.209319
4484,10.209319
4911,10.209319
5218,10.209319
5759,10.209319
5456,10.209319
5359,10.209319
5305,10.209319
5769,10.209319
5565,10.209319
5367,10.209319
5633,10.209319
5664,10.209319
6082,10.209319
6505,10.209319
5813,10.209319
6379,10.209319
6091,10.209319
6219,10.209319
6052,10.209319
6105,10.209319
6030,10.209319
5969,10.209319
5707,10.209319
5681,10.209319
6052,10.209319
5904,10.209319
5426,10.209319
6005,10.209319
5766,10.209319
5946,10.209319
5981,10.209319
6104,10.209319
5991,10.209319
5670,10.209319
5709,10.209319
5416,10.209319
5793,10.209319
