True,Pred
4825,7.7776656
4462,7.7776656
4642,7.7776656
4369,7.7776656
4672,7.7776656
4661,7.7776656
4655,7.7776656
4716,7.7776656
4377,7.7776656
4484,7.7776656
4911,7.7776656
5218,7.7776656
5759,7.7776656
5456,7.7776656
5359,7.7776656
5305,7.7776656
5769,7.7776656
5565,7.7776656
5367,7.7776656
5633,7.7776656
5664,7.7776656
6082,7.7776656
6505,7.7776656
5813,7.7776656
6379,7.7776656
6091,7.7776656
6219,7.7776656
6052,7.7776656
6105,7.7776656
6030,7.7776656
5969,7.7776656
5707,7.7776656
5681,7.7776656
6052,7.7776656
5904,7.7776656
5426,7.7776656
6005,7.7776656
5766,7.7776656
5946,7.7776656
5981,7.7776656
6104,7.7776656
5991,7.7776656
5670,7.7776656
5709,7.7776656
5416,7.7776656
5793,7.7776656
