True,Pred
5750,14.928102
5399,13.495987
6123,6.969489
5730,5.5715013
6015,3.1114314
5989,2.2050667
6333,1.3391519
6388,1.0192994
6048,0.8139067
6322,0.73956645
6405,0.6996501
6523,0.6846381
