True,Pred
5750,49.454075
5399,47.94959
6123,39.309757
5730,38.737305
6015,36.980015
5989,36.749893
6333,36.275913
6388,36.186832
6048,36.048557
6322,36.01553
6405,35.973976
6523,35.96216
