True,Pred
5750,27.713577
5399,26.39392
6123,17.899782
5730,16.668238
6015,13.045151
5989,11.6838045
6333,9.188815
6388,7.669069
6048,5.6456633
6322,4.191713
6405,2.7823958
6523,1.8905872
