True,Pred
5750,16.340525
5399,14.329227
6123,7.869738
5730,6.4364104
6015,4.082264
5989,3.0766559
6333,1.9951749
6388,1.4654349
6048,1.0660617
6322,0.8784316
6405,0.76386005
6523,0.7104845
