True,Pred
4825,11.5392885
4462,11.5392885
4642,11.5392885
4369,11.5392885
4672,11.5392885
4661,11.5392885
4655,11.5392885
4716,11.5392885
4377,11.5392885
4484,11.5392885
4911,11.5392885
5218,11.5392885
5759,11.5392885
5456,11.5392885
5359,11.5392885
5305,11.5392885
5769,11.5392885
5565,11.5392885
5367,11.5392885
5633,11.5392885
5664,11.5392885
6082,11.5392885
6505,11.5392885
5813,11.5392885
6379,11.5392885
6091,11.5392885
6219,11.5392885
6052,11.5392885
6105,11.5392885
6030,11.5392885
5969,11.5392885
5707,11.5392885
5681,11.5392885
6052,11.5392885
5904,11.5392885
5426,11.5392885
6005,11.5392885
5766,11.5392885
5946,11.5392885
5981,11.5392885
6104,11.5392885
5991,11.5392885
5670,11.5392885
5709,11.5392885
5416,11.5392885
5793,11.5392885
