True,Pred
5750,29.356482
5399,27.67386
6123,17.671282
5730,16.214993
6015,12.443458
5989,11.143184
6333,8.967923
6388,7.776381
6048,6.2502155
6322,5.191403
6405,4.069908
6523,3.2379427
