True,Pred
5750,31.46792
5399,29.359041
6123,20.257051
5730,18.772995
6015,14.903383
5989,13.381353
6333,10.641727
6388,8.931071
6048,6.60767
6322,4.894841
6405,3.1916177
6523,2.0985708
