True,Pred
5750,30.946486
5399,28.088444
6123,15.209801
5730,13.540745
6015,9.399635
5989,8.119637
6333,6.1033735
6388,5.1130385
6048,3.946882
6322,3.2447093
6405,2.5849721
6523,2.1740484
