True,Pred
5750,11.5392885
5399,10.057318
6123,3.5704107
5730,2.6098485
6015,1.2747955
5989,1.0264102
6333,0.8246342
6388,0.7813648
6048,0.7541256
6322,0.74730456
6405,0.7436266
6523,0.74259526
