,RMSE,MAE,MAPE,PI Width,CI Coverage,PI Overlap
mean,657.177319685374,590.1540928819445,10.639021414300345,0.0,0.0,0.0
std,296.51650586671684,307.8350796230785,5.523821925846714,0.0,0.0,0.0
