,RMSE,MAE,MAPE,PI Width,CI Coverage,PI Overlap
mean,276.7979472769952,222.25439150314924,4.007591868300668,0.0,0.0,0.0
std,32.634054940087836,27.89851069778974,0.5323387509089907,0.0,0.0,0.0
