,RMSE,MAE,MAPE,PI Width,CI Coverage,PI Overlap
mean,354.44169958097945,283.17008463541663,5.22743289802274,0.0,0.0,0.0
median,350.60512251721366,275.0807140261628,5.170516461835724,0.0,0.0,0.0
std,51.43205251954601,42.58254893823279,0.8376412380528442,0.0,0.0,0.0
