,RMSE,MAE,MAPE,PI Width,CI Coverage,PI Overlap
mean,450.6464041101737,389.57372097439236,6.275596821475586,0.0,0.0,0.0
median,438.7405164206586,376.7879842122396,6.060932570137121,0.0,0.0,0.0
std,66.64387658033338,60.35376619831147,0.9474047321144697,0.0,0.0,0.0
