,RMSE,MAE,MAPE,PI Width,CI Coverage,PI Overlap
mean,460.0784239760664,399.74281548394094,6.436129331500985,0.0,0.0,0.0
median,449.54456021383464,390.1209513346354,6.284385842521939,0.0,0.0,0.0
std,47.90459431180394,41.16335566546275,0.6445875347995873,0.0,0.0,0.0
