,RMSE,MAE,MAPE,PI Width,CI Coverage,PI Overlap
mean,367.415745804328,315.04652506510416,5.099030621121413,0.0,0.0,0.0
median,386.7997266780186,333.51603190104163,5.386606027342249,0.0,0.0,0.0
std,33.94535108252409,30.69971243893396,0.47403783519763354,0.0,0.0,0.0
