,RMSE,MAE,MAPE,PI Width,CI Coverage,PI Overlap
mean,485.7689109904639,419.65569797092013,6.749382842465832,0.0,0.0,0.0
median,490.5540301560891,421.46199544270837,6.765199379641287,0.0,0.0,0.0
std,82.0163165388583,74.16131352335356,1.1673883097542332,0.0,0.0,0.0
