,RMSE,MAE,MAPE,PI Width,CI Coverage,PI Overlap
mean,526.649756166063,468.7566541883681,7.612197906472973,0.0,0.0,0.0
median,445.31350037680204,384.293701171875,6.185378126617861,0.0,0.0,0.0
std,266.07225662374697,269.2173641609992,4.336121680482773,0.0,0.0,0.0
