,RMSE,MAE,MAPE,PI Width,CI Coverage,PI Overlap
mean,569.1479366145898,445.3039078776041,8.229355139700465,0.0,0.0,0.0
median,565.5950186275036,420.99232177734376,8.175808659234661,0.0,0.0,0.0
std,75.39468410659838,88.52872602457921,1.3559071326112264,0.0,0.0,0.0
