,RMSE,MAE,MAPE,PI Width,CI Coverage,PI Overlap
mean,262.8785009702115,210.20629844961243,3.7891175598324724,0.0,0.0,0.0
std,17.793506581747017,14.056381567154492,0.24995539290546864,0.0,0.0,0.0
