,RMSE,MAE,MAPE,PI Width,CI Coverage,PI Overlap
mean,262.80436493348907,212.28029043692126,3.899543133838415,0.0,0.0,0.0
median,261.3647896220772,210.05116102430554,3.879135828416639,0.0,0.0,0.0
std,11.797669509798373,11.026440247857769,0.22581983634013375,0.0,0.0,0.0
