,RMSE,MAE,MAPE,PI Width,CI Coverage,PI Overlap
mean,1917.7745292998595,1709.7400468614362,27.50531353226689,0.0,0.0,0.0
median,1736.322360170686,1518.3860778808594,24.32523492236767,0.0,0.0,0.0
std,1091.6441732354285,1006.6236687452829,16.250071815203714,0.0,0.0,0.0
