,RMSE,MAE,MAPE,PI Width,CI Coverage,PI Overlap
mean,561.2912446437535,495.6464152018229,7.962350659066346,0.0,0.0,0.0
std,90.50999343577053,87.82715943155138,1.402502442570983,0.0,0.0,0.0
