,RMSE,MAE,MAPE,PI Width,CI Coverage,PI Overlap
mean,407.92499233091905,351.20235324435765,5.659604486722197,0.0,0.0,0.0
median,414.9595263131701,357.7458292643229,5.759251594190958,0.0,0.0,0.0
std,47.965738883222365,44.16508137179125,0.6931519631453317,0.0,0.0,0.0
