,RMSE,MAE,MAPE,PI Width,CI Coverage,PI Overlap
mean,641.9059392649239,576.0661051432292,9.252348623715188,0.0,0.0,0.0
median,642.2016698542673,578.0236206054688,9.283746386546376,0.0,0.0,0.0
std,92.36904375768972,90.47405772871993,1.4585215641379805,0.0,0.0,0.0
