,RMSE,MAE,MAPE,PI Width,CI Coverage,PI Overlap
mean,439.6361535395172,381.8526516384548,6.132812827030207,0.0,0.0,0.0
median,443.9994543572235,386.05027262369794,6.199453569762738,0.0,0.0,0.0
std,20.052496858323213,18.419068058774357,0.2933829010429901,0.0,0.0,0.0
