,RMSE,MAE,MAPE,PI Width,CI Coverage,PI Overlap
mean,288.5319449826592,222.3287138588408,3.97670605288508,0.0,0.0,0.0
std,16.155214801320298,14.313327382620145,0.24142235456713235,0.0,0.0,0.0
