,RMSE,MAE,MAPE,PI Width,CI Coverage,PI Overlap
mean,492.5891387946827,429.13983154296875,6.9035486646451085,0.0,0.0,0.0
std,115.98009392845813,107.47092363866342,1.7125536281448244,0.0,0.0,0.0
