,RMSE,MAE,MAPE,PI Width,CI Coverage,PI Overlap
mean,256.102841891279,209.52560257523143,3.8529924991940643,0.0,0.0,0.0
std,8.045991345801239,8.296321939758085,0.1652656467862867,0.0,0.0,0.0
