,RMSE,MAE,MAPE,PI Width,CI Coverage,PI Overlap
mean,455.4252073708313,394.1865424262153,6.354182404186518,0.0,0.0,0.0
median,438.41337431176544,376.1507568359375,6.058395418120625,0.0,0.0,0.0
std,86.67178797539992,79.31983484889054,1.247035470635702,0.0,0.0,0.0
