,RMSE,MAE,MAPE,PI Width,CI Coverage,PI Overlap
mean,266.09892900707626,217.06780598958338,3.6677344876234774,0.0,0.0,0.0
median,253.4412050436064,209.57862141927083,3.5403761168105117,0.0,0.0,0.0
std,39.659853339905176,36.05027038669695,0.5760606935449701,0.0,0.0,0.0
