,RMSE,MAE,MAPE,PI Width,CI Coverage,PI Overlap
mean,460.31182276501255,400.03139105902767,6.438052657669464,0.0,0.0,0.0
std,101.3867316671641,93.510854472375,1.4801502005569844,0.0,0.0,0.0
