,RMSE,MAE,MAPE,PI Width,CI Coverage,PI Overlap
mean,607.4058582536456,532.5870781792535,8.54611436058036,0.0,0.0,0.0
median,612.62612561045,540.4540201822917,8.668729341238897,0.0,0.0,0.0
std,126.72347847286365,115.36704807671654,1.8372954766009588,0.0,0.0,0.0
