,RMSE,MAE,MAPE,PI Width,CI Coverage,PI Overlap
mean,290.2951161509779,234.94467669547873,4.312297276879692,0.0,0.0,0.0
median,290.27684485088173,235.0084825880984,4.314385507705738,0.0,0.0,0.0
std,0.7434373634349121,0.6853366207262546,0.01572818281584067,0.0,0.0,0.0
