,RMSE,MAE,MAPE,PI Width,CI Coverage,PI Overlap
mean,604.3394221625581,524.0568549262154,8.405727883622875,0.0,0.0,0.0
median,603.0643666919327,522.3228963216146,8.37735452040518,0.0,0.0,0.0
std,20.20909273110153,18.65448437056196,0.2983178998612193,0.0,0.0,0.0
