,RMSE,MAE,MAPE,PI Width,CI Coverage,PI Overlap
mean,272.6647983658069,219.42064073350687,3.6749456302684385,0.0,0.0,0.0
median,246.188496893791,191.07004801432294,3.238547707350043,0.0,0.0,0.0
std,67.66014645426904,66.29151204355493,1.0060665036334477,0.0,0.0,0.0
