,RMSE,MAE,MAPE,PI Width,CI Coverage,PI Overlap
mean,474.2530180222596,412.55140109592014,6.63811336376611,0.0,0.0,0.0
median,475.66872558004263,408.37215169270837,6.560984658472226,0.0,0.0,0.0
std,57.47557947736286,51.8439883368781,0.8181627997924183,0.0,0.0,0.0
