,RMSE,MAE,MAPE,PI Width,CI Coverage,PI Overlap
mean,271.9962801069297,210.45298722141473,3.8068558888798214,0.0,0.0,0.0
std,0.6501184973620714,2.424148491619349,0.05226775897657149,0.0,0.0,0.0
