,RMSE,MAE,MAPE,PI Width,CI Coverage,PI Overlap
mean,463.2648939390359,400.72290852864575,6.462811793793586,0.0,0.0,0.0
median,440.08903248287123,380.9356282552083,6.135998843092146,0.0,0.0,0.0
std,147.19055250271356,133.31482360282095,2.1109900509106323,0.0,0.0,0.0
