,RMSE,MAE,MAPE,PI Width,CI Coverage,PI Overlap
mean,252.5231180029882,205.7417075376157,3.7533978128307397,0.0,0.0,0.0
median,248.9568937632905,202.97702365451389,3.709392169290542,0.0,0.0,0.0
std,10.912246314464648,9.65605168688009,0.17479024739573035,0.0,0.0,0.0
