,RMSE,MAE,MAPE,PI Width,CI Coverage,PI Overlap
mean,571.9438443845746,501.1660427517361,8.050801436244512,0.0,0.0,0.0
median,560.3955656738924,490.73103841145837,7.878099648731014,0.0,0.0,0.0
std,137.15011291797,126.41182436658087,2.016497746404957,0.0,0.0,0.0
