,RMSE,MAE,MAPE,PI Width,CI Coverage,PI Overlap
mean,252.78141698996896,207.43750072337963,3.7792605091640556,0.0,0.0,0.0
median,250.70929924132903,205.7734157986111,3.7616434969008026,0.0,0.0,0.0
std,9.902202844991464,9.437182138922214,0.1759636400375165,0.0,0.0,0.0
