,RMSE,MAE,MAPE,PI Width,CI Coverage,PI Overlap
mean,346.3831594844551,296.23690456814234,4.801409709930677,0.0,0.0,0.0
median,320.7125067442348,274.7492268880208,4.467282766650447,0.0,0.0,0.0
std,52.88742810560815,47.589931608683486,0.7422487842284907,0.0,0.0,0.0
