,RMSE,MAE,MAPE,PI Width,CI Coverage,PI Overlap
mean,441.8750101643298,382.4235826280382,6.174110318258579,0.0,0.0,0.0
median,422.51680016904743,364.1107991536458,5.865232271691282,0.0,0.0,0.0
std,141.08245385860218,129.32960350648622,2.039874367363066,0.0,0.0,0.0
