,RMSE,MAE,MAPE,PI Width,CI Coverage,PI Overlap
mean,900.8179905935702,806.1305837820242,14.01658823641546,0.0,0.0,0.0
std,462.1213670802451,474.2826568629824,8.217445215615927,0.0,0.0,0.0
