,RMSE,MAE,MAPE,PI Width,CI Coverage,PI Overlap
mean,832.6190517905954,735.7387736002604,11.820942784230066,0.0,0.0,0.0
median,861.3344780125997,757.8161214192709,12.142694802919323,0.0,0.0,0.0
std,336.7782885915176,308.7283698314977,4.930190544193459,0.0,0.0,0.0
