,RMSE,MAE,MAPE,PI Width,CI Coverage,PI Overlap
mean,303.05179135272556,242.57213071469906,4.376502644178683,0.0,0.0,0.0
median,281.17917470487964,222.68614366319446,4.0934395371351355,0.0,0.0,0.0
std,48.43062447015365,42.66467086332433,0.7449204435427874,0.0,0.0,0.0
