,RMSE,MAE,MAPE,PI Width,CI Coverage,PI Overlap
mean,336.6583701100557,288.10205756293396,4.690787210571745,0.0,0.0,0.0
median,347.12856094123583,299.83699544270837,4.86726644536461,0.0,0.0,0.0
std,46.92909363956223,44.40633185793698,0.6772046414473925,0.0,0.0,0.0
