,RMSE,MAE,MAPE,PI Width,CI Coverage,PI Overlap
mean,3040.4203403631277,2921.0759450276687,32.610775149363725,0.0,0.0,0.0
std,139.38441038885836,142.87310832649456,1.6343268038876468,0.0,0.0,0.0
