,RMSE,MAE,MAPE,PI Width,CI Coverage,PI Overlap
mean,309.74688401113485,242.06737019856774,4.353753785198724,0.0,0.0,0.0
median,301.0351202597694,236.10836181640624,4.234138969629248,0.0,0.0,0.0
std,33.73972538024803,26.602036388803622,0.4808556246317481,0.0,0.0,0.0
