,RMSE,MAE,MAPE,PI Width,CI Coverage,PI Overlap
mean,496.6730304853888,434.1630859375,6.987201955145453,0.0,0.0,0.0
median,463.55542040709054,398.64154052734375,6.406693112564438,0.0,0.0,0.0
std,137.9971789045974,128.8640708160741,2.0617201984513955,0.0,0.0,0.0
