,RMSE,MAE,MAPE,PI Width,CI Coverage,PI Overlap
mean,270.4385919339895,218.50980830439812,3.9974287038513916,0.0,0.0,0.0
std,0.41795471480202256,0.6116040813414678,0.01236352253220176,0.0,0.0,0.0
