,RMSE,MAE,MAPE,PI Width,CI Coverage,PI Overlap
mean,353.80220091292716,298.67604573567706,4.879209697771136,0.0,0.0,0.0
median,315.30494520100035,261.4381917317708,4.258726708368785,0.0,0.0,0.0
std,129.0862946530367,119.32564198724633,1.8716232037285172,0.0,0.0,0.0
