,RMSE,MAE,MAPE,PI Width,CI Coverage,PI Overlap
mean,287.8373245915724,224.71665595874452,4.019969128603674,0.0,0.0,0.0
median,274.8974824783281,211.1933079769737,3.7763193685385694,0.0,0.0,0.0
std,48.74103564733349,49.95666264444804,0.9038331927943886,0.0,0.0,0.0
