,RMSE,MAE,MAPE,PI Width,CI Coverage,PI Overlap
mean,515.5200524671001,450.27766113281257,7.238965506340214,0.0,0.0,0.0
median,487.85765138238116,419.27193196614587,6.733093109600856,0.0,0.0,0.0
std,118.06704325157011,108.00486978168425,1.7195728392685097,0.0,0.0,0.0
