,RMSE,MAE,MAPE,PI Width,CI Coverage,PI Overlap
mean,433.93120507707516,384.68332383897575,6.284326530339556,0.0,0.0,0.0
median,266.8951262587227,221.93159993489584,3.6435411751778073,0.0,0.0,0.0
std,357.1497504036439,347.102879952379,5.654806087059905,0.0,0.0,0.0
