,RMSE,MAE,MAPE,PI Width,CI Coverage,PI Overlap
mean,393.9786647451753,344.7853908962673,5.611837915900647,0.0,0.0,0.0
median,391.6735502506914,338.71364339192706,5.469609060418577,0.0,0.0,0.0
std,67.89718199349487,68.80635633924807,1.1547147306661008,0.0,0.0,0.0
