True,Pred
5750,1276.1836
5399,174.42722
6123,4572.1567
5730,157.9304
6015,795.57544
5989,539.471
6333,-52.044464
6388,134.17639
6048,148.99605
6322,-1.8316224
6405,72.86188
6523,-35.492626
