,RMSE,MAE,MAPE,PI Width,CI Coverage,PI Overlap
mean,409.96335627561706,355.37751600477435,5.754365305884518,0.0,0.0,0.0
median,389.74784595018525,340.54935709635413,5.521294457518647,0.0,0.0,0.0
std,75.68213431124472,69.03347919037307,1.0812388598136793,0.0,0.0,0.0
