,RMSE,MAE,MAPE,PI Width,CI Coverage,PI Overlap
mean,500.98419294574745,430.2751790364583,6.910224615780213,0.0,0.0,0.0
median,501.56328064111807,430.64406331380206,6.915840486897029,0.0,0.0,0.0
std,4.6426165327254605,3.8481064578206587,0.06069657899107417,0.0,0.0,0.0
