,RMSE,MAE,MAPE,PI Width,CI Coverage,PI Overlap
mean,2987.724660002343,2591.4018347422284,41.863278040272924,0.0,0.0,0.0
std,2854.4173454682004,2279.9430467541347,36.51496168430689,0.0,0.0,0.0
