,RMSE,MAE,MAPE,PI Width,CI Coverage,PI Overlap
mean,413.4626418910283,356.5499525282118,5.773289006337387,0.0,0.0,0.0
median,405.0528792586921,349.5186767578125,5.62704278737457,0.0,0.0,0.0
std,70.16309852507737,67.79653486721347,1.0352988397244747,0.0,0.0,0.0
