,RMSE,MAE,MAPE,PI Width,CI Coverage,PI Overlap
mean,3436.7603368267464,2901.6214469061956,46.78691148556213,0.0,0.0,0.0
median,1820.2518835938554,1625.693593343099,26.199761891737367,0.0,0.0,0.0
std,4477.349039194856,3632.5385967944667,58.08958226332077,0.0,0.0,0.0
