True,Pred
5750,5003.2827
5399,4094.511
6123,3310.037
5730,2650.6975
6015,1911.8479
5989,352.33463
6333,-444.46005
6388,-727.5924
6048,-1509.9585
6322,-2257.7473
6405,-2012.3822
6523,663.08673
