,RMSE,MAE,MAPE,PI Width,CI Coverage,PI Overlap
mean,294.4042846253668,234.55199924045138,3.915528973637943,0.0,0.0,0.0
median,277.3184000018349,214.43878173828125,3.5984052005094282,0.0,0.0,0.0
std,62.37559988814682,63.11066451290028,0.9456715227395354,0.0,0.0,0.0
