,RMSE,MAE,MAPE,PI Width,CI Coverage,PI Overlap
mean,329.7894349827718,284.9267917209201,4.640180354908548,0.0,0.0,0.0
median,329.82881632592745,284.72623697916663,4.638775115870725,0.0,0.0,0.0
std,2.9004601355986344,2.83711423681348,0.043098510296310316,0.0,0.0,0.0
