,RMSE,MAE,MAPE,PI Width,CI Coverage,PI Overlap
mean,2348.595489841376,2084.5875091552734,33.5269196791888,0.0,0.0,0.0
median,2739.644369843114,2444.1981201171875,39.283680941838355,0.0,0.0,0.0
std,1217.9523480157798,1083.5409452232586,17.430619432080757,0.0,0.0,0.0
