,RMSE,MAE,MAPE,PI Width,CI Coverage,PI Overlap
mean,343.1647971349473,294.3921237521701,4.77685020272628,0.0,0.0,0.0
median,342.63786514707715,294.21148681640625,4.770617443835233,0.0,0.0,0.0
std,2.584550785480355,2.7456239397507947,0.03757737667148532,0.0,0.0,0.0
