,RMSE,MAE,MAPE,PI Width,CI Coverage,PI Overlap
mean,452.1261303672264,390.8642944335937,6.300931550399205,0.0,0.0,0.0
median,436.4118514016022,378.11224365234375,6.092739010884837,0.0,0.0,0.0
std,109.88387087863376,97.65977881438783,1.541088232258558,0.0,0.0,0.0
