,RMSE,MAE,MAPE,PI Width,CI Coverage,PI Overlap
mean,772.884444414582,686.4939236111112,11.869222430171407,0.0,0.0,0.0
std,411.34846922106794,422.47039417038735,7.302563507871598,0.0,0.0,0.0
