,RMSE,MAE,MAPE,PI Width,CI Coverage,PI Overlap
mean,403.90905682629665,347.51518012152786,5.632708464079744,0.0,0.0,0.0
median,392.9394781641157,342.2949422200521,5.5307278876755905,0.0,0.0,0.0
std,85.81237164464767,79.35930360044911,1.2254054253808353,0.0,0.0,0.0
