,RMSE,MAE,MAPE,PI Width,CI Coverage,PI Overlap
mean,404.89177031962475,355.36488037109376,5.730309888257196,0.0,0.0,0.0
median,401.42358988151625,352.26603190104163,5.681416951620882,0.0,0.0,0.0
std,10.535999151398302,9.091938400648388,0.14357879911595267,0.0,0.0,0.0
