,RMSE,MAE,MAPE,PI Width,CI Coverage,PI Overlap
mean,523.2786848836134,456.62358127170137,7.3451956858246366,0.0,0.0,0.0
median,531.0449698496261,460.2408854166667,7.386893431122017,0.0,0.0,0.0
std,115.92751006460571,106.20321344435854,1.6794098322743358,0.0,0.0,0.0
