,RMSE,MAE,MAPE,PI Width,CI Coverage,PI Overlap
mean,245.65913155706974,199.12905154344514,3.590016220344073,0.0,0.0,0.0
median,236.64776375283157,192.676513671875,3.485694690896734,0.0,0.0,0.0
std,26.87319344049899,22.610291654714782,0.4035994930134592,0.0,0.0,0.0
