,RMSE,MAE,MAPE,PI Width,CI Coverage,PI Overlap
mean,399.73506800596806,345.2155422634549,5.59489057001341,0.0,0.0,0.0
median,391.2654783764482,341.08866373697913,5.526901824666638,0.0,0.0,0.0
std,54.83307713803083,49.697565053577215,0.7619113371811999,0.0,0.0,0.0
