,RMSE,MAE,MAPE,PI Width,CI Coverage,PI Overlap
mean,318.6974735017269,268.54297010633684,4.389436974470073,0.0,0.0,0.0
std,3.823901274595741,4.402944769147183,0.06739683216411109,0.0,0.0,0.0
