,RMSE,MAE,MAPE,PI Width,CI Coverage,PI Overlap
mean,3021.4720025382,2913.3605662028,32.573788557327894,0.0,0.0,0.0
std,122.84575266348834,127.20440242225044,1.4614184274357702,0.0,0.0,0.0
