,RMSE,MAE,MAPE,PI Width,CI Coverage,PI Overlap
mean,322.5173902822648,274.26945393880203,4.491811548601816,0.0,0.0,0.0
std,26.650397794050505,27.898240883823906,0.47211908710264244,0.0,0.0,0.0
