,RMSE,MAE,MAPE,PI Width,CI Coverage,PI Overlap
mean,2843.8983091823748,2711.7121727837452,30.1931418874235,0.0,0.0,0.0
std,301.4287106694879,304.24421173864516,3.444609765725774,0.0,0.0,0.0
