,RMSE,MAE,MAPE,PI Width,CI Coverage,PI Overlap
mean,461.59863757303566,401.5393825954861,6.484871094393909,0.0,0.0,0.0
median,456.13409676145994,404.94805908203125,6.523178634064638,0.0,0.0,0.0
std,137.5443863432698,126.01497709625735,1.9865538858452534,0.0,0.0,0.0
