,RMSE,MAE,MAPE,PI Width,CI Coverage,PI Overlap
mean,241.3383045282207,190.5244483741554,3.334964083259565,0.0,0.0,0.0
median,236.35784395892773,187.0411937816723,3.277887259279019,0.0,0.0,0.0
std,20.34531008785802,16.75139400345206,0.3038999267002204,0.0,0.0,0.0
