,RMSE,MAE,MAPE,PI Width,CI Coverage,PI Overlap
mean,281.1169923618844,236.94726019965276,3.8637484576234207,0.0,0.0,0.0
median,270.69837543849803,226.41851806640625,3.694850622605234,0.0,0.0,0.0
std,59.32289482271939,54.765449299927575,0.8653843923265178,0.0,0.0,0.0
