,RMSE,MAE,MAPE,PI Width,CI Coverage,PI Overlap
mean,401.1575413865044,346.576618109809,5.580600474886901,0.0,0.0,0.0
median,402.6266066032234,347.8051961263021,5.60026038800801,0.0,0.0,0.0
std,9.103453836236996,8.727440744866367,0.13694145284754436,0.0,0.0,0.0
