,RMSE,MAE,MAPE,PI Width,CI Coverage,PI Overlap
mean,308.13469259168835,263.70365125868057,4.296952366490124,0.0,0.0,0.0
median,307.11082134414323,263.04359944661456,4.285036288202727,0.0,0.0,0.0
std,3.1348569075289308,2.896924134246437,0.04588157620685438,0.0,0.0,0.0
