,RMSE,MAE,MAPE,PI Width,CI Coverage,PI Overlap
mean,330.10656576699756,281.7245361328125,4.592285479131784,0.0,0.0,0.0
median,326.8839852612018,282.64347330729163,4.600284274160272,0.0,0.0,0.0
std,39.530405882890534,38.65317585141715,0.5850756460280276,0.0,0.0,0.0
