,RMSE,MAE,MAPE,PI Width,CI Coverage,PI Overlap
mean,281.7211306039409,217.97973836263017,3.946152181460137,0.0,0.0,0.0
median,277.3313586324125,213.16146240234377,3.856173769544663,0.0,0.0,0.0
std,17.452415773482898,18.40804091241223,0.3353099225431,0.0,0.0,0.0
