,RMSE,MAE,MAPE,PI Width,CI Coverage,PI Overlap
mean,3032.614591301194,2912.5768914116757,32.51321433839827,0.0,0.0,0.0
std,130.33499981857923,132.55767657345874,1.5116741088996037,0.0,0.0,0.0
