,RMSE,MAE,MAPE,PI Width,CI Coverage,PI Overlap
mean,442.3537415604599,382.58743218315965,6.161562018486309,0.0,0.0,0.0
median,432.44261459950394,373.08099365234375,6.007759264004992,0.0,0.0,0.0
std,60.781369651172255,52.0690605303414,0.8168440408070042,0.0,0.0,0.0
