True,Pred
5750,5053.901
5399,4681.6157
6123,4192.5327
5730,4136.2363
6015,3717.1174
5989,2813.4644
6333,2444.901
6388,2053.2422
6048,980.32574
6322,216.7923
6405,-64.924225
6523,-368.6654
