,RMSE,MAE,MAPE,PI Width,CI Coverage,PI Overlap
mean,387.4797039674586,335.8696573893229,5.412515782862502,0.0,0.0,0.0
median,390.4440058263277,339.480224609375,5.4692428074136865,0.0,0.0,0.0
std,48.03809637475239,43.18475321678192,0.6814043741483357,0.0,0.0,0.0
