,RMSE,MAE,MAPE,PI Width,CI Coverage,PI Overlap
mean,452.7644091046077,391.1788316514758,6.302659737640138,0.0,0.0,0.0
median,459.4212122474928,396.14664713541663,6.366827559471736,0.0,0.0,0.0
std,110.61758543014042,103.12965684511352,1.6295419075488355,0.0,0.0,0.0
