,RMSE,MAE,MAPE,PI Width,CI Coverage,PI Overlap
mean,292.37800815903285,245.6706515842014,4.0548318247948325,0.0,0.0,0.0
median,281.07434874805074,233.32196044921875,3.86658826685124,0.0,0.0,0.0
std,26.94920415504522,25.4761900680171,0.3843841724601712,0.0,0.0,0.0
