,RMSE,MAE,MAPE,PI Width,CI Coverage,PI Overlap
mean,474.31710465884737,413.74822048611105,6.642120602080794,0.0,0.0,0.0
std,12.592163911091458,12.067645491950929,0.19324207907599192,0.0,0.0,0.0
