,RMSE,MAE,MAPE,PI Width,CI Coverage,PI Overlap
mean,2997.7676011638137,2872.1012152777785,32.030725080624215,0.0,0.0,0.0
std,11.543195377867796,12.340702614752821,0.14296813175630105,0.0,0.0,0.0
