,RMSE,MAE,MAPE,PI Width,CI Coverage,PI Overlap
mean,6067.025017029081,6058.412853621112,99.55225931348595,0.0,0.0,0.0
median,6069.1031458904445,6060.510320901871,99.5871020228742,0.0,0.0,0.0
std,17.002007285621225,16.96060492117474,0.2784137495516311,0.0,0.0,0.0
