,RMSE,MAE,MAPE,PI Width,CI Coverage,PI Overlap
mean,5492.286046102019,5459.314957333287,99.21639944249632,0.0,0.0,0.0
median,5491.333814215175,5458.357083543818,99.19876230456848,0.0,0.0,0.0
std,10.140004922424076,10.20122917954854,0.1878331864294931,0.0,0.0,0.0
