True,Pred
5750,20.162722
5399,13.533331
6123,10.793651
5730,9.079611
6015,7.807337
5989,6.77835
6333,5.9115973
6388,5.1737766
6048,4.553109
6322,4.045486
6405,3.6458108
6523,3.3439856
