True,Pred
5750,49.536156
5399,42.848103
6123,41.523766
5730,41.206226
6015,41.126823
5989,41.106762
6333,41.101677
6388,41.10039
6048,41.10007
6322,41.099987
6405,41.099964
6523,41.09996
