True,Pred
5750,37.911057
5399,26.498114
6123,22.265778
5730,20.063549
6015,18.74611
5989,17.897219
6333,17.325233
6388,16.928547
6048,16.64803
6322,16.446972
6405,16.301481
6523,16.195478
