True,Pred
5750,47.180397
5399,37.95437
6123,35.729534
5730,34.99759
6015,34.734917
5989,34.6378
6333,34.60151
6388,34.587887
6048,34.58277
6322,34.580845
6405,34.580124
6523,34.57985
