True,Pred
5750,63.216583
5399,53.920815
6123,52.558125
5730,52.31846
6015,52.274994
5989,52.267063
6333,52.265614
6388,52.265354
6048,52.2653
6322,52.26529
6405,52.26529
6523,52.26529
