True,Pred
5750,43.708393
5399,33.085796
6123,29.862453
5730,28.490469
6015,27.832804
5989,27.500397
6333,27.327986
6388,27.23737
6048,27.189423
6322,27.163948
6405,27.150393
6523,27.143173
