True,Pred
5750,57.30037
5399,46.431515
6123,43.801514
5730,43.012955
6015,42.762123
5989,42.680855
6333,42.654373
6388,42.64572
6048,42.642895
6322,42.641968
6405,42.641666
6523,42.641567
