True,Pred
4323,28.76783
4825,28.76783
4462,28.76783
4642,28.76783
4369,28.76783
4672,28.76783
4661,28.76783
4655,28.76783
4716,28.76783
4377,28.76783
4484,28.76783
4911,28.76783
5218,28.76783
5759,28.76783
5456,28.76783
5359,28.76783
5305,28.76783
5769,28.76783
5565,28.76783
5367,28.76783
5633,28.76783
5664,28.76783
6082,28.76783
6505,28.76783
5813,28.76783
6379,28.76783
6091,28.76783
6219,28.76783
6052,28.76783
6105,28.76783
6030,28.76783
5969,28.76783
5707,28.76783
5681,28.76783
6052,28.76783
5904,28.76783
5426,28.76783
6005,28.76783
5766,28.76783
5946,28.76783
5981,28.76783
6104,28.76783
5991,28.76783
5670,28.76783
5709,28.76783
5416,28.76783
5793,28.76783
