True,Pred
5750,76.8516
5399,69.5762
6123,68.454025
5730,68.25991
6015,68.22569
5989,68.219635
6333,68.21857
6388,68.21839
6048,68.218346
6322,68.218346
6405,68.218346
6523,68.218346
