True,Pred
5750,48.725075
5399,35.137924
6123,31.447634
5730,30.024893
6015,29.405529
5989,29.121866
6333,28.988956
6388,28.926016
6048,28.896057
6322,28.88176
6405,28.874931
6523,28.871672
