True,Pred
5750,51.312496
5399,44.13172
6123,42.755436
5730,42.43633
6015,42.3593
5989,42.340523
6333,42.335938
6388,42.334816
6048,42.334538
6322,42.334473
6405,42.33446
6523,42.334457
