True,Pred
5750,59.324078
5399,52.01246
6123,51.110466
5730,50.979027
6015,50.959435
5989,50.9565
6333,50.956066
6388,50.956005
6048,50.955986
6322,50.955986
6405,50.955986
6523,50.955986
