True,Pred
5750,36.05823
5399,25.463247
6123,21.864622
5730,20.079388
6015,19.032993
5989,18.360966
6333,17.904495
6388,17.582773
6048,17.350168
6322,17.178919
6405,17.051168
6523,16.954935
