True,Pred
4323,20.408024
4825,20.408024
4462,20.408024
4642,20.408024
4369,20.408024
4672,20.408024
4661,20.408024
4655,20.408024
4716,20.408024
4377,20.408024
4484,20.408024
4911,20.408024
5218,20.408024
5759,20.408024
5456,20.408024
5359,20.408024
5305,20.408024
5769,20.408024
5565,20.408024
5367,20.408024
5633,20.408024
5664,20.408024
6082,20.408024
6505,20.408024
5813,20.408024
6379,20.408024
6091,20.408024
6219,20.408024
6052,20.408024
6105,20.408024
6030,20.408024
5969,20.408024
5707,20.408024
5681,20.408024
6052,20.408024
5904,20.408024
5426,20.408024
6005,20.408024
5766,20.408024
5946,20.408024
5981,20.408024
6104,20.408024
5991,20.408024
5670,20.408024
5709,20.408024
5416,20.408024
5793,20.408024
