True,Pred
5750,43.99199
5399,37.843987
6123,36.225548
5730,35.708782
6015,35.534466
5989,35.474594
6333,35.45392
6388,35.446754
6048,35.44427
6322,35.44341
6405,35.443108
6523,35.44301
