True,Pred
4323,51.312496
4825,51.312496
4462,51.312496
4642,51.312496
4369,51.312496
4672,51.312496
4661,51.312496
4655,51.312496
4716,51.312496
4377,51.312496
4484,51.312496
4911,51.312496
5218,51.312496
5759,51.312496
5456,51.312496
5359,51.312496
5305,51.312496
5769,51.312496
5565,51.312496
5367,51.312496
5633,51.312496
5664,51.312496
6082,51.312496
6505,51.312496
5813,51.312496
6379,51.312496
6091,51.312496
6219,51.312496
6052,51.312496
6105,51.312496
6030,51.312496
5969,51.312496
5707,51.312496
5681,51.312496
6052,51.312496
5904,51.312496
5426,51.312496
6005,51.312496
5766,51.312496
5946,51.312496
5981,51.312496
6104,51.312496
5991,51.312496
5670,51.312496
5709,51.312496
5416,51.312496
5793,51.312496
