True,Pred
4323,26.184414
4825,26.184414
4462,26.184414
4642,26.184414
4369,26.184414
4672,26.184414
4661,26.184414
4655,26.184414
4716,26.184414
4377,26.184414
4484,26.184414
4911,26.184414
5218,26.184414
5759,26.184414
5456,26.184414
5359,26.184414
5305,26.184414
5769,26.184414
5565,26.184414
5367,26.184414
5633,26.184414
5664,26.184414
6082,26.184414
6505,26.184414
5813,26.184414
6379,26.184414
6091,26.184414
6219,26.184414
6052,26.184414
6105,26.184414
6030,26.184414
5969,26.184414
5707,26.184414
5681,26.184414
6052,26.184414
5904,26.184414
5426,26.184414
6005,26.184414
5766,26.184414
5946,26.184414
5981,26.184414
6104,26.184414
5991,26.184414
5670,26.184414
5709,26.184414
5416,26.184414
5793,26.184414
