True,Pred
4323,57.76535
4825,57.76535
4462,57.76535
4642,57.76535
4369,57.76535
4672,57.76535
4661,57.76535
4655,57.76535
4716,57.76535
4377,57.76535
4484,57.76535
4911,57.76535
5218,57.76535
5759,57.76535
5456,57.76535
5359,57.76535
5305,57.76535
5769,57.76535
5565,57.76535
5367,57.76535
5633,57.76535
5664,57.76535
6082,57.76535
6505,57.76535
5813,57.76535
6379,57.76535
6091,57.76535
6219,57.76535
6052,57.76535
6105,57.76535
6030,57.76535
5969,57.76535
5707,57.76535
5681,57.76535
6052,57.76535
5904,57.76535
5426,57.76535
6005,57.76535
5766,57.76535
5946,57.76535
5981,57.76535
6104,57.76535
5991,57.76535
5670,57.76535
5709,57.76535
5416,57.76535
5793,57.76535
