True,Pred
5750,57.76535
5399,49.01602
6123,46.99521
5730,46.41756
6015,46.24311
5989,46.18956
6333,46.173046
6388,46.16794
6048,46.166367
6322,46.16588
6405,46.16573
6523,46.16568
