True,Pred
5750,26.184414
5399,18.02961
6123,14.379939
5730,12.137968
6015,10.554212
5989,9.345393
6333,8.379776
6388,7.5889907
6048,6.9340568
6322,6.3908396
6405,5.942659
6523,5.57654
