True,Pred
5750,49.279457
5399,40.536587
6123,38.085426
5730,37.227314
6015,36.90479
5989,36.780373
6333,36.7319
6388,36.71294
6048,36.705517
6322,36.702602
6405,36.701458
6523,36.70101
