True,Pred
4323,43.99199
4825,43.99199
4462,43.99199
4642,43.99199
4369,43.99199
4672,43.99199
4661,43.99199
4655,43.99199
4716,43.99199
4377,43.99199
4484,43.99199
4911,43.99199
5218,43.99199
5759,43.99199
5456,43.99199
5359,43.99199
5305,43.99199
5769,43.99199
5565,43.99199
5367,43.99199
5633,43.99199
5664,43.99199
6082,43.99199
6505,43.99199
5813,43.99199
6379,43.99199
6091,43.99199
6219,43.99199
6052,43.99199
6105,43.99199
6030,43.99199
5969,43.99199
5707,43.99199
5681,43.99199
6052,43.99199
5904,43.99199
5426,43.99199
6005,43.99199
5766,43.99199
5946,43.99199
5981,43.99199
6104,43.99199
5991,43.99199
5670,43.99199
5709,43.99199
5416,43.99199
5793,43.99199
