True,Pred
5750,29.636099
5399,21.157156
6123,17.631392
5730,15.570515
6015,14.164638
5989,13.117344
6333,12.292718
6388,11.618369
6048,11.052242
6322,10.567898
6405,10.147672
6523,9.779339
