True,Pred
4323,49.202785
4825,49.202785
4462,49.202785
4642,49.202785
4369,49.202785
4672,49.202785
4661,49.202785
4655,49.202785
4716,49.202785
4377,49.202785
4484,49.202785
4911,49.202785
5218,49.202785
5759,49.202785
5456,49.202785
5359,49.202785
5305,49.202785
5769,49.202785
5565,49.202785
5367,49.202785
5633,49.202785
5664,49.202785
6082,49.202785
6505,49.202785
5813,49.202785
6379,49.202785
6091,49.202785
6219,49.202785
6052,49.202785
6105,49.202785
6030,49.202785
5969,49.202785
5707,49.202785
5681,49.202785
6052,49.202785
5904,49.202785
5426,49.202785
6005,49.202785
5766,49.202785
5946,49.202785
5981,49.202785
6104,49.202785
5991,49.202785
5670,49.202785
5709,49.202785
5416,49.202785
5793,49.202785
