True,Pred
5750,67.41285
5399,60.133766
6123,59.09897
5730,58.931675
6015,58.904083
5989,58.899517
6333,58.89876
6388,58.898636
6048,58.89862
6322,58.89862
6405,58.89862
6523,58.89862
