True,Pred
5750,45.785736
5399,36.88593
6123,34.349777
5730,33.426636
6015,33.063316
5989,32.916054
6333,32.85565
6388,32.83076
6048,32.820488
6322,32.816235
6405,32.81448
6523,32.813755
