True,Pred
5750,33.916058
5399,21.739447
6123,17.976871
5730,16.162794
6015,15.096326
5989,14.397715
6333,13.908383
6388,13.549845
6048,13.278614
6322,13.0685425
6405,12.902912
6523,12.770483
