True,Pred
4323,28.870125
4825,28.870125
4462,28.870125
4642,28.870125
4369,28.870125
4672,28.870125
4661,28.870125
4655,28.870125
4716,28.870125
4377,28.870125
4484,28.870125
4911,28.870125
5218,28.870125
5759,28.870125
5456,28.870125
5359,28.870125
5305,28.870125
5769,28.870125
5565,28.870125
5367,28.870125
5633,28.870125
5664,28.870125
6082,28.870125
6505,28.870125
5813,28.870125
6379,28.870125
6091,28.870125
6219,28.870125
6052,28.870125
6105,28.870125
6030,28.870125
5969,28.870125
5707,28.870125
5681,28.870125
6052,28.870125
5904,28.870125
5426,28.870125
6005,28.870125
5766,28.870125
5946,28.870125
5981,28.870125
6104,28.870125
5991,28.870125
5670,28.870125
5709,28.870125
5416,28.870125
5793,28.870125
