True,Pred
5750,37.635105
5399,28.370108
6123,25.832605
5730,24.84806
6015,24.419594
5989,24.224112
6333,24.133032
6388,24.090183
6048,24.069933
6322,24.06034
6405,24.055792
6523,24.053637
