True,Pred
4323,40.898106
4825,40.898106
4462,40.898106
4642,40.898106
4369,40.898106
4672,40.898106
4661,40.898106
4655,40.898106
4716,40.898106
4377,40.898106
4484,40.898106
4911,40.898106
5218,40.898106
5759,40.898106
5456,40.898106
5359,40.898106
5305,40.898106
5769,40.898106
5565,40.898106
5367,40.898106
5633,40.898106
5664,40.898106
6082,40.898106
6505,40.898106
5813,40.898106
6379,40.898106
6091,40.898106
6219,40.898106
6052,40.898106
6105,40.898106
6030,40.898106
5969,40.898106
5707,40.898106
5681,40.898106
6052,40.898106
5904,40.898106
5426,40.898106
6005,40.898106
5766,40.898106
5946,40.898106
5981,40.898106
6104,40.898106
5991,40.898106
5670,40.898106
5709,40.898106
5416,40.898106
5793,40.898106
