True,Pred
5750,51.568085
5399,42.10531
6123,39.478024
5730,38.556232
6015,38.207798
5989,38.07244
6333,38.019306
6388,37.998356
6048,37.990093
6322,37.98682
6405,37.985535
6523,37.98502
