True,Pred
5750,60.671795
5399,50.98364
6123,49.613037
5730,49.364925
6015,49.318188
5989,49.309322
6333,49.307644
6388,49.30732
6048,49.307255
6322,49.307247
6405,49.307247
6523,49.307247
