True,Pred
4323,57.632393
4825,57.632393
4462,57.632393
4642,57.632393
4369,57.632393
4672,57.632393
4661,57.632393
4655,57.632393
4716,57.632393
4377,57.632393
4484,57.632393
4911,57.632393
5218,57.632393
5759,57.632393
5456,57.632393
5359,57.632393
5305,57.632393
5769,57.632393
5565,57.632393
5367,57.632393
5633,57.632393
5664,57.632393
6082,57.632393
6505,57.632393
5813,57.632393
6379,57.632393
6091,57.632393
6219,57.632393
6052,57.632393
6105,57.632393
6030,57.632393
5969,57.632393
5707,57.632393
5681,57.632393
6052,57.632393
5904,57.632393
5426,57.632393
6005,57.632393
5766,57.632393
5946,57.632393
5981,57.632393
6104,57.632393
5991,57.632393
5670,57.632393
5709,57.632393
5416,57.632393
5793,57.632393
