True,Pred
5750,33.43267
5399,24.073078
6123,21.324959
5730,20.20193
6015,19.681877
5989,19.427135
6333,19.298922
6388,19.23351
6048,19.199907
6322,19.182585
6405,19.173637
6523,19.16901
