True,Pred
5750,28.870125
5399,19.755383
6123,16.486097
5730,14.788408
6015,13.754845
5989,13.06686
6333,12.582279
6388,12.227606
6048,11.960815
6322,11.756056
6405,11.596497
6523,11.470697
