True,Pred
5750,41.995197
5399,28.810595
6123,25.57094
5730,24.331001
6015,23.784264
5989,23.528667
6333,23.40595
6388,23.346281
6048,23.317095
6322,23.302776
6405,23.295742
6523,23.292278
