True,Pred
5750,40.898106
5399,33.004543
6123,30.873514
5730,30.108076
6015,29.807217
5989,29.684868
6333,29.634432
6388,29.613527
6048,29.604845
6322,29.601227
6405,29.599726
6523,29.5991
