True,Pred
5750,43.989258
5399,35.646004
6123,33.294437
5730,32.45079
6015,32.12366
5989,31.993055
6333,31.940315
6388,31.918915
6048,31.910213
6322,31.906675
6405,31.905235
6523,31.904648
