True,Pred
4323,33.90549
4825,33.90549
4462,33.90549
4642,33.90549
4369,33.90549
4672,33.90549
4661,33.90549
4655,33.90549
4716,33.90549
4377,33.90549
4484,33.90549
4911,33.90549
5218,33.90549
5759,33.90549
5456,33.90549
5359,33.90549
5305,33.90549
5769,33.90549
5565,33.90549
5367,33.90549
5633,33.90549
5664,33.90549
6082,33.90549
6505,33.90549
5813,33.90549
6379,33.90549
6091,33.90549
6219,33.90549
6052,33.90549
6105,33.90549
6030,33.90549
5969,33.90549
5707,33.90549
5681,33.90549
6052,33.90549
5904,33.90549
5426,33.90549
6005,33.90549
5766,33.90549
5946,33.90549
5981,33.90549
6104,33.90549
5991,33.90549
5670,33.90549
5709,33.90549
5416,33.90549
5793,33.90549
