,RMSE,MAE,MAPE,PI Width,CI Coverage,PI Overlap
mean,2836.5548679126705,2713.4121558295365,30.242112502313724,0.0,0.0,0.0
std,44.953392391626565,46.591587796128245,0.5340081090140193,0.0,0.0,0.0
