,RMSE,MAE,MAPE,PI Width,CI Coverage,PI Overlap
mean,565.6159869880984,502.37500271267356,8.080452579506083,0.0,0.0,0.0
median,534.7239140049373,469.69036865234375,7.539855216155864,0.0,0.0,0.0
std,155.55192733437096,150.9657995395769,2.4257089790089035,0.0,0.0,0.0
