,RMSE,MAE,MAPE,PI Width,CI Coverage,PI Overlap
mean,532.7919481388387,463.95102945963555,7.507205767862576,0.0,0.0,0.0
median,535.0125210689034,471.16558837890625,7.5870702220243675,0.0,0.0,0.0
std,172.4851440105124,158.8321170111879,2.489383896649033,0.0,0.0,0.0
