,RMSE,MAE,MAPE,PI Width,CI Coverage,PI Overlap
mean,267.88217901537666,228.32710367838538,3.7931612389397387,0.0,0.0,0.0
median,257.6770350427271,220.43092854817706,3.6829786496125374,0.0,0.0,0.0
std,23.289481694483257,18.142291934685346,0.2598613033984644,0.0,0.0,0.0
