,RMSE,MAE,MAPE,PI Width,CI Coverage,PI Overlap
mean,286.03538436577105,230.81478329613097,4.180690326616036,0.0,0.0,0.0
median,285.1011963711154,229.42535691034226,4.169173241502498,0.0,0.0,0.0
std,10.43495475359132,10.178274550592437,0.17247152348987274,0.0,0.0,0.0
