,RMSE,MAE,MAPE,PI Width,CI Coverage,PI Overlap
mean,294.46343402254786,231.9115288628472,3.9299917587936255,0.0,0.0,0.0
median,282.8695445784715,219.9034423828125,3.7545980242447916,0.0,0.0,0.0
std,60.18151096797754,60.449878879960615,0.9191238963371396,0.0,0.0,0.0
