,RMSE,MAE,MAPE,PI Width,CI Coverage,PI Overlap
mean,366.38522429450836,317.35468885633685,5.1135745265071915,0.0,0.0,0.0
median,369.2702079481825,320.04654947916663,5.156672488129303,0.0,0.0,0.0
std,11.31156108908938,10.56504922403912,0.1660790666470263,0.0,0.0,0.0
