,RMSE,MAE,MAPE,PI Width,CI Coverage,PI Overlap
mean,279.34688768151506,236.56100802951389,3.842337553053212,0.0,0.0,0.0
median,277.45972852280926,234.69232177734375,3.8125013708349904,0.0,0.0,0.0
std,6.557268381521742,6.842581514017686,0.10795434707106621,0.0,0.0,0.0
