,RMSE,MAE,MAPE,PI Width,CI Coverage,PI Overlap
mean,266.10620873751856,211.15254779598575,3.8139077762952076,0.0,0.0,0.0
std,3.255826622656878,1.985922607111401,0.03599024815222302,0.0,0.0,0.0
