,RMSE,MAE,MAPE,PI Width,CI Coverage,PI Overlap
mean,494.43904107805065,428.639870876736,6.920856185850233,0.0,0.0,0.0
median,479.4149945964258,409.6684366861979,6.5746579384070705,0.0,0.0,0.0
std,157.12709122448948,146.33422918046668,2.296838634460494,0.0,0.0,0.0
