,RMSE,MAE,MAPE,PI Width,CI Coverage,PI Overlap
mean,236.12395243770894,199.8135145399306,3.2964399989388413,0.0,0.0,0.0
median,226.5731815231556,192.1340535481771,3.178866179629228,0.0,0.0,0.0
std,24.673506279034978,20.825354959770106,0.3172336110103921,0.0,0.0,0.0
