,RMSE,MAE,MAPE,PI Width,CI Coverage,PI Overlap
mean,575.3988742732054,512.8502061631945,8.235218835479772,0.0,0.0,0.0
median,578.1847504560801,515.6502685546875,8.280220208413908,0.0,0.0,0.0
std,4.929407039960649,4.956850841793247,0.07966432961927147,0.0,0.0,0.0
