,RMSE,MAE,MAPE,PI Width,CI Coverage,PI Overlap
mean,474.6101661993544,376.4860460069444,6.845278549991652,0.0,0.0,0.0
median,474.84756352286524,377.05042442908655,6.853553535433393,0.0,0.0,0.0
std,0.8928680874290129,2.071929275321243,0.03037906784595219,0.0,0.0,0.0
