,RMSE,MAE,MAPE,PI Width,CI Coverage,PI Overlap
mean,302.3637556095083,243.47651502821185,4.189505746706309,0.0,0.0,0.0
std,37.80466440347908,32.00042687804608,0.5053774784193542,0.0,0.0,0.0
