,RMSE,MAE,MAPE,PI Width,CI Coverage,PI Overlap
mean,422.9129407780891,364.18365071614585,5.863449991839314,0.0,0.0,0.0
median,446.7209366380322,384.00791422526044,6.171047922559162,0.0,0.0,0.0
std,63.04404615458995,55.89262720393737,0.8764350954107744,0.0,0.0,0.0
