,RMSE,MAE,MAPE,PI Width,CI Coverage,PI Overlap
mean,388.1916188813203,336.8433770073785,5.446077814897625,0.0,0.0,0.0
median,360.1743960450565,310.5381673177083,5.019040552872805,0.0,0.0,0.0
std,125.734145089595,115.30212406179308,1.8308392341607045,0.0,0.0,0.0
