,RMSE,MAE,MAPE,PI Width,CI Coverage,PI Overlap
mean,483.3645040662055,416.2883070203994,6.692147720638359,0.0,0.0,0.0
median,475.78703584876524,410.2117919921875,6.596665435325787,0.0,0.0,0.0
std,22.911295919749875,18.505351954493147,0.290648463125521,0.0,0.0,0.0
