,RMSE,MAE,MAPE,PI Width,CI Coverage,PI Overlap
mean,369.2980007573153,320.2097696940104,5.1840869618457335,0.0,0.0,0.0
median,366.4516944433179,318.10548909505206,5.15108029324242,0.0,0.0,0.0
std,25.244778302906138,22.911146617211124,0.35962301332363683,0.0,0.0,0.0
