,RMSE,MAE,MAPE,PI Width,CI Coverage,PI Overlap
mean,393.5412574009405,340.4811631944445,5.517294049969763,0.0,0.0,0.0
median,398.01708635157564,345.7485148111979,5.594442596976084,0.0,0.0,0.0
std,47.80130725479343,44.30794152304491,0.6759094995406005,0.0,0.0,0.0
