,RMSE,MAE,MAPE,PI Width,CI Coverage,PI Overlap
mean,284.1732946082712,245.6688788519965,4.002417684750331,0.0,0.0,0.0
median,282.00264484792285,243.70694986979169,3.971487132955457,0.0,0.0,0.0
std,10.33523540838827,10.98900988320314,0.17386089688847933,0.0,0.0,0.0
