,RMSE,MAE,MAPE,PI Width,CI Coverage,PI Overlap
mean,390.32500508563874,338.6259263780382,5.483766118029325,0.0,0.0,0.0
median,383.81930435045695,332.5765177408854,5.38998221036141,0.0,0.0,0.0
std,36.37430747970907,33.1994292514794,0.5189995460969277,0.0,0.0,0.0
