,RMSE,MAE,MAPE,PI Width,CI Coverage,PI Overlap
mean,3145.453702589979,3027.2566382514105,33.818838585771715,0.0,0.0,0.0
std,104.95155070782043,107.22532295006133,1.2238878696017907,0.0,0.0,0.0
