,RMSE,MAE,MAPE,PI Width,CI Coverage,PI Overlap
mean,345.10094419605974,297.02648111979175,4.802413129161507,0.0,0.0,0.0
median,342.7672514124829,295.0242106119792,4.771857920162782,0.0,0.0,0.0
std,6.454876852243543,5.576285848345015,0.08682597462883884,0.0,0.0,0.0
