,RMSE,MAE,MAPE,PI Width,CI Coverage,PI Overlap
mean,674.1690766335164,594.9737318250868,9.559649052697106,0.0,0.0,0.0
median,670.5399094396129,592.4146728515625,9.522136174884052,0.0,0.0,0.0
std,77.67895995829926,69.35473099706245,1.1060504648702552,0.0,0.0,0.0
