,RMSE,MAE,MAPE,PI Width,CI Coverage,PI Overlap
mean,2966.808852369824,2847.0202965630424,31.7693991426363,0.0,0.0,0.0
std,35.14273890103372,35.13163453173328,0.3980525050285355,0.0,0.0,0.0
