,RMSE,MAE,MAPE,PI Width,CI Coverage,PI Overlap
mean,519.7471385457836,449.92439914279527,7.2632408777648445,0.0,0.0,0.0
median,558.1032628010719,489.2675577799479,7.853458476267177,0.0,0.0,0.0
std,100.69759407752035,101.47714953060421,1.5359271119827438,0.0,0.0,0.0
