,RMSE,MAE,MAPE,PI Width,CI Coverage,PI Overlap
mean,288.8124932366292,227.0394775390625,4.027680288083743,0.0,0.0,0.0
median,278.0273726022805,216.1127685546875,3.8224220684871897,0.0,0.0,0.0
std,27.140434521707327,27.1231703814826,0.5147747331209612,0.0,0.0,0.0
