,RMSE,MAE,MAPE,PI Width,CI Coverage,PI Overlap
mean,263.59954487737843,214.3276477050781,3.8693023586273294,0.0,0.0,0.0
median,263.8141020634111,211.2134521484375,3.8221782284017918,0.0,0.0,0.0
std,28.571965018064407,21.947055582464376,0.4043594536572789,0.0,0.0,0.0
