,RMSE,MAE,MAPE,PI Width,CI Coverage,PI Overlap
mean,487.20394870610016,418.29756808810754,6.787240767180882,0.0,0.0,0.0
median,422.2808393307125,358.5449015299479,5.879351583815586,0.0,0.0,0.0
std,216.36014970273715,198.38273294219135,3.1184577719582585,0.0,0.0,0.0
