,RMSE,MAE,MAPE,PI Width,CI Coverage,PI Overlap
mean,361.5087977511184,312.4967732747396,5.056254508579708,0.0,0.0,0.0
median,360.98821057338137,312.28167724609375,5.054189354959318,0.0,0.0,0.0
std,8.73542710723415,7.508724401977918,0.1156611989354203,0.0,0.0,0.0
