,RMSE,MAE,MAPE,PI Width,CI Coverage,PI Overlap
mean,336.9043461306567,283.7353664822049,4.5852959086865726,0.0,0.0,0.0
median,333.7705837117518,280.6740519205729,4.534120925946054,0.0,0.0,0.0
std,19.93424627602054,19.73997467405404,0.3103734255088968,0.0,0.0,0.0
