,RMSE,MAE,MAPE,PI Width,CI Coverage,PI Overlap
mean,265.6480807431712,217.02080403645834,3.689744882611194,0.0,0.0,0.0
median,265.72338747005944,217.476025390625,3.707543416614811,0.0,0.0,0.0
std,11.669047884304241,10.78419308880881,0.16416704642983732,0.0,0.0,0.0
