,RMSE,MAE,MAPE,PI Width,CI Coverage,PI Overlap
mean,2670.0851838886038,2541.666491699218,28.27881410666805,0.0,0.0,0.0
std,97.86625444447616,99.13730742981136,1.1260416299595488,0.0,0.0,0.0
