,RMSE,MAE,MAPE,PI Width,CI Coverage,PI Overlap
mean,491.2943930518312,427.1336181640625,6.87757476591039,0.0,0.0,0.0
median,464.1962341393622,398.48978678385413,6.402767400483878,0.0,0.0,0.0
std,151.21016505711086,138.5764736165752,2.2003888976139385,0.0,0.0,0.0
