True,Pred
5750,4004.7007
5399,4227.933
6123,5011.8975
5730,3621.1394
6015,2444.8337
5989,2562.249
6333,1699.4384
6388,-120.992355
6048,-63.902912
6322,-2272.5652
6405,-3637.6582
6523,-2516.3584
