,RMSE,MAE,MAPE,PI Width,CI Coverage,PI Overlap
mean,545.3928407986838,479.8160902235244,7.702612397528991,0.0,0.0,0.0
median,551.2120329178074,485.16794840494794,7.788060297603686,0.0,0.0,0.0
std,27.97091800389197,26.088908710129626,0.41705908075587456,0.0,0.0,0.0
