,RMSE,MAE,MAPE,PI Width,CI Coverage,PI Overlap
mean,404.028289595157,348.35174424913197,5.6137191117764305,0.0,0.0,0.0
median,402.13541093201866,346.73040771484375,5.5884133567592755,0.0,0.0,0.0
std,15.111407153764096,12.35529137300793,0.19224910875367915,0.0,0.0,0.0
