,RMSE,MAE,MAPE,PI Width,CI Coverage,PI Overlap
mean,553.6703701654707,482.79916178385423,7.763197696093134,0.0,0.0,0.0
median,516.2340668306315,445.8036092122396,7.154832171892467,0.0,0.0,0.0
std,207.1694719703485,184.53564249999147,2.932339041584807,0.0,0.0,0.0
