,RMSE,MAE,MAPE,PI Width,CI Coverage,PI Overlap
mean,2783.4607234222367,2651.88582933214,29.514094156207456,0.0,0.0,0.0
std,74.8888061780374,74.78649517986295,0.8461934271219005,0.0,0.0,0.0
