,RMSE,MAE,MAPE,PI Width,CI Coverage,PI Overlap
mean,372.9173754651893,321.07414008246525,5.18370260346649,0.0,0.0,0.0
median,437.23220549368676,378.13031005859375,6.076766831428525,0.0,0.0,0.0
std,98.57499245461268,87.90261702516948,1.3788912120406707,0.0,0.0,0.0
