,RMSE,MAE,MAPE,PI Width,CI Coverage,PI Overlap
mean,497.1156851710842,434.5492892795139,6.980012393002907,0.0,0.0,0.0
median,493.3480967818019,430.71293131510413,6.916613953370268,0.0,0.0,0.0
std,65.17645505985435,60.65829119556922,0.9650201180298446,0.0,0.0,0.0
