,RMSE,MAE,MAPE,PI Width,CI Coverage,PI Overlap
mean,315.4270568397971,270.5580539279514,4.418389907961025,0.0,0.0,0.0
std,62.17165404966614,55.070681882366756,0.8343807585004096,0.0,0.0,0.0
