,RMSE,MAE,MAPE,PI Width,CI Coverage,PI Overlap
mean,359.0564344779608,308.5575480143229,5.002064641259136,0.0,0.0,0.0
std,20.913108929988425,18.78424171978942,0.2924756556306707,0.0,0.0,0.0
