,RMSE,MAE,MAPE,PI Width,CI Coverage,PI Overlap
mean,250.18860665223502,186.12007595486108,3.161222166666953,0.0,0.0,0.0
median,250.18900941698172,185.75642903645831,3.1547450785696745,0.0,0.0,0.0
std,2.1653076548088412,2.1553115678806707,0.031491885341927914,0.0,0.0,0.0
