,RMSE,MAE,MAPE,PI Width,CI Coverage,PI Overlap
mean,299.54348094775946,248.1704128689236,4.067354686301963,0.0,0.0,0.0
median,292.8983731258568,241.02872721354169,3.953779070045117,0.0,0.0,0.0
std,29.055721454240718,27.702882294495723,0.4278281133067684,0.0,0.0,0.0
