,RMSE,MAE,MAPE,PI Width,CI Coverage,PI Overlap
mean,366.7743771928832,312.20800781250006,5.101233962871989,0.0,0.0,0.0
median,330.7887119015925,281.64412434895837,4.615887648153633,0.0,0.0,0.0
std,85.81284140401722,79.98076349150337,1.2298967503524536,0.0,0.0,0.0
