,RMSE,MAE,MAPE,PI Width,CI Coverage,PI Overlap
mean,518.2072119041355,451.0155585394965,7.27048085381841,0.0,0.0,0.0
median,480.3742022539958,415.3134969075521,6.671490855862719,0.0,0.0,0.0
std,174.47872576567084,159.21982351276725,2.514871995543326,0.0,0.0,0.0
