,RMSE,MAE,MAPE,PI Width,CI Coverage,PI Overlap
mean,347.53994493079307,296.70396321614584,4.812071943531196,0.0,0.0,0.0
median,336.45187985922274,287.9068603515625,4.673293661978476,0.0,0.0,0.0
std,35.758118953061626,32.794061675412145,0.5091415484941756,0.0,0.0,0.0
