,RMSE,MAE,MAPE,PI Width,CI Coverage,PI Overlap
mean,430.3446356033514,374.39493815104174,6.124151694193622,0.0,0.0,0.0
median,359.5257175500938,311.3892822265625,5.079308914184251,0.0,0.0,0.0
std,171.3483622757325,167.19711053459633,2.7055402850369346,0.0,0.0,0.0
