,RMSE,MAE,MAPE,PI Width,CI Coverage,PI Overlap
mean,405.5514282143062,349.27142198350697,5.624361603973816,0.0,0.0,0.0
median,416.05819843165114,358.4084879557292,5.767584213533391,0.0,0.0,0.0
std,26.425350571708993,23.303585930021654,0.36530610331042446,0.0,0.0,0.0
