,RMSE,MAE,MAPE,PI Width,CI Coverage,PI Overlap
mean,437.5175505496663,379.8353759765625,6.122271248364687,0.0,0.0,0.0
median,429.940888691066,370.4170125325521,5.964852514455342,0.0,0.0,0.0
std,51.34652585169869,46.472141037972264,0.7242304903609571,0.0,0.0,0.0
