,RMSE,MAE,MAPE,PI Width,CI Coverage,PI Overlap
mean,2846.1301292891444,2454.8650694462985,39.613879394989304,0.0,0.0,0.0
median,1557.0544164213293,1403.3018188476562,22.688889670613243,0.0,0.0,0.0
std,3942.146776881945,3187.158418243988,50.94629621510042,0.0,0.0,0.0
