,RMSE,MAE,MAPE,PI Width,CI Coverage,PI Overlap
mean,540.4458397471624,476.1849080403646,7.649463238248088,0.0,0.0,0.0
median,548.77075718518,484.90887451171875,7.785129745808625,0.0,0.0,0.0
std,65.64243988838558,61.481195568371675,0.9755325512517429,0.0,0.0,0.0
