,RMSE,MAE,MAPE,PI Width,CI Coverage,PI Overlap
mean,3289.7275159695146,3187.8726199679904,35.71551579668989,0.0,0.0,0.0
std,72.42213080717868,73.75481963146717,0.8437826851244026,0.0,0.0,0.0
