,RMSE,MAE,MAPE,PI Width,CI Coverage,PI Overlap
mean,392.5861106957074,337.2001247829861,5.458341823068646,0.0,0.0,0.0
median,384.71901005100284,331.5637410481771,5.353859773920201,0.0,0.0,0.0
std,89.74577216598853,83.57607249825935,1.3034497752912364,0.0,0.0,0.0
