,RMSE,MAE,MAPE,PI Width,CI Coverage,PI Overlap
mean,266.44244174800707,209.4377166521991,3.8154846790431405,0.0,0.0,0.0
median,271.1207914920518,210.23293728298611,3.822700902814173,0.0,0.0,0.0
std,10.230598589699934,7.48957622890014,0.13955010446042662,0.0,0.0,0.0
