,RMSE,MAE,MAPE,PI Width,CI Coverage,PI Overlap
mean,425.04644158549826,367.465407986111,5.9216972885246735,0.0,0.0,0.0
median,496.1746144368133,434.6330769856771,6.9764447070603595,0.0,0.0,0.0
std,110.40441617815402,103.89661264209913,1.633407107692042,0.0,0.0,0.0
