,RMSE,MAE,MAPE,PI Width,CI Coverage,PI Overlap
mean,275.56090070751236,229.42312554253468,3.7460879019575377,0.0,0.0,0.0
std,2.46147918989146,2.2582639235503383,0.03365706055682741,0.0,0.0,0.0
