,RMSE,MAE,MAPE,PI Width,CI Coverage,PI Overlap
mean,524.6873577034006,461.0954996744791,7.40401484542122,0.0,0.0,0.0
median,526.8562837538129,463.1299235026042,7.436136290320179,0.0,0.0,0.0
std,15.3603198929949,14.793128952573877,0.23461716237716257,0.0,0.0,0.0
