,RMSE,MAE,MAPE,PI Width,CI Coverage,PI Overlap
mean,488.56012485381336,371.6927551269531,6.920093690703272,0.0,0.0,0.0
median,488.56270114925616,371.7476806640625,6.919435526859996,0.0,0.0,0.0
std,0.35813983252814224,1.6286211364621854,0.019997841190728546,0.0,0.0,0.0
