,RMSE,MAE,MAPE,PI Width,CI Coverage,PI Overlap
mean,349.8420741151183,278.66246744791664,4.857738013069153,0.0,0.0,0.0
median,334.19243697980477,260.3688832875845,4.616466585245572,0.0,0.0,0.0
std,57.35081907384161,58.62257829480485,0.9540272053811659,0.0,0.0,0.0
