,RMSE,MAE,MAPE,PI Width,CI Coverage,PI Overlap
mean,555.4502057803552,489.0155436197917,7.8768345548066625,0.0,0.0,0.0
median,545.9254678408765,475.70835367838544,7.635567736633433,0.0,0.0,0.0
std,181.31754478397195,170.22373820622255,2.7017877623700755,0.0,0.0,0.0
