,RMSE,MAE,MAPE,PI Width,CI Coverage,PI Overlap
mean,495.8746189780915,433.34699842664935,6.957594896743529,0.0,0.0,0.0
median,495.7731073020325,433.21628824869794,6.955363736897171,0.0,0.0,0.0
std,2.031260111045674,1.8851183866860042,0.030153656774395562,0.0,0.0,0.0
