,RMSE,MAE,MAPE,PI Width,CI Coverage,PI Overlap
mean,346.4285481314844,297.93655734592016,4.813802711354367,0.0,0.0,0.0
median,343.8479980225139,295.70159912109375,4.778965095019915,0.0,0.0,0.0
std,5.92185180401851,5.312785005491123,0.0835158063641248,0.0,0.0,0.0
