,RMSE,MAE,MAPE,PI Width,CI Coverage,PI Overlap
mean,269.99092479964924,219.12474012586804,3.71168325827221,0.0,0.0,0.0
median,269.3373116633633,221.72386881510417,3.762067113640054,0.0,0.0,0.0
std,31.115132046640245,26.145869313632232,0.43603828989775434,0.0,0.0,0.0
