,RMSE,MAE,MAPE,PI Width,CI Coverage,PI Overlap
mean,438.64460547897795,378.98510742187506,6.115970151294054,0.0,0.0,0.0
median,442.0259130423002,381.8448486328125,6.150412465790213,0.0,0.0,0.0
std,53.8696927155121,48.47564912324476,0.7453759853906096,0.0,0.0,0.0
