,RMSE,MAE,MAPE,PI Width,CI Coverage,PI Overlap
mean,3099.426231736497,2994.5111375596784,33.5080589939118,0.0,0.0,0.0
std,95.11489258541991,98.05911517678666,1.1259248110788014,0.0,0.0,0.0
