,RMSE,MAE,MAPE,PI Width,CI Coverage,PI Overlap
mean,460.37243934158687,399.3500705295138,6.436465341155326,0.0,0.0,0.0
median,437.9673209514976,379.3202107747396,6.111103227541881,0.0,0.0,0.0
std,99.40290193926869,91.09204572123369,1.4381813382230937,0.0,0.0,0.0
