,RMSE,MAE,MAPE,PI Width,CI Coverage,PI Overlap
mean,632.0677242192302,568.8306315104165,9.136832816406868,0.0,0.0,0.0
median,630.2669920828872,566.8481852213541,9.103050638324078,0.0,0.0,0.0
std,53.55051000313262,53.87575617571438,0.8754222869709483,0.0,0.0,0.0
