,RMSE,MAE,MAPE,PI Width,CI Coverage,PI Overlap
mean,581.1315671953057,479.1334367766204,9.117353602413912,0.0,0.0,0.0
median,578.3905340360159,477.34880099826387,9.08700882944374,0.0,0.0,0.0
std,12.056841591610521,20.34445814235767,0.2731694116971585,0.0,0.0,0.0
