,RMSE,MAE,MAPE,PI Width,CI Coverage,PI Overlap
mean,368.1136213925505,317.28279215494786,5.138228594613907,0.0,0.0,0.0
median,364.7208658410277,313.4886474609375,5.0685476391561535,0.0,0.0,0.0
std,19.293350305312597,20.925068484067854,0.3883731440086915,0.0,0.0,0.0
