,RMSE,MAE,MAPE,PI Width,CI Coverage,PI Overlap
mean,264.7974103586582,209.23045564977136,3.762301803955374,0.0,0.0,0.0
median,263.4488174395757,209.5828946741616,3.7776942862193454,0.0,0.0,0.0
std,5.751953670784935,3.798039703953841,0.061983208525805314,0.0,0.0,0.0
