,RMSE,MAE,MAPE,PI Width,CI Coverage,PI Overlap
mean,720.0214874378474,635.8983723958332,10.202627691394758,0.0,0.0,0.0
median,735.5963206857025,651.3859252929688,10.444915730156023,0.0,0.0,0.0
std,187.31142500995983,170.64652842138335,2.719400431185568,0.0,0.0,0.0
