,RMSE,MAE,MAPE,PI Width,CI Coverage,PI Overlap
mean,429.3718902692373,371.0355495876736,6.005564991706261,0.0,0.0,0.0
std,86.31231901005947,81.48719999946965,1.26071464012668,0.0,0.0,0.0
