,RMSE,MAE,MAPE,PI Width,CI Coverage,PI Overlap
mean,468.2789617382643,408.4419447157118,6.580057717633322,0.0,0.0,0.0
median,454.06357666300846,391.21175130208337,6.287681136877943,0.0,0.0,0.0
std,87.27730898567613,83.64435192077984,1.3217831433028489,0.0,0.0,0.0
