,RMSE,MAE,MAPE,PI Width,CI Coverage,PI Overlap
mean,506.11543322177323,390.46763446514416,7.180161928750208,0.0,0.0,0.0
median,505.73699948174203,387.21827423878204,7.267446479584103,0.0,0.0,0.0
std,33.75338818794923,37.78281373382996,0.5678791223638511,0.0,0.0,0.0
