,RMSE,MAE,MAPE,PI Width,CI Coverage,PI Overlap
mean,3277.8163110362243,3174.4178734673396,35.55631550491367,0.0,0.0,0.0
std,165.8645063833276,170.49655969934486,1.9558192188030543,0.0,0.0,0.0
