,RMSE,MAE,MAPE,PI Width,CI Coverage,PI Overlap
mean,393.2517268715596,343.32121446397565,5.529635714680322,0.0,0.0,0.0
median,392.69902941157835,342.75642903645837,5.520708504867478,0.0,0.0,0.0
std,4.940449513229326,4.473966510784616,0.07066603044870132,0.0,0.0,0.0
