,RMSE,MAE,MAPE,PI Width,CI Coverage,PI Overlap
mean,465.75089436836896,404.95143500434017,6.524960280796298,0.0,0.0,0.0
median,479.3371804024498,413.48988850911456,6.657535855099768,0.0,0.0,0.0
std,70.28256172597823,62.98299308780295,0.9856310836218564,0.0,0.0,0.0
