,RMSE,MAE,MAPE,PI Width,CI Coverage,PI Overlap
mean,468.0407637043433,356.2474939069177,6.557284253647634,0.0,0.0,0.0
median,467.5324728309773,355.2339242788462,6.5393504847011945,0.0,0.0,0.0
std,1.1835694625335533,5.990632366492397,0.0802446125347952,0.0,0.0,0.0
