,RMSE,MAE,MAPE,PI Width,CI Coverage,PI Overlap
mean,525.5050359892508,461.50922309027777,7.4100891051248805,0.0,0.0,0.0
median,530.3662336831692,466.8050537109375,7.495201368865995,0.0,0.0,0.0
std,18.551990144988363,19.598155640303034,0.31497294969926126,0.0,0.0,0.0
