,RMSE,MAE,MAPE,PI Width,CI Coverage,PI Overlap
mean,326.58930433446244,280.67616509331594,4.546416794505804,0.0,0.0,0.0
std,136.86983328814694,124.81269765996865,1.976569315468953,0.0,0.0,0.0
