,RMSE,MAE,MAPE,PI Width,CI Coverage,PI Overlap
mean,256.97833735823406,215.42186414930558,3.5478236946718047,0.0,0.0,0.0
median,254.2552575463405,213.47355143229169,3.515798977651182,0.0,0.0,0.0
std,11.915874390575294,9.043973925115024,0.13429521274176184,0.0,0.0,0.0
