,RMSE,MAE,MAPE,PI Width,CI Coverage,PI Overlap
mean,615.3989397098363,549.9926323784722,8.834903381893147,0.0,0.0,0.0
median,631.5135036554475,567.3373006184895,9.110867309299522,0.0,0.0,0.0
std,113.75209538076128,110.28606560251585,1.7720900427833126,0.0,0.0,0.0
