,RMSE,MAE,MAPE,PI Width,CI Coverage,PI Overlap
mean,448.25895435242217,389.15001763237836,6.253662911137762,0.0,0.0,0.0
median,455.21216348286976,394.9678955078125,6.344971384143056,0.0,0.0,0.0
std,34.84040636893918,30.623178728470947,0.4838323316099892,0.0,0.0,0.0
