,RMSE,MAE,MAPE,PI Width,CI Coverage,PI Overlap
mean,587.4018197634164,516.8434597439237,8.304942451408664,0.0,0.0,0.0
median,538.4218318685204,471.12615966796875,7.565206073498633,0.0,0.0,0.0
std,193.37298635774349,176.97180365775705,2.8292597054465496,0.0,0.0,0.0
