,RMSE,MAE,MAPE,PI Width,CI Coverage,PI Overlap
mean,1129.4979551077997,996.1537570529515,16.031922908345507,0.0,0.0,0.0
median,1207.679996644879,1052.2801513671875,16.840203244152754,0.0,0.0,0.0
std,592.3736597358289,531.081006915225,8.503087811915922,0.0,0.0,0.0
