,RMSE,MAE,MAPE,PI Width,CI Coverage,PI Overlap
mean,280.365593206928,229.49386843417557,4.20645741190937,0.0,0.0,0.0
median,280.7235576628909,229.190185546875,4.201844254391673,0.0,0.0,0.0
std,3.2529623898065108,2.795113569177625,0.05759754249817424,0.0,0.0,0.0
