,RMSE,MAE,MAPE,PI Width,CI Coverage,PI Overlap
mean,384.471890763003,332.2401028103298,5.36379810328928,0.0,0.0,0.0
median,385.61463020244685,333.39168294270837,5.382138224897359,0.0,0.0,0.0
std,19.343386351571628,16.065260833338346,0.24978591924538399,0.0,0.0,0.0
