,RMSE,MAE,MAPE,PI Width,CI Coverage,PI Overlap
mean,2826.166609999401,2689.2015329996743,29.918969554982393,0.0,0.0,0.0
std,157.51131378102923,156.14417784955975,1.763587776813288,0.0,0.0,0.0
