,RMSE,MAE,MAPE,PI Width,CI Coverage,PI Overlap
mean,276.0224835886862,212.42974617941334,3.8048857320381995,0.0,0.0,0.0
median,275.23580926803237,211.90134791324013,3.7961090686732692,0.0,0.0,0.0
std,2.4109810828426843,1.8510478357685818,0.03676730735128597,0.0,0.0,0.0
