,RMSE,MAE,MAPE,PI Width,CI Coverage,PI Overlap
mean,554.1135474497808,491.28946940104163,7.888704143979977,0.0,0.0,0.0
median,555.2520496198736,492.48701985677087,7.9079506489255245,0.0,0.0,0.0
std,9.09653780049158,9.316296812155764,0.14972743053249615,0.0,0.0,0.0
