,RMSE,MAE,MAPE,PI Width,CI Coverage,PI Overlap
mean,470.11173060325007,364.3277047442574,6.669234168249301,0.0,0.0,0.0
median,470.63225641610416,366.58215019030445,6.700065520863019,0.0,0.0,0.0
std,1.8586390734963856,6.505696265537102,0.09207022262317523,0.0,0.0,0.0
