,RMSE,MAE,MAPE,PI Width,CI Coverage,PI Overlap
mean,269.2211596071372,217.53363401178734,3.8475534443069126,0.0,0.0,0.0
median,257.51008420101675,208.98096345600328,3.7158060689239694,0.0,0.0,0.0
std,35.82691541525592,30.236452439699924,0.497619818773434,0.0,0.0,0.0
