,RMSE,MAE,MAPE,PI Width,CI Coverage,PI Overlap
mean,324.44065751139783,273.9422539605035,4.446672579950774,0.0,0.0,0.0
median,317.1653758671564,266.6750691731771,4.331184284486218,0.0,0.0,0.0
std,44.12808895100449,40.369166272805245,0.6326286030592938,0.0,0.0,0.0
