,RMSE,MAE,MAPE,PI Width,CI Coverage,PI Overlap
mean,354.09840133405345,300.439215766059,4.889374041428061,0.0,0.0,0.0
median,329.9665980586982,280.22381591796875,4.548414252821309,0.0,0.0,0.0
std,103.16067293337014,95.86789743724184,1.4947748128440466,0.0,0.0,0.0
