,RMSE,MAE,MAPE,PI Width,CI Coverage,PI Overlap
mean,263.87116226165557,217.39183981604612,3.9831078169906484,0.0,0.0,0.0
median,259.90574954229226,214.6871052194149,3.912689763821006,0.0,0.0,0.0
std,17.93124327679931,15.780279464772295,0.3035343819864584,0.0,0.0,0.0
