,RMSE,MAE,MAPE,PI Width,CI Coverage,PI Overlap
mean,351.4837430858358,301.52289360894093,4.900656077907002,0.0,0.0,0.0
median,345.3207092308663,295.59600830078125,4.8105337922549865,0.0,0.0,0.0
std,45.09489457247957,40.40003938040619,0.6360234958463137,0.0,0.0,0.0
