,RMSE,MAE,MAPE,PI Width,CI Coverage,PI Overlap
mean,268.1807153105776,203.2072265625,3.5945120461173605,0.0,0.0,0.0
std,5.011534083630012,5.486869978297815,0.11173041236160364,0.0,0.0,0.0
