True,Pred
5750,4188.6665
5399,2822.2068
6123,1988.4486
5730,1350.6564
6015,945.3825
5989,645.7499
6333,449.9297
6388,308.47562
6048,214.26842
6322,147.26038
6405,102.071884
6523,70.25603
