,RMSE,MAE,MAPE,PI Width,CI Coverage,PI Overlap
mean,281.72530669231315,243.12203369140624,3.9622023183463777,0.0,0.0,0.0
median,283.0129358557326,244.14878336588544,3.978249158987797,0.0,0.0,0.0
std,11.176289301867946,11.94995264861662,0.18906214571044855,0.0,0.0,0.0
