,RMSE,MAE,MAPE,PI Width,CI Coverage,PI Overlap
mean,2254.0410243574393,1966.213950602214,31.606652217673112,0.0,0.0,0.0
median,1909.7177128499698,1720.6920674641926,27.674162836338695,0.0,0.0,0.0
std,3092.8906008821255,2449.028502701704,39.06901769003045,0.0,0.0,0.0
