,RMSE,MAE,MAPE,PI Width,CI Coverage,PI Overlap
mean,2673.915033741701,2543.8868421766497,28.299349220508383,0.0,0.0,0.0
std,145.77849208414148,144.97748840666998,1.6364872301005302,0.0,0.0,0.0
