,RMSE,MAE,MAPE,PI Width,CI Coverage,PI Overlap
mean,1526.2617819217235,1365.7615570068358,21.993571012160828,0.0,0.0,0.0
median,1532.4852952435626,1365.0568644205728,21.92443177558754,0.0,0.0,0.0
std,913.238954921209,837.5774297865207,13.509206757355155,0.0,0.0,0.0
