,RMSE,MAE,MAPE,PI Width,CI Coverage,PI Overlap
mean,522.6507721543884,457.25487060546874,7.35573865442697,0.0,0.0,0.0
median,514.7064698128102,448.87862141927087,7.21021259407941,0.0,0.0,0.0
std,128.17947012895436,118.23435841573387,1.8757917010428984,0.0,0.0,0.0
