,RMSE,MAE,MAPE,PI Width,CI Coverage,PI Overlap
mean,433.19554592371236,375.7376369900174,6.064186423027832,0.0,0.0,0.0
median,428.0004664543055,370.6899007161458,5.9766940716756825,0.0,0.0,0.0
std,56.454556852931454,51.93757832045362,0.8082232862081297,0.0,0.0,0.0
