,RMSE,MAE,MAPE,PI Width,CI Coverage,PI Overlap
mean,519.181601821451,458.96402452256933,7.433643545737236,0.0,0.0,0.0
median,486.2151376523705,420.34842936197913,6.750335896083962,0.0,0.0,0.0
std,185.78179748216607,184.9780453458628,2.939206840216488,0.0,0.0,0.0
