,RMSE,MAE,MAPE,PI Width,CI Coverage,PI Overlap
mean,365.0866404360105,311.87863226996524,5.182508279209199,0.0,0.0,0.0
median,223.55007275662206,181.11869303385419,3.067326650432048,0.0,0.0,0.0
std,311.8613676671211,299.44021231478223,4.821691949119761,0.0,0.0,0.0
