,RMSE,MAE,MAPE,PI Width,CI Coverage,PI Overlap
mean,382.18312973087245,328.51934136284723,5.271188953881206,0.0,0.0,0.0
std,30.73519929179023,25.112835038980837,0.39670771955508743,0.0,0.0,0.0
