,RMSE,MAE,MAPE,PI Width,CI Coverage,PI Overlap
mean,578.3723663309574,480.15116717303243,9.118774579096486,0.0,0.0,0.0
median,578.3743433163158,480.17536892361113,9.119048913962844,0.0,0.0,0.0
std,0.007200498509117556,0.08526031653408365,0.000966453954061997,0.0,0.0,0.0
