,RMSE,MAE,MAPE,PI Width,CI Coverage,PI Overlap
mean,640.571860123409,576.7884250217014,9.262805806519333,0.0,0.0,0.0
median,640.1797628301586,576.4121907552083,9.256759134634985,0.0,0.0,0.0
std,2.0734198361372864,1.99131280627819,0.03200350481335711,0.0,0.0,0.0
