,RMSE,MAE,MAPE,PI Width,CI Coverage,PI Overlap
mean,844.6766406616839,757.6497205946182,12.16460345100242,0.0,0.0,0.0
median,828.7770561767711,743.971944173177,11.945624941840347,0.0,0.0,0.0
std,126.39435810360483,114.48510545156984,1.8349505011435092,0.0,0.0,0.0
