,RMSE,MAE,MAPE,PI Width,CI Coverage,PI Overlap
mean,398.77691689845796,344.16355116102443,5.549264208591017,0.0,0.0,0.0
median,398.53167862238024,344.08599853515625,5.547515045937876,0.0,0.0,0.0
std,15.001188798870025,12.136723258914735,0.1884470187974252,0.0,0.0,0.0
