,RMSE,MAE,MAPE,PI Width,CI Coverage,PI Overlap
mean,250.25637396074094,186.1426334635417,3.160811606732603,0.0,0.0,0.0
median,249.79568780641745,185.53662109375,3.14935965348101,0.0,0.0,0.0
std,2.1867558708164676,2.1600361227993337,0.03208305853139554,0.0,0.0,0.0
