,RMSE,MAE,MAPE,PI Width,CI Coverage,PI Overlap
mean,755.5845879206555,669.0848171657984,10.737958483647004,0.0,0.0,0.0
median,774.191818669441,682.8852945963541,10.945674385983745,0.0,0.0,0.0
std,253.78467024754494,228.3356071719149,3.643536608290008,0.0,0.0,0.0
