,RMSE,MAE,MAPE,PI Width,CI Coverage,PI Overlap
mean,382.56248693306327,330.1443386501736,5.338194454575968,0.0,0.0,0.0
median,384.33976969368985,331.9317626953125,5.365849283872724,0.0,0.0,0.0
std,13.866092633960344,13.141502547216502,0.2045331112476675,0.0,0.0,0.0
