,RMSE,MAE,MAPE,PI Width,CI Coverage,PI Overlap
mean,424.96715168281725,369.16044921875,5.955784031890787,0.0,0.0,0.0
median,421.7214844361143,366.8284912109375,5.920404736719883,0.0,0.0,0.0
std,11.549829500214438,8.722312815841185,0.13233054739869574,0.0,0.0,0.0
