,RMSE,MAE,MAPE,PI Width,CI Coverage,PI Overlap
mean,286.9427266506279,221.72006722383722,4.024947944243367,0.0,0.0,0.0
std,3.5117632057847423,4.425938194850876,0.0869297349531911,0.0,0.0,0.0
