,RMSE,MAE,MAPE,PI Width,CI Coverage,PI Overlap
mean,284.13020861840334,242.49117296006943,3.946739696009964,0.0,0.0,0.0
std,28.469141188114065,25.808623356244446,0.3996998272089571,0.0,0.0,0.0
