,RMSE,MAE,MAPE,PI Width,CI Coverage,PI Overlap
mean,3152.6737312556374,3021.110985649956,33.69766081774375,0.0,0.0,0.0
std,135.92831362629357,135.71969401568794,1.5373480185629391,0.0,0.0,0.0
