,RMSE,MAE,MAPE,PI Width,CI Coverage,PI Overlap
mean,392.82162780298415,342.05159098307297,5.506466268442508,0.0,0.0,0.0
median,392.7099866403572,341.9748738606771,5.505237102649412,0.0,0.0,0.0
std,2.6606638160822746,2.387098453827451,0.03776874472668838,0.0,0.0,0.0
