,RMSE,MAE,MAPE,PI Width,CI Coverage,PI Overlap
mean,461.354356698973,402.3113444010417,6.484798482093563,0.0,0.0,0.0
median,451.0418707316388,387.08258056640625,6.2218880353616015,0.0,0.0,0.0
std,81.14298036886196,77.91307050543698,1.2256767923972134,0.0,0.0,0.0
