,RMSE,MAE,MAPE,PI Width,CI Coverage,PI Overlap
mean,280.3683807048518,219.3230484629065,3.967323783762317,0.0,0.0,0.0
std,33.058735111465666,34.36762399658131,0.6270057268545143,0.0,0.0,0.0
