,RMSE,MAE,MAPE,PI Width,CI Coverage,PI Overlap
mean,490.3083444011523,428.5859700520833,6.882819487172414,0.0,0.0,0.0
median,490.7454529904076,429.00020345052087,6.889414169816408,0.0,0.0,0.0
std,21.53365784876286,20.813803372293606,0.3333068774753347,0.0,0.0,0.0
