,RMSE,MAE,MAPE,PI Width,CI Coverage,PI Overlap
mean,348.79956147345973,305.36405571831597,4.962933849884737,0.0,0.0,0.0
median,339.9369733499998,296.10498046875,4.800257261010962,0.0,0.0,0.0
std,33.25754664895114,34.728642695804886,0.6081874819783087,0.0,0.0,0.0
