,RMSE,MAE,MAPE,PI Width,CI Coverage,PI Overlap
mean,448.1442249530875,388.1821194118923,6.2580391109258535,0.0,0.0,0.0
median,432.62214155353684,374.99306233723956,6.044011642974476,0.0,0.0,0.0
std,83.52423019346745,75.79245668501747,1.1951063012044607,0.0,0.0,0.0
