,RMSE,MAE,MAPE,PI Width,CI Coverage,PI Overlap
mean,420.2839942004188,364.84540744357645,5.890596413403782,0.0,0.0,0.0
median,384.8239060864149,331.0897420247396,5.341893074528263,0.0,0.0,0.0
std,155.95317330021908,144.55808602172087,2.2933289346088603,0.0,0.0,0.0
