,RMSE,MAE,MAPE,PI Width,CI Coverage,PI Overlap
mean,470.22066652576024,409.8610663519965,6.600445413420419,0.0,0.0,0.0
median,454.6959420938713,391.38694254557294,6.295934465532314,0.0,0.0,0.0
std,90.3536983458853,82.751852892678,1.311164298969037,0.0,0.0,0.0
