,RMSE,MAE,MAPE,PI Width,CI Coverage,PI Overlap
mean,338.47761204377184,294.03228895399303,4.749299204852039,0.0,0.0,0.0
median,337.57434368776035,293.11065673828125,4.734511390029203,0.0,0.0,0.0
std,7.06722473055126,6.530494690304395,0.10275812503571499,0.0,0.0,0.0
