,RMSE,MAE,MAPE,PI Width,CI Coverage,PI Overlap
mean,3126.5609090259723,3016.489462619358,33.73281391431221,0.0,0.0,0.0
std,53.163486436808064,54.90523921509734,0.6308669691214278,0.0,0.0,0.0
