,RMSE,MAE,MAPE,PI Width,CI Coverage,PI Overlap
mean,500.77832566629587,435.37994249131947,6.990501163981879,0.0,0.0,0.0
median,508.73923558513684,443.91748046875,7.12736234422203,0.0,0.0,0.0
std,16.763906526276546,17.87582490303974,0.28663941592803477,0.0,0.0,0.0
