,RMSE,MAE,MAPE,PI Width,CI Coverage,PI Overlap
mean,268.5948151557086,207.49836407696765,3.7658817588132747,0.0,0.0,0.0
median,269.5358670212331,208.43942057291667,3.7840064554538233,0.0,0.0,0.0
std,3.207800124994051,3.227247065597517,0.06341685859167041,0.0,0.0,0.0
