,RMSE,MAE,MAPE,PI Width,CI Coverage,PI Overlap
mean,400.76313038647885,347.69538302951395,5.598394620528293,0.0,0.0,0.0
median,423.66209164401664,367.8097941080729,5.91569821905979,0.0,0.0,0.0
std,42.757031679585126,36.99482072918783,0.5836323231903633,0.0,0.0,0.0
