,RMSE,MAE,MAPE,PI Width,CI Coverage,PI Overlap
mean,2625.6366551849746,2316.2087417973407,37.579961513831016,0.0,0.0,0.0
median,2122.2736526698495,1819.6761169433594,29.618554928591863,0.0,0.0,0.0
std,2096.461851957818,1863.1123484835791,30.079700306317605,0.0,0.0,0.0
