True,Pred
5750,3602.0642
5399,2242.8984
6123,2468.6497
5730,1022.70264
6015,-815.8078
5989,200.15025
6333,1102.8627
6388,1579.9556
6048,2843.5227
6322,2516.8474
6405,2552.842
6523,3591.8518
