,RMSE,MAE,MAPE,PI Width,CI Coverage,PI Overlap
mean,297.57327336367996,253.51955023871525,4.110733029965016,0.0,0.0,0.0
median,295.76199251116844,251.80987548828125,4.083820035428545,0.0,0.0,0.0
std,5.2753481260267705,5.036096174512208,0.07921385117448337,0.0,0.0,0.0
