,RMSE,MAE,MAPE,PI Width,CI Coverage,PI Overlap
mean,607.6030395806627,543.945033094618,8.735486103775145,0.0,0.0,0.0
median,603.5479899900338,540.7943115234375,8.684324223433848,0.0,0.0,0.0
std,58.50461733840073,57.78412220568903,0.9272695351488439,0.0,0.0,0.0
