,RMSE,MAE,MAPE,PI Width,CI Coverage,PI Overlap
mean,565.3001522158222,458.7750466086647,8.698794865782759,0.0,0.0,0.0
median,562.0743635308968,455.5120849609375,8.645807184627406,0.0,0.0,0.0
std,7.9055063667829195,14.156982849190177,0.15577662107738355,0.0,0.0,0.0
