,RMSE,MAE,MAPE,PI Width,CI Coverage,PI Overlap
mean,283.25768259629587,224.06782101362177,4.037449589952545,0.0,0.0,0.0
std,39.82126510282456,40.324216210089304,0.7283027965349688,0.0,0.0,0.0
