,RMSE,MAE,MAPE,PI Width,CI Coverage,PI Overlap
mean,268.20499104718664,213.70552698206018,3.8829468093428217,0.0,0.0,0.0
median,264.58195283093926,209.0891872829861,3.8181978955985256,0.0,0.0,0.0
std,14.441141721647055,11.81501299605408,0.19965595393962407,0.0,0.0,0.0
