,RMSE,MAE,MAPE,PI Width,CI Coverage,PI Overlap
mean,512.0664173956802,446.74987386067716,7.180022141995165,0.0,0.0,0.0
median,466.8572551262092,400.7769978841146,6.436609047284431,0.0,0.0,0.0
std,162.46932540719624,146.28859605999529,2.3311158367242584,0.0,0.0,0.0
