,RMSE,MAE,MAPE,PI Width,CI Coverage,PI Overlap
mean,346.46292825921216,297.66454806857644,4.822767099028208,0.0,0.0,0.0
median,355.44509227525884,305.95318603515625,4.951626602371837,0.0,0.0,0.0
std,24.14151967189298,21.974175336338906,0.3404102368588809,0.0,0.0,0.0
