,RMSE,MAE,MAPE,PI Width,CI Coverage,PI Overlap
mean,366.43991999589076,307.67023790147573,5.01543659199094,0.0,0.0,0.0
median,293.2567264965249,241.6350301106771,3.9608464265938474,0.0,0.0,0.0
std,123.99452724906,115.79224262793629,1.787045056884992,0.0,0.0,0.0
