,RMSE,MAE,MAPE,PI Width,CI Coverage,PI Overlap
mean,1815.3964613821474,1663.6097385406492,26.879751000459237,0.0,0.0,0.0
median,1557.5154371511594,1377.384256998698,22.09438465214401,0.0,0.0,0.0
std,1254.9297502192098,1196.6556877802325,19.393819643109826,0.0,0.0,0.0
