,RMSE,MAE,MAPE,PI Width,CI Coverage,PI Overlap
mean,398.58903941823326,349.6838528103299,5.69010236044035,0.0,0.0,0.0
median,371.7214306645009,320.07598876953125,5.171347441379129,0.0,0.0,0.0
std,69.52831935902883,76.50641150911459,1.334918363792907,0.0,0.0,0.0
