,RMSE,MAE,MAPE,PI Width,CI Coverage,PI Overlap
mean,476.857013108839,409.54474283854165,6.5757971192809626,0.0,0.0,0.0
median,479.00704922480963,411.3660074869792,6.604209367467446,0.0,0.0,0.0
std,5.864303488284437,5.036300006212401,0.07869683903345309,0.0,0.0,0.0
