,RMSE,MAE,MAPE,PI Width,CI Coverage,PI Overlap
mean,264.80168809615395,209.680609556686,3.803932625423059,0.0,0.0,0.0
std,2.778922283453444,2.43917932574228,0.045376256874257434,0.0,0.0,0.0
