,RMSE,MAE,MAPE,PI Width,CI Coverage,PI Overlap
mean,484.4056021870405,421.2750122070312,6.802414737685345,0.0,0.0,0.0
median,419.8914954241227,362.24527994791663,5.826425112155178,0.0,0.0,0.0
std,235.53030268755816,215.56298057319933,3.423984525365205,0.0,0.0,0.0
