,RMSE,MAE,MAPE,PI Width,CI Coverage,PI Overlap
mean,450.13013365735475,389.08068169487854,6.2653798044342635,0.0,0.0,0.0
median,463.4636405878161,400.24456787109375,6.440354671506094,0.0,0.0,0.0
std,30.758277882475042,25.301056121874836,0.3970398978892793,0.0,0.0,0.0
