,RMSE,MAE,MAPE,PI Width,CI Coverage,PI Overlap
mean,3825.3800082008174,3042.4090175204806,48.8320365351913,0.0,0.0,0.0
std,7480.749354797524,5022.729654818407,79.32995215397263,0.0,0.0,0.0
