True,Pred
5750,3696.002
5399,3398.12
6123,1919.4817
5730,340.47327
6015,-648.9109
5989,-2300.9656
6333,-2430.4634
6388,-1475.6312
6048,572.57324
6322,1721.762
6405,5632.9536
6523,6328.3105
