,RMSE,MAE,MAPE,PI Width,CI Coverage,PI Overlap
mean,459.14229326024696,399.67949218749993,6.435271048803775,0.0,0.0,0.0
median,454.93320582369415,390.08526611328125,6.268227267710806,0.0,0.0,0.0
std,62.524003927849265,59.607548415045024,0.9400705903232175,0.0,0.0,0.0
