,RMSE,MAE,MAPE,PI Width,CI Coverage,PI Overlap
mean,256.0829994046455,198.84255551938656,3.462156818863456,0.0,0.0,0.0
std,7.748723050995924,8.536455589612988,0.1546347088137154,0.0,0.0,0.0
