,RMSE,MAE,MAPE,PI Width,CI Coverage,PI Overlap
mean,2943.6871596541723,2822.542428249783,31.486694293034972,0.0,0.0,0.0
std,78.02592429021438,79.58048060202762,0.9078979322315761,0.0,0.0,0.0
