,RMSE,MAE,MAPE,PI Width,CI Coverage,PI Overlap
mean,496.41361598140753,434.310993109809,6.986481694607122,0.0,0.0,0.0
std,90.63731458525572,83.84164489465775,1.332774286588157,0.0,0.0,0.0
