,RMSE,MAE,MAPE,PI Width,CI Coverage,PI Overlap
mean,385.88511233506983,298.0389334825965,5.533741036787153,0.0,0.0,0.0
std,31.542678124972365,24.304663788041132,0.46554185470487963,0.0,0.0,0.0
