,RMSE,MAE,MAPE,PI Width,CI Coverage,PI Overlap
mean,276.3572032947751,217.61218207465282,3.99104193050624,0.0,0.0,0.0
std,3.579268537682149,4.216400525825241,0.08910948982537976,0.0,0.0,0.0
