,RMSE,MAE,MAPE,PI Width,CI Coverage,PI Overlap
mean,2976.717769812928,2855.4232259114583,31.85828523592478,0.0,0.0,0.0
std,27.38253989736816,27.392842488312617,0.3103140416482949,0.0,0.0,0.0
