,RMSE,MAE,MAPE,PI Width,CI Coverage,PI Overlap
mean,384.28601484903885,331.58819715711803,5.3607587723890155,0.0,0.0,0.0
std,14.010577180532243,13.136207203152896,0.20448406789470092,0.0,0.0,0.0
