,RMSE,MAE,MAPE,PI Width,CI Coverage,PI Overlap
mean,596.7413491636254,533.6613878038195,8.569750400305843,0.0,0.0,0.0
median,591.8110232567067,529.2167561848958,8.498254839037916,0.0,0.0,0.0
std,36.46677040201648,36.4147428778487,0.5850102328450817,0.0,0.0,0.0
