,RMSE,MAE,MAPE,PI Width,CI Coverage,PI Overlap
mean,361.7902470154031,314.473723687066,5.0742750696274515,0.0,0.0,0.0
median,359.5477858910989,312.64290364583337,5.045389981887316,0.0,0.0,0.0
std,6.513863903716671,5.798965975425285,0.09148226953838627,0.0,0.0,0.0
