,RMSE,MAE,MAPE,PI Width,CI Coverage,PI Overlap
mean,399.3372688551021,343.837318250868,5.541111511615643,0.0,0.0,0.0
std,35.86300219257713,31.238401290115313,0.48886668443149006,0.0,0.0,0.0
