,RMSE,MAE,MAPE,PI Width,CI Coverage,PI Overlap
mean,218.26979699688894,184.344684516059,3.0916309434885147,0.0,0.0,0.0
median,218.15885734208416,184.41351318359375,3.0930375630028175,0.0,0.0,0.0
std,2.3025367390987053,2.7429279759074663,0.03848869769897379,0.0,0.0,0.0
