,RMSE,MAE,MAPE,PI Width,CI Coverage,PI Overlap
mean,488.5733111507092,372.37612792968747,6.928802846342709,0.0,0.0,0.0
median,488.56873832840506,372.5074462890625,6.930361665531313,0.0,0.0,0.0
std,0.010085057227616179,0.7549064009491983,0.009937336645260215,0.0,0.0,0.0
