,RMSE,MAE,MAPE,PI Width,CI Coverage,PI Overlap
mean,418.0061686110384,360.1813191731771,5.795889663817786,0.0,0.0,0.0
median,426.3394579794284,367.599365234375,5.912448004751792,0.0,0.0,0.0
std,21.316458705975208,18.7056953333445,0.29387384076022277,0.0,0.0,0.0
