,RMSE,MAE,MAPE,PI Width,CI Coverage,PI Overlap
mean,590.2712122980596,525.2040635850694,8.436283840594253,0.0,0.0,0.0
median,549.2991049281572,486.4005940755208,7.810132287002551,0.0,0.0,0.0
std,108.14107035951972,107.67812467961825,1.736112352928598,0.0,0.0,0.0
