,RMSE,MAE,MAPE,PI Width,CI Coverage,PI Overlap
mean,328.3273099957018,281.91636013454865,4.588012976524798,0.0,0.0,0.0
median,323.9303718974126,278.2400105794271,4.5292843042427835,0.0,0.0,0.0
std,19.7349346104623,18.39926901355267,0.28408689973341195,0.0,0.0,0.0
