,RMSE,MAE,MAPE,PI Width,CI Coverage,PI Overlap
mean,415.9066403192077,360.9528767903646,5.87139838503384,0.0,0.0,0.0
median,357.4967675468549,319.9879353841146,5.254787543214192,0.0,0.0,0.0
std,153.27658574353725,143.5527494333609,2.2559259708511714,0.0,0.0,0.0
