,RMSE,MAE,MAPE,PI Width,CI Coverage,PI Overlap
mean,489.6041197701162,428.08052029079863,6.874108569472463,0.0,0.0,0.0
median,492.4864849379635,430.67976888020837,6.915539464403189,0.0,0.0,0.0
std,12.84049197712905,12.071123252416761,0.1931893566813704,0.0,0.0,0.0
