,RMSE,MAE,MAPE,PI Width,CI Coverage,PI Overlap
mean,532.4054773393468,469.2173299153646,7.5426188005097226,0.0,0.0,0.0
median,530.5699411638684,466.01100667317706,7.479436169941305,0.0,0.0,0.0
std,145.96320099140493,136.73420615960174,2.180616362427335,0.0,0.0,0.0
