,RMSE,MAE,MAPE,PI Width,CI Coverage,PI Overlap
mean,601.0569425257103,530.0628811306425,8.519724473574485,0.0,0.0,0.0
median,613.7544788023181,542.0481567382812,8.69559078938222,0.0,0.0,0.0
std,209.68364246854304,191.77208988251562,3.0508461595376546,0.0,0.0,0.0
