,RMSE,MAE,MAPE,PI Width,CI Coverage,PI Overlap
mean,309.83995239361246,247.13478417211724,4.486131448498567,0.0,0.0,0.0
median,308.284042391252,244.19259856468022,4.444941111025292,0.0,0.0,0.0
std,32.09639850101539,26.501723970907122,0.4916200970807004,0.0,0.0,0.0
