,RMSE,MAE,MAPE,PI Width,CI Coverage,PI Overlap
mean,455.7823794582534,395.9447347005208,6.400116886077405,0.0,0.0,0.0
median,448.95306153168116,386.6433308919271,6.219662647957442,0.0,0.0,0.0
std,87.62197143978474,84.35839352339654,1.3042359713822291,0.0,0.0,0.0
