,RMSE,MAE,MAPE,PI Width,CI Coverage,PI Overlap
mean,412.4215783620131,359.05744086371516,5.794027234873919,0.0,0.0,0.0
median,402.772975965656,351.6908976236979,5.672418387905374,0.0,0.0,0.0
std,84.32848859736465,79.85454289816872,1.2667623170795195,0.0,0.0,0.0
