,RMSE,MAE,MAPE,PI Width,CI Coverage,PI Overlap
mean,431.0911453488991,374.6055257161459,6.0603454940234895,0.0,0.0,0.0
median,392.5656767146313,342.9288126627604,5.557338297600761,0.0,0.0,0.0
std,110.34474752795303,103.37043488850938,1.6332760333719254,0.0,0.0,0.0
