,RMSE,MAE,MAPE,PI Width,CI Coverage,PI Overlap
mean,531.375964558658,467.88006456163197,7.511723825376006,0.0,0.0,0.0
median,533.7290638901583,470.1811726888021,7.5485949992267845,0.0,0.0,0.0
std,16.864555700155215,15.812692125522664,0.25281625890628895,0.0,0.0,0.0
