,RMSE,MAE,MAPE,PI Width,CI Coverage,PI Overlap
mean,338.6324624720672,288.0533243815104,4.691383974242347,0.0,0.0,0.0
median,279.4683924751582,234.37807210286456,3.8239017805959796,0.0,0.0,0.0
std,86.01758568364941,80.76613198127878,1.287364063284453,0.0,0.0,0.0
