,RMSE,MAE,MAPE,PI Width,CI Coverage,PI Overlap
mean,413.63566819583565,356.080573187934,5.739091728265978,0.0,0.0,0.0
median,426.81054630637027,360.4842529296875,5.7793469693605495,0.0,0.0,0.0
std,48.005995390396684,44.173152511696316,0.6799449626907035,0.0,0.0,0.0
