,RMSE,MAE,MAPE,PI Width,CI Coverage,PI Overlap
mean,600.1041763849636,537.3591715494791,8.62911616252824,0.0,0.0,0.0
median,600.8464486315108,538.14111328125,8.641683186602805,0.0,0.0,0.0
std,12.618837816451045,12.458748160195517,0.2002315283947991,0.0,0.0,0.0
