,RMSE,MAE,MAPE,PI Width,CI Coverage,PI Overlap
mean,486.5308820044009,426.5031521267361,6.8487895693692105,0.0,0.0,0.0
median,486.9193920924388,426.9485677083333,6.856163344655039,0.0,0.0,0.0
std,6.678855884161587,6.3808944932790395,0.10214503682820644,0.0,0.0,0.0
