,RMSE,MAE,MAPE,PI Width,CI Coverage,PI Overlap
mean,286.4266786063014,244.4082275390625,3.9665055125027227,0.0,0.0,0.0
median,283.9886529296928,242.26352945963544,3.9328318435861904,0.0,0.0,0.0
std,10.618322754294821,10.716686009091738,0.16922668449259806,0.0,0.0,0.0
