,RMSE,MAE,MAPE,PI Width,CI Coverage,PI Overlap
mean,281.43183778361004,223.2330596388432,4.002729951708768,0.0,0.0,0.0
median,269.35035569934087,213.82538805509867,3.821880017373472,0.0,0.0,0.0
std,38.2120928157213,36.150984449357104,0.6506463021548242,0.0,0.0,0.0
