,RMSE,MAE,MAPE,PI Width,CI Coverage,PI Overlap
mean,1797.7535173975841,1607.0702221976387,26.035407725682088,0.0,0.0,0.0
median,1487.1384910168006,1331.547342936198,21.52639114945198,0.0,0.0,0.0
std,1346.4027760845722,1217.5638461352337,19.652602139789987,0.0,0.0,0.0
