True,Pred
5750,3991.3794
5399,2802.6516
6123,2671.966
5730,1781.8625
6015,2755.4421
5989,2314.4443
6333,528.0595
6388,478.15845
6048,-71.41573
6322,1085.2427
6405,806.85455
6523,-345.38297
