,RMSE,MAE,MAPE,PI Width,CI Coverage,PI Overlap
mean,6086.674366091299,6078.071905082961,99.87592762292867,0.0,0.0,0.0
median,6089.068661215121,6080.442026207845,99.91451280270749,0.0,0.0,0.0
std,6.005896625136277,6.022739863780366,0.09940267957987724,0.0,0.0,0.0
