,RMSE,MAE,MAPE,PI Width,CI Coverage,PI Overlap
mean,5515.711200834628,5482.881030949801,99.65031682846669,0.0,0.0,0.0
median,5516.84340897812,5484.020076021235,99.67128983684012,0.0,0.0,0.0
std,7.45973312152398,7.504425934343026,0.13817748925413975,0.0,0.0,0.0
