True,Pred
5750,19.81842
5399,8.857035
6123,4.463227
5730,2.5375373
6015,1.7822219
5989,1.5212528
6333,1.4370058
6388,1.4105021
6048,1.4022355
6322,1.3996644
6405,1.3988651
6523,1.3986169
