True,Pred
5750,22.061686
5399,12.575383
6123,7.4969177
5730,4.121134
6015,2.2158687
5989,1.4312092
6333,1.1797057
6388,1.1078274
6048,1.0880468
6322,1.0826622
6405,1.0812007
6523,1.0808046
