True,Pred
5750,24.872458
5399,16.435299
6123,12.640973
5730,10.084568
6015,8.004495
5989,6.1566825
6333,4.5055585
6388,3.1459136
6048,2.1931968
6322,1.6434431
6405,1.373606
6523,1.2537745
