True,Pred
5750,12.377193
5399,5.135248
6123,2.263218
5730,1.2481122
6015,0.9729191
5989,0.9076179
6333,0.8927175
6388,0.8893496
6048,0.88858986
6322,0.8884187
6405,0.88838005
6523,0.88837135
