True,Pred
5750,16.085796
5399,6.6886444
6123,2.5533926
5730,1.1654608
6015,0.8688209
5989,0.81595105
6333,0.8068951
6388,0.8053548
6048,0.80509317
6322,0.8050487
6405,0.8050412
6523,0.8050398
