True,Pred
4323,25.772572
4825,25.77257
4462,25.77257
4642,25.77257
4369,25.772572
4672,25.77257
4661,25.772572
4655,25.772572
4716,25.772572
4377,25.772572
4484,25.77257
4911,25.77257
5218,25.772572
5759,25.772572
5456,25.772572
5359,25.772572
5305,25.772572
5769,25.772572
5565,25.772572
5367,25.772572
5633,25.772572
5664,25.772572
6082,25.772572
6505,25.772572
5813,25.772572
6379,25.772572
6091,25.772572
6219,25.772572
6052,25.772572
6105,25.772572
6030,25.772572
5969,25.772572
5707,25.772572
5681,25.772572
6052,25.772572
5904,25.772572
5426,25.772572
6005,25.772572
5766,25.772572
5946,25.772572
5981,25.772572
6104,25.772572
5991,25.772572
5670,25.772572
5709,25.772572
5416,25.772572
5793,25.772572
