True,Pred
5750,21.163378
5399,10.34997
6123,5.7400327
5730,3.2869236
6015,2.0835
5989,1.5820409
6333,1.3965994
6388,1.3317946
6048,1.309646
6322,1.3021358
6405,1.2995962
6523,1.2987381
