True,Pred
4323,17.729448
4825,17.729448
4462,17.729448
4642,17.729448
4369,17.729448
4672,17.729448
4661,17.729448
4655,17.729448
4716,17.729448
4377,17.729448
4484,17.729448
4911,17.729448
5218,17.729448
5759,17.729448
5456,17.729448
5359,17.729448
5305,17.729448
5769,17.729448
5565,17.729448
5367,17.729448
5633,17.729448
5664,17.729448
6082,17.729448
6505,17.729448
5813,17.729448
6379,17.729448
6091,17.729448
6219,17.729448
6052,17.729448
6105,17.729448
6030,17.729448
5969,17.729448
5707,17.729448
5681,17.729448
6052,17.729448
5904,17.729448
5426,17.729448
6005,17.729448
5766,17.729448
5946,17.729448
5981,17.729448
6104,17.729448
5991,17.729448
5670,17.729448
5709,17.729448
5416,17.729448
5793,17.729448
