True,Pred
5750,32.519157
5399,23.560026
6123,20.17181
5730,18.325445
6015,17.133392
5989,16.283583
6333,15.63667
6388,15.120486
6048,14.693653
6322,14.330607
6405,14.014614
6523,13.734202
