True,Pred
5750,15.152866
5399,6.5943346
6123,2.977149
5730,1.6301852
6015,1.2523357
5989,1.1610881
6333,1.1400338
6388,1.1352298
6048,1.1341366
6322,1.1338879
6405,1.1338314
6523,1.1338186
