True,Pred
5750,19.085903
5399,11.068608
6123,7.354159
5730,4.882945
6015,3.2226474
5989,2.2588732
6333,1.7915285
6388,1.5926181
6048,1.5135688
6322,1.4830781
6405,1.4714575
6523,1.467049
