True,Pred
5750,17.864395
5399,9.481814
6123,5.114494
5730,2.4925737
6015,1.3001068
5989,0.9236053
6333,0.82680655
6388,0.8035501
6048,0.79805994
6322,0.79676926
6405,0.7964661
6523,0.79639506
