True,Pred
5750,12.398116
5399,5.6109204
6123,2.3270123
5730,1.0502856
6015,0.7320116
5989,0.6686697
6333,0.65678024
6388,0.65457463
6048,0.65416396
6322,0.6540875
6405,0.6540733
6523,0.6540707
