True,Pred
4323,19.634932
4825,19.634932
4462,19.634932
4642,19.634932
4369,19.634932
4672,19.634932
4661,19.634932
4655,19.634932
4716,19.634932
4377,19.634932
4484,19.634932
4911,19.634932
5218,19.634932
5759,19.634932
5456,19.634932
5359,19.634932
5305,19.634932
5769,19.634932
5565,19.634932
5367,19.634932
5633,19.634932
5664,19.634932
6082,19.634932
6505,19.634932
5813,19.634932
6379,19.634932
6091,19.634932
6219,19.634932
6052,19.634932
6105,19.634932
6030,19.634932
5969,19.634932
5707,19.634932
5681,19.634932
6052,19.634932
5904,19.634932
5426,19.634932
6005,19.634932
5766,19.634932
5946,19.634932
5981,19.634932
6104,19.634932
5991,19.634932
5670,19.634932
5709,19.634932
5416,19.634932
5793,19.634932
