True,Pred
5750,14.410245
5399,5.4349494
6123,2.1142201
5730,1.1410397
6015,0.9344707
5989,0.8955975
6333,0.8884861
6388,0.8871922
6048,0.886957
6322,0.8869142
6405,0.8869064
6523,0.886905
