True,Pred
5750,12.8756
5399,4.6514654
6123,1.8483899
5730,1.0692145
6015,0.9095671
5989,0.88022685
6333,0.8749589
6388,0.87401724
6048,0.87384903
6322,0.873819
6405,0.8738136
6523,0.8738127
