True,Pred
4323,17.840134
4825,17.840134
4462,17.840134
4642,17.840134
4369,17.840134
4672,17.840134
4661,17.840134
4655,17.840134
4716,17.840134
4377,17.840134
4484,17.840134
4911,17.840134
5218,17.840134
5759,17.840134
5456,17.840134
5359,17.840134
5305,17.840134
5769,17.840134
5565,17.840134
5367,17.840134
5633,17.840134
5664,17.840134
6082,17.840134
6505,17.840134
5813,17.840134
6379,17.840134
6091,17.840134
6219,17.840134
6052,17.840134
6105,17.840134
6030,17.840134
5969,17.840134
5707,17.840134
5681,17.840134
6052,17.840134
5904,17.840134
5426,17.840134
6005,17.840134
5766,17.840134
5946,17.840134
5981,17.840134
6104,17.840134
5991,17.840134
5670,17.840134
5709,17.840134
5416,17.840134
5793,17.840134
