True,Pred
5750,28.597874
5399,21.20537
6123,18.771734
5730,17.576523
6015,16.888676
5989,16.458546
6333,16.175995
6388,15.98448
6048,15.85195
6322,15.75893
6405,15.692997
6523,15.645937
