True,Pred
4323,24.872458
4825,24.872458
4462,24.872458
4642,24.872458
4369,24.872458
4672,24.872458
4661,24.872458
4655,24.872458
4716,24.872458
4377,24.872458
4484,24.872458
4911,24.872458
5218,24.872458
5759,24.872458
5456,24.872458
5359,24.872458
5305,24.872458
5769,24.872458
5565,24.872458
5367,24.872458
5633,24.872458
5664,24.872458
6082,24.872458
6505,24.872458
5813,24.872458
6379,24.872458
6091,24.872458
6219,24.872458
6052,24.872458
6105,24.872458
6030,24.872458
5969,24.872458
5707,24.872458
5681,24.872458
6052,24.872458
5904,24.872458
5426,24.872458
6005,24.872458
5766,24.872458
5946,24.872458
5981,24.872458
6104,24.872458
5991,24.872458
5670,24.872458
5709,24.872458
5416,24.872458
5793,24.872458
