True,Pred
5750,32.002914
5399,25.946718
6123,23.553776
5730,22.296358
6015,21.546373
5989,21.066553
6333,20.74611
6388,20.526052
6048,20.372068
6322,20.262905
6405,20.184807
6523,20.128572
