True,Pred
4323,15.526948
4825,15.526948
4462,15.526948
4642,15.526948
4369,15.526948
4672,15.526948
4661,15.526948
4655,15.526948
4716,15.526948
4377,15.526948
4484,15.526948
4911,15.526948
5218,15.526948
5759,15.526948
5456,15.526948
5359,15.526948
5305,15.526948
5769,15.526948
5565,15.526948
5367,15.526948
5633,15.526948
5664,15.526948
6082,15.526948
6505,15.526948
5813,15.526948
6379,15.526948
6091,15.526948
6219,15.526948
6052,15.526948
6105,15.526948
6030,15.526948
5969,15.526948
5707,15.526948
5681,15.526948
6052,15.526948
5904,15.526948
5426,15.526948
6005,15.526948
5766,15.526948
5946,15.526948
5981,15.526948
6104,15.526948
5991,15.526948
5670,15.526948
5709,15.526948
5416,15.526948
5793,15.526948
