True,Pred
4323,15.64995
4825,15.64995
4462,15.64995
4642,15.64995
4369,15.64995
4672,15.64995
4661,15.64995
4655,15.64995
4716,15.64995
4377,15.64995
4484,15.64995
4911,15.64995
5218,15.64995
5759,15.64995
5456,15.64995
5359,15.64995
5305,15.64995
5769,15.64995
5565,15.64995
5367,15.64995
5633,15.64995
5664,15.64995
6082,15.64995
6505,15.64995
5813,15.64995
6379,15.64995
6091,15.64995
6219,15.64995
6052,15.64995
6105,15.64995
6030,15.64995
5969,15.64995
5707,15.64995
5681,15.64995
6052,15.64995
5904,15.64995
5426,15.64995
6005,15.64995
5766,15.64995
5946,15.64995
5981,15.64995
6104,15.64995
5991,15.64995
5670,15.64995
5709,15.64995
5416,15.64995
5793,15.64995
