True,Pred
4323,26.442062
4825,26.442062
4462,26.442062
4642,26.442062
4369,26.442062
4672,26.442062
4661,26.442062
4655,26.442062
4716,26.442062
4377,26.442062
4484,26.442062
4911,26.442062
5218,26.442062
5759,26.442062
5456,26.442062
5359,26.442062
5305,26.442062
5769,26.442062
5565,26.442062
5367,26.442062
5633,26.442062
5664,26.442062
6082,26.442062
6505,26.442062
5813,26.442062
6379,26.442062
6091,26.442062
6219,26.442062
6052,26.442062
6105,26.442062
6030,26.442062
5969,26.442062
5707,26.442062
5681,26.442062
6052,26.442062
5904,26.442062
5426,26.442062
6005,26.442062
5766,26.442062
5946,26.442062
5981,26.442062
6104,26.442062
5991,26.442062
5670,26.442062
5709,26.442062
5416,26.442062
5793,26.442062
