True,Pred
5750,22.287807
5399,9.891332
6123,4.8752
5730,2.3700075
6015,1.3823453
5989,1.0887382
6333,1.0129119
6388,0.9941825
6048,0.9896102
6322,0.9884971
6405,0.98822623
6523,0.9881603
