True,Pred
5750,23.343761
5399,13.911672
6123,9.584168
5730,6.7509737
6015,4.7345176
5989,3.3634121
6333,2.52998
6388,2.0817971
6048,1.862088
6322,1.7601498
6405,1.714169
6523,1.6937039
