True,Pred
5750,28.7725
5399,19.266134
6123,15.648235
5730,13.520552
6015,11.989447
5989,10.744427
6333,9.64357
6388,8.609487
6048,7.595821
6322,6.576428
6405,5.5460567
6523,4.5275416
