True,Pred
5750,25.349947
5399,16.857283
6123,13.316396
5730,11.252976
6015,9.827668
5989,8.728012
6333,7.8100696
6388,6.997856
6048,6.2480607
6322,5.536218
6405,4.8516254
6523,4.196016
