True,Pred
5750,14.195958
5399,5.759906
6123,2.641518
5730,1.4715639
6015,1.1241852
5989,1.0339313
6333,1.0114887
6388,1.0059733
6048,1.0046219
6322,1.0042909
6405,1.0042099
6523,1.0041901
