True,Pred
4323,28.938204
4825,28.938204
4462,28.938204
4642,28.938204
4369,28.938204
4672,28.938204
4661,28.938204
4655,28.938204
4716,28.938204
4377,28.938204
4484,28.938204
4911,28.938204
5218,28.938204
5759,28.938204
5456,28.938204
5359,28.938204
5305,28.938204
5769,28.938204
5565,28.938204
5367,28.938204
5633,28.938204
5664,28.938204
6082,28.938204
6505,28.938204
5813,28.938204
6379,28.938204
6091,28.938204
6219,28.938204
6052,28.938204
6105,28.938204
6030,28.938204
5969,28.938204
5707,28.938204
5681,28.938204
6052,28.938204
5904,28.938204
5426,28.938204
6005,28.938204
5766,28.938204
5946,28.938204
5981,28.938204
6104,28.938204
5991,28.938204
5670,28.938204
5709,28.938204
5416,28.938204
5793,28.938204
