True,Pred
4323,15.988724
4825,15.988724
4462,15.988724
4642,15.988724
4369,15.988724
4672,15.988724
4661,15.988724
4655,15.988724
4716,15.988724
4377,15.988724
4484,15.988724
4911,15.988724
5218,15.988724
5759,15.988724
5456,15.988724
5359,15.988724
5305,15.988724
5769,15.988724
5565,15.988724
5367,15.988724
5633,15.988724
5664,15.988724
6082,15.988724
6505,15.988724
5813,15.988724
6379,15.988724
6091,15.988724
6219,15.988724
6052,15.988724
6105,15.988724
6030,15.988724
5969,15.988724
5707,15.988724
5681,15.988724
6052,15.988724
5904,15.988724
5426,15.988724
6005,15.988724
5766,15.988724
5946,15.988724
5981,15.988724
6104,15.988724
5991,15.988724
5670,15.988724
5709,15.988724
5416,15.988724
5793,15.988724
