True,Pred
5750,17.840134
5399,9.294058
6123,4.9051895
5730,2.4569635
6015,1.4294863
5989,1.1162432
6333,1.0352057
6388,1.0153192
6048,1.010506
6322,1.0093452
6405,1.0090654
6523,1.0089979
