True,Pred
5750,21.413378
5399,12.752741
6123,8.574591
5730,5.800239
6015,3.7989008
5989,2.44844
6333,1.6789227
6388,1.3142877
6048,1.1622833
6322,1.1029099
6405,1.0803574
6523,1.0718848
