True,Pred
4323,10.617847
4825,10.617847
4462,10.617847
4642,10.617847
4369,10.617847
4672,10.617847
4661,10.617847
4655,10.617847
4716,10.617847
4377,10.617847
4484,10.617847
4911,10.617847
5218,10.617847
5759,10.617847
5456,10.617847
5359,10.617847
5305,10.617847
5769,10.617847
5565,10.617847
5367,10.617847
5633,10.617847
5664,10.617847
6082,10.617847
6505,10.617847
5813,10.617847
6379,10.617847
6091,10.617847
6219,10.617847
6052,10.617847
6105,10.617847
6030,10.617847
5969,10.617847
5707,10.617847
5681,10.617847
6052,10.617847
5904,10.617847
5426,10.617847
6005,10.617847
5766,10.617847
5946,10.617847
5981,10.617847
6104,10.617847
5991,10.617847
5670,10.617847
5709,10.617847
5416,10.617847
5793,10.617847
