True,Pred
5750,23.65582
5399,11.769257
6123,6.7180686
5730,3.857788
6015,2.4073563
5989,1.8295255
6333,1.6360044
6388,1.5760596
6048,1.5579889
6322,1.552588
6405,1.5509775
6523,1.5504978
