True,Pred
5750,15.526948
5399,6.2658954
6123,2.5478141
5730,1.2775618
6015,0.9769126
5989,0.91723335
6333,0.90591264
6388,0.9037845
6048,0.90338516
6322,0.9033103
6405,0.90329623
6523,0.9032935
