True,Pred
5750,10.617847
5399,3.387604
6123,1.3905907
5730,0.9763363
6015,0.90519845
5989,0.8935328
6333,0.89163536
6388,0.8913271
6048,0.891277
6322,0.89126897
6405,0.89126766
6523,0.8912674
