True,Pred
5750,26.442062
5399,19.511343
6123,16.536037
5730,14.754754
6015,13.512732
5989,12.563586
6333,11.791447
6388,11.133719
6048,10.553034
6322,10.025271
6405,9.533986
6523,9.067439
