True,Pred
5750,27.374746
5399,14.495343
6123,8.46445
5730,4.896563
6015,2.8572729
5989,1.8640518
6333,1.4584689
6388,1.3103977
6048,1.258999
6322,1.2414937
6405,1.2355715
6523,1.2335726
