True,Pred
5750,19.291653
5399,9.691558
6123,5.339804
5730,3.1120923
6015,2.074067
5989,1.6568574
6333,1.5052972
6388,1.4527395
6048,1.434833
6322,1.4287702
6405,1.4267213
6523,1.4260298
