True,Pred
5750,15.988724
5399,8.015024
6123,4.433739
5730,2.5565796
6015,1.6922415
5989,1.3604149
6333,1.2464314
6388,1.2090191
6048,1.1969423
6322,1.1930653
6405,1.1918229
6523,1.1914248
