True,Pred
4323,13.849624
4825,13.849624
4462,13.849624
4642,13.849624
4369,13.849624
4672,13.849624
4661,13.849624
4655,13.849624
4716,13.849624
4377,13.849624
4484,13.849624
4911,13.849624
5218,13.849624
5759,13.849624
5456,13.849624
5359,13.849624
5305,13.849624
5769,13.849624
5565,13.849624
5367,13.849624
5633,13.849624
5664,13.849624
6082,13.849624
6505,13.849624
5813,13.849624
6379,13.849624
6091,13.849624
6219,13.849624
6052,13.849624
6105,13.849624
6030,13.849624
5969,13.849624
5707,13.849624
5681,13.849624
6052,13.849624
5904,13.849624
5426,13.849624
6005,13.849624
5766,13.849624
5946,13.849624
5981,13.849624
6104,13.849624
5991,13.849624
5670,13.849624
5709,13.849624
5416,13.849624
5793,13.849624
