,RMSE,MAE,MAPE,PI Width,CI Coverage,PI Overlap
mean,415.75780091555765,359.55447998046867,5.819748045163367,0.0,0.0,0.0
std,75.45969620055415,69.0346602565612,1.0666339053342528,0.0,0.0,0.0
