,RMSE,MAE,MAPE,PI Width,CI Coverage,PI Overlap
mean,446.3281539447028,385.60061577690965,6.196363406476297,0.0,0.0,0.0
median,445.1606974985348,384.4450480143229,6.177507960241128,0.0,0.0,0.0
std,12.27208317985881,10.9354918513226,0.17303701264047872,0.0,0.0,0.0
