,RMSE,MAE,MAPE,PI Width,CI Coverage,PI Overlap
mean,261.56616403286813,205.32344033061597,3.7670239930885874,0.0,0.0,0.0
median,259.1783305130998,203.3786780315897,3.724327259680959,0.0,0.0,0.0
std,6.933474070456309,8.07359889549896,0.17489290096557197,0.0,0.0,0.0
