,RMSE,MAE,MAPE,PI Width,CI Coverage,PI Overlap
mean,342.86099317403773,294.7190158420139,4.778945010459124,0.0,0.0,0.0
median,342.8721650751261,294.73494466145837,4.779191300322078,0.0,0.0,0.0
std,0.9019663255599359,0.7678285237939818,0.011498050562115824,0.0,0.0,0.0
