,RMSE,MAE,MAPE,PI Width,CI Coverage,PI Overlap
mean,412.61531888862635,361.8776055230034,5.920344750432909,0.0,0.0,0.0
std,441.0547193973256,417.99488225999215,6.785726552249241,0.0,0.0,0.0
