,RMSE,MAE,MAPE,PI Width,CI Coverage,PI Overlap
mean,309.6323925795862,251.21306526252818,4.435453714523538,0.0,0.0,0.0
std,118.0234022299975,116.86354674562232,2.037205614478673,0.0,0.0,0.0
