,RMSE,MAE,MAPE,PI Width,CI Coverage,PI Overlap
mean,343.6338185933393,294.05480143229164,4.770791180421555,0.0,0.0,0.0
median,343.0589396209492,293.6097412109375,4.765743543486259,0.0,0.0,0.0
std,5.855598354743557,5.602498206808475,0.08622051572508299,0.0,0.0,0.0
