,RMSE,MAE,MAPE,PI Width,CI Coverage,PI Overlap
mean,511.1521902714633,445.9309027777778,7.15977627902332,0.0,0.0,0.0
median,496.3156232254409,430.48282877604163,6.911446522881555,0.0,0.0,0.0
std,31.620724719720148,33.33691858172436,0.5357130966050356,0.0,0.0,0.0
