,RMSE,MAE,MAPE,PI Width,CI Coverage,PI Overlap
mean,405.83472456630847,347.543192545573,5.638420813198477,0.0,0.0,0.0
median,354.8969925595128,301.37986246744794,4.879124090987995,0.0,0.0,0.0
std,166.04449518774462,154.4479024994243,2.4361362842538123,0.0,0.0,0.0
