,RMSE,MAE,MAPE,PI Width,CI Coverage,PI Overlap
mean,600.3424088694584,529.0319498697917,8.490225113495267,0.0,0.0,0.0
median,593.3190297415479,522.46484375,8.384744683100566,0.0,0.0,0.0
std,53.57619914604866,50.52237028508974,0.8090993616219115,0.0,0.0,0.0
