,RMSE,MAE,MAPE,PI Width,CI Coverage,PI Overlap
mean,271.43565771886904,210.01767880935074,3.797142255166604,0.0,0.0,0.0
median,271.85656298023844,209.5117698492006,3.787173280469603,0.0,0.0,0.0
std,1.3207194348186753,2.1855746034869616,0.046893737525319036,0.0,0.0,0.0
