,RMSE,MAE,MAPE,PI Width,CI Coverage,PI Overlap
mean,1813.8314146842442,1610.7257755915323,25.93719445339382,0.0,0.0,0.0
median,2098.3300168825717,1932.5983784993489,31.06693116599626,0.0,0.0,0.0
std,1231.8502823686383,1095.719702165916,17.620106646828972,0.0,0.0,0.0
