,RMSE,MAE,MAPE,PI Width,CI Coverage,PI Overlap
mean,438.1511420916425,378.6495415581597,6.111547847285566,0.0,0.0,0.0
std,73.00408043361773,65.77102691534247,1.0209877555369282,0.0,0.0,0.0
