,RMSE,MAE,MAPE,PI Width,CI Coverage,PI Overlap
mean,297.9133086642761,236.5369886610243,4.082446009726627,0.0,0.0,0.0
std,23.009570297507928,18.953070435888858,0.3181244124030564,0.0,0.0,0.0
