,RMSE,MAE,MAPE,PI Width,CI Coverage,PI Overlap
mean,384.7251709099886,329.9768188476562,5.3559724456343405,0.0,0.0,0.0
median,377.2743227273358,326.77390543619794,5.279491890752061,0.0,0.0,0.0
std,132.2507089938572,124.80122376762618,1.9659461770717164,0.0,0.0,0.0
