,RMSE,MAE,MAPE,PI Width,CI Coverage,PI Overlap
mean,561.1106803377886,455.5194979580966,8.645889588406446,0.0,0.0,0.0
median,561.1010725738682,455.560302734375,8.646343179268007,0.0,0.0,0.0
std,0.03418398806269883,0.6810711768774329,0.007570870130434387,0.0,0.0,0.0
