,RMSE,MAE,MAPE,PI Width,CI Coverage,PI Overlap
mean,561.1080486926704,455.64793442234844,8.64731730236113,0.0,0.0,0.0
median,561.0912954199935,455.7946222478693,8.648947903511111,0.0,0.0,0.0
std,0.04443118365705518,0.8083141665416378,0.008985318941908153,0.0,0.0,0.0
