,RMSE,MAE,MAPE,PI Width,CI Coverage,PI Overlap
mean,618.9827322363451,547.3851426866319,8.789958481511244,0.0,0.0,0.0
median,575.4803436218077,508.2369181315104,8.155397833592662,0.0,0.0,0.0
std,194.84467484504955,175.33043285625752,2.7984661646968836,0.0,0.0,0.0
