,RMSE,MAE,MAPE,PI Width,CI Coverage,PI Overlap
mean,290.7104750624742,229.6028374565972,4.0836394348911265,0.0,0.0,0.0
std,8.441091446236646,8.839075079773414,0.18148395183691954,0.0,0.0,0.0
