,RMSE,MAE,MAPE,PI Width,CI Coverage,PI Overlap
mean,2588.7606361311146,2314.4056838989263,37.37386017986825,0.0,0.0,0.0
median,2033.7504980182844,1870.1360880533853,30.211788032045966,0.0,0.0,0.0
std,2781.0589919285844,2346.72466917468,37.61040597121129,0.0,0.0,0.0
