,RMSE,MAE,MAPE,PI Width,CI Coverage,PI Overlap
mean,2398.115377117578,2013.630511135525,32.44933270106028,0.0,0.0,0.0
median,2007.8152245472932,1682.7311401367188,27.015675664282938,0.0,0.0,0.0
std,1920.6924644895723,1644.9923618243809,26.42725467495969,0.0,0.0,0.0
