,RMSE,MAE,MAPE,PI Width,CI Coverage,PI Overlap
mean,351.50336650112735,307.63482123480907,5.086280943892068,0.0,0.0,0.0
median,294.5139201953516,245.5111083984375,4.034511763936504,0.0,0.0,0.0
std,134.01088207131636,138.88412899703667,2.301391822754016,0.0,0.0,0.0
