,RMSE,MAE,MAPE,PI Width,CI Coverage,PI Overlap
mean,552.7491061190168,489.8946804470487,7.866287708519914,0.0,0.0,0.0
median,549.3905841057033,486.4949951171875,7.8116494590821155,0.0,0.0,0.0
std,9.529685741589836,9.645873745593413,0.155024246252452,0.0,0.0,0.0
