,RMSE,MAE,MAPE,PI Width,CI Coverage,PI Overlap
mean,452.66982665458255,351.2589081345942,6.352895693433292,0.0,0.0,0.0
median,451.80619382556904,349.5872609991776,6.327825714612368,0.0,0.0,0.0
std,2.462172387993694,4.738823305242753,0.07106396534507536,0.0,0.0,0.0
