,RMSE,MAE,MAPE,PI Width,CI Coverage,PI Overlap
mean,406.98031409347766,351.92052951388894,5.722767262231541,0.0,0.0,0.0
median,399.44269758511433,349.340087890625,5.665871131790951,0.0,0.0,0.0
std,117.97744619839116,107.47878887623268,1.680039699778283,0.0,0.0,0.0
