,RMSE,MAE,MAPE,PI Width,CI Coverage,PI Overlap
mean,631.4299448277219,560.2805121527778,9.027115245807225,0.0,0.0,0.0
median,652.1159475303052,581.0396321614583,9.327941255865966,0.0,0.0,0.0
std,213.059114253678,194.0415301418601,3.0635507912647615,0.0,0.0,0.0
