,RMSE,MAE,MAPE,PI Width,CI Coverage,PI Overlap
mean,360.5433665458226,306.71027560763895,5.036165622504347,0.0,0.0,0.0
std,108.53416913342281,101.65241318554148,1.5893399439179037,0.0,0.0,0.0
