,RMSE,MAE,MAPE,PI Width,CI Coverage,PI Overlap
mean,546.179868335621,483.1738552517361,7.758273557850173,0.0,0.0,0.0
median,547.479913870614,484.53413899739587,7.780135440757016,0.0,0.0,0.0
std,7.055019615546285,7.275608468807302,0.11693038377369108,0.0,0.0,0.0
