,RMSE,MAE,MAPE,PI Width,CI Coverage,PI Overlap
mean,545.0738484046994,482.0407524956598,7.740068142299568,0.0,0.0,0.0
median,545.6899323366192,482.69392903645837,7.750560394507742,0.0,0.0,0.0
std,6.181663767899442,6.3602174571393,0.10223041876405338,0.0,0.0,0.0
