,RMSE,MAE,MAPE,PI Width,CI Coverage,PI Overlap
mean,2915.437593156833,2791.713476223416,31.13636684407567,0.0,0.0,0.0
std,357.7598741199177,363.6058360806629,4.100524187067882,0.0,0.0,0.0
