,RMSE,MAE,MAPE,PI Width,CI Coverage,PI Overlap
mean,272.80552078780045,214.02175114329273,3.8572619415396696,0.0,0.0,0.0
median,272.8953770145169,214.154404058689,3.860570498041938,0.0,0.0,0.0
std,1.353670819935132,1.2268051230882093,0.021587349693841913,0.0,0.0,0.0
