,RMSE,MAE,MAPE,PI Width,CI Coverage,PI Overlap
mean,389.22490639463064,338.14960259331593,5.493921896352556,0.0,0.0,0.0
median,378.6707067628555,335.11279296875,5.438170553206709,0.0,0.0,0.0
std,125.01187470388238,114.31626103941461,1.7804442487062901,0.0,0.0,0.0
