,RMSE,MAE,MAPE,PI Width,CI Coverage,PI Overlap
mean,247.3744255102392,209.931842719184,3.4561451522581588,0.0,0.0,0.0
median,230.5856345667376,195.64361572265625,3.227311214685569,0.0,0.0,0.0
std,93.00689100291912,85.62518714506824,1.3575682869147772,0.0,0.0,0.0
