,RMSE,MAE,MAPE,PI Width,CI Coverage,PI Overlap
mean,449.3329910120855,388.7125244140625,6.2448806649697834,0.0,0.0,0.0
median,450.58371887500914,389.55509440104163,6.257867542826171,0.0,0.0,0.0
std,4.527884169417267,4.067258582121908,0.06439079612306917,0.0,0.0,0.0
