,RMSE,MAE,MAPE,PI Width,CI Coverage,PI Overlap
mean,370.9536969165225,313.81818305121527,5.180257162812551,0.0,0.0,0.0
std,92.3436785320377,87.86877810988099,1.362215452543271,0.0,0.0,0.0
