,RMSE,MAE,MAPE,PI Width,CI Coverage,PI Overlap
mean,642.1414672049809,578.2988145616321,9.28708012382338,0.0,0.0,0.0
median,642.3274127434713,578.4776204427083,9.289953813410289,0.0,0.0,0.0
std,0.5399843265483831,0.5192232972137434,0.008344728783543207,0.0,0.0,0.0
