,RMSE,MAE,MAPE,PI Width,CI Coverage,PI Overlap
mean,253.10447980132582,205.70481241861984,3.6969896895636727,0.0,0.0,0.0
median,249.64341969003755,200.4873840332031,3.612616855559427,0.0,0.0,0.0
std,30.15318214026188,24.785094875018014,0.4717741165911467,0.0,0.0,0.0
