,RMSE,MAE,MAPE,PI Width,CI Coverage,PI Overlap
mean,437.95376866491466,381.2145684136285,6.142636248511338,0.0,0.0,0.0
median,439.0317918870534,376.4184366861979,6.0455538207488395,0.0,0.0,0.0
std,60.92495923674869,59.22189072575897,0.9300887539193591,0.0,0.0,0.0
