,RMSE,MAE,MAPE,PI Width,CI Coverage,PI Overlap
mean,2319.312362930982,2040.3326936509875,32.84697422968625,0.0,0.0,0.0
median,2285.667671043123,2002.7237243652344,32.13428187472256,0.0,0.0,0.0
std,2479.7688099238903,2071.5522861781255,33.194156684344705,0.0,0.0,0.0
