,RMSE,MAE,MAPE,PI Width,CI Coverage,PI Overlap
mean,3136.2444919259738,3030.7061923556853,33.917761843695764,0.0,0.0,0.0
std,245.7548603348292,252.8376307666292,2.9082403076465737,0.0,0.0,0.0
