,RMSE,MAE,MAPE,PI Width,CI Coverage,PI Overlap
mean,498.9220838919942,433.8130954318577,6.980365913810834,0.0,0.0,0.0
median,484.9836830857211,417.08890787760413,6.701123351934111,0.0,0.0,0.0
std,119.67709922230739,108.68931467823711,1.7240951824124517,0.0,0.0,0.0
