,RMSE,MAE,MAPE,PI Width,CI Coverage,PI Overlap
mean,280.7295916220718,231.22827598625886,4.2347145767673755,0.0,0.0,0.0
median,276.1386472310738,227.73329974235372,4.178805692091361,0.0,0.0,0.0
std,12.748922222290883,10.603857279904876,0.17434354628618023,0.0,0.0,0.0
