,RMSE,MAE,MAPE,PI Width,CI Coverage,PI Overlap
mean,306.00195654991234,241.46903500387853,4.349464192435058,0.0,0.0,0.0
median,309.90472777150853,242.85420129654256,4.339069357389825,0.0,0.0,0.0
std,12.973956053281542,5.75553305616587,0.06168162745403615,0.0,0.0,0.0
