,RMSE,MAE,MAPE,PI Width,CI Coverage,PI Overlap
mean,431.5821027086323,375.00991346571186,6.068644701122058,0.0,0.0,0.0
median,388.2153312560316,342.80308024088544,5.551555593195792,0.0,0.0,0.0
std,152.00980231525492,138.83769196713982,2.1888155536705267,0.0,0.0,0.0
