,RMSE,MAE,MAPE,PI Width,CI Coverage,PI Overlap
mean,336.4693049206772,286.7160603841146,4.644244437548334,0.0,0.0,0.0
median,336.2365273811421,286.51190185546875,4.641452090919598,0.0,0.0,0.0
std,1.3545094645725875,1.3169298734895938,0.02024325955234409,0.0,0.0,0.0
