,RMSE,MAE,MAPE,PI Width,CI Coverage,PI Overlap
mean,506.8712957450944,443.5514119466145,7.136721609553756,0.0,0.0,0.0
median,522.2247696968552,453.18625895182294,7.273453678419971,0.0,0.0,0.0
std,82.14542380985995,76.50473754554865,1.2063210455582805,0.0,0.0,0.0
