,RMSE,MAE,MAPE,PI Width,CI Coverage,PI Overlap
mean,426.9597022085271,370.61005995008674,5.955096580554558,0.0,0.0,0.0
median,427.5400094911387,370.9315185546875,5.959738011539503,0.0,0.0,0.0
std,6.591700497477523,5.719103277263242,0.0905178393910778,0.0,0.0,0.0
