,RMSE,MAE,MAPE,PI Width,CI Coverage,PI Overlap
mean,490.8867380936772,425.03229980468745,6.825154654444905,0.0,0.0,0.0
median,487.0695300791251,420.31986490885413,6.748111831307201,0.0,0.0,0.0
std,24.94658203669446,25.79031076719724,0.4128932163035947,0.0,0.0,0.0
