,RMSE,MAE,MAPE,PI Width,CI Coverage,PI Overlap
mean,495.39223311676244,436.5844780815971,7.028594507793059,0.0,0.0,0.0
median,548.7280720131372,485.9810994466146,7.810137795625863,0.0,0.0,0.0
std,121.550771687516,112.77569676643893,1.7869896977925657,0.0,0.0,0.0
