,RMSE,MAE,MAPE,PI Width,CI Coverage,PI Overlap
mean,6091.18839690577,6082.649493616282,99.95230586396164,0.0,0.0,0.0
median,6092.1110360540915,6083.604650168369,99.9685659641169,0.0,0.0,0.0
std,2.528036489516781,2.6112823309100457,0.04437776674922136,0.0,0.0,0.0
