True,Pred
4462,5.4700127
4642,5.4700127
4369,5.4700127
4672,5.4700127
4661,5.4700127
4655,5.4700127
4716,5.4700127
4377,5.4700127
4484,5.4700127
4911,5.4700127
5218,5.4700127
5759,5.4700127
5456,5.4700127
5359,5.4700127
5305,5.4700127
5769,5.4700127
5565,5.4700127
5367,5.4700127
5633,5.4700127
5664,5.4700127
6082,5.4700127
6505,5.4700127
5813,5.4700127
6379,5.4700127
6091,5.4700127
6219,5.4700127
6052,5.4700127
6105,5.4700127
6030,5.4700127
5969,5.4700127
5707,5.4700127
5681,5.4700127
6052,5.4700127
5904,5.4700127
5426,5.4700127
6005,5.4700127
5766,5.4700127
5946,5.4700127
5981,5.4700127
6104,5.4700127
5991,5.4700127
5670,5.4700127
5709,5.4700127
5416,5.4700127
5793,5.4700127
