True,Pred
5750,9.706951
5399,8.263539
6123,6.017777
5730,2.315963
6015,1.6831048
5989,1.0263271
6333,0.5342511
6388,0.40258837
6048,0.3068379
6322,0.25577557
6405,0.23823267
6523,0.227561
