True,Pred
5750,8.320816
5399,7.138728
6123,4.946665
5730,1.5001217
6015,0.9792905
5989,0.5185373
6333,0.26563162
6388,0.21947289
6048,0.19126208
6322,0.17964779
6405,0.17688522
6523,0.17546342
