True,Pred
5750,16.053959
5399,14.620795
6123,11.398233
5730,5.4075527
6015,4.195846
5989,2.6047742
6333,1.3229536
6388,0.90133435
6048,0.58721495
6322,0.42543334
6405,0.36673778
6523,0.33227742
