True,Pred
5750,5.4700127
5399,4.5032334
6123,2.989858
5730,0.88123363
6015,0.6294851
5989,0.41236234
6333,0.28067368
6388,0.25774598
6048,0.24284591
6322,0.23603585
6405,0.23440115
6523,0.23350044
