True,Pred
5750,6.970979
5399,5.5318522
6123,3.5313263
5730,1.0124248
6015,0.69868386
5989,0.42433828
6333,0.25894648
6388,0.22984374
6048,0.21095827
6322,0.20244902
6405,0.20037165
6523,0.19922988
