True,Pred
5750,11.165353
5399,9.89436
6123,7.54429
5730,3.3523903
6015,2.583693
5989,1.6349957
6333,0.87609863
6388,0.6564488
6048,0.48442233
6322,0.39058602
6405,0.35677537
6523,0.33514056
