True,Pred
4462,6.699822
4642,6.699822
4369,6.699822
4672,6.699822
4661,6.699822
4655,6.699822
4716,6.699822
4377,6.699822
4484,6.699822
4911,6.699822
5218,6.699822
5759,6.699822
5456,6.699822
5359,6.699822
5305,6.699822
5769,6.699822
5565,6.699822
5367,6.699822
5633,6.699822
5664,6.699822
6082,6.699822
6505,6.699822
5813,6.699822
6379,6.699822
6091,6.699822
6219,6.699822
6052,6.699822
6105,6.699822
6030,6.699822
5969,6.699822
5707,6.699822
5681,6.699822
6052,6.699822
5904,6.699822
5426,6.699822
6005,6.699822
5766,6.699822
5946,6.699822
5981,6.699822
6104,6.699822
5991,6.699822
5670,6.699822
5709,6.699822
5416,6.699822
5793,6.699822
