True,Pred
5750,9.166691
5399,7.785435
6123,5.133177
5730,1.4328969
6015,0.9690372
5989,0.5440999
6333,0.3107112
6388,0.27305347
6048,0.24995467
6322,0.24056184
6405,0.23854291
6523,0.23749733
