True,Pred
5750,12.079373
5399,10.432642
6123,7.7693095
5730,3.034575
6015,2.2270963
5989,1.351761
6333,0.7004255
6388,0.5364692
6048,0.4179955
6322,0.35673213
6405,0.33722907
6523,0.32544154
