True,Pred
5750,3.1273096
5399,2.342969
6123,1.389025
5730,0.35127676
6015,0.26759523
5989,0.20069844
6333,0.16106729
6388,0.15570313
6048,0.15224107
6322,0.15067714
6405,0.15037245
6523,0.15020624
