True,Pred
4462,6.6337023
4642,6.6337023
4369,6.6337023
4672,6.6337023
4661,6.6337023
4655,6.6337023
4716,6.6337023
4377,6.6337023
4484,6.6337023
4911,6.6337023
5218,6.6337023
5759,6.6337023
5456,6.6337023
5359,6.6337023
5305,6.6337023
5769,6.6337023
5565,6.6337023
5367,6.6337023
5633,6.6337023
5664,6.6337023
6082,6.6337023
6505,6.6337023
5813,6.6337023
6379,6.6337023
6091,6.6337023
6219,6.6337023
6052,6.6337023
6105,6.6337023
6030,6.6337023
5969,6.6337023
5707,6.6337023
5681,6.6337023
6052,6.6337023
5904,6.6337023
5426,6.6337023
6005,6.6337023
5766,6.6337023
5946,6.6337023
5981,6.6337023
6104,6.6337023
5991,6.6337023
5670,6.6337023
5709,6.6337023
5416,6.6337023
5793,6.6337023
