True,Pred
4462,9.166691
4642,9.166691
4369,9.166691
4672,9.166691
4661,9.166691
4655,9.166691
4716,9.166691
4377,9.166691
4484,9.166691
4911,9.166691
5218,9.166691
5759,9.166691
5456,9.166691
5359,9.166691
5305,9.166691
5769,9.166691
5565,9.166691
5367,9.166691
5633,9.166691
5664,9.166691
6082,9.166691
6505,9.166691
5813,9.166691
6379,9.166691
6091,9.166691
6219,9.166691
6052,9.166691
6105,9.166691
6030,9.166691
5969,9.166691
5707,9.166691
5681,9.166691
6052,9.166691
5904,9.166691
5426,9.166691
6005,9.166691
5766,9.166691
5946,9.166691
5981,9.166691
6104,9.166691
5991,9.166691
5670,9.166691
5709,9.166691
5416,9.166691
5793,9.166691
