True,Pred
4462,3.019063
4642,3.019063
4369,3.019063
4672,3.019063
4661,3.019063
4655,3.019063
4716,3.019063
4377,3.019063
4484,3.019063
4911,3.019063
5218,3.019063
5759,3.019063
5456,3.019063
5359,3.019063
5305,3.019063
5769,3.019063
5565,3.019063
5367,3.019063
5633,3.019063
5664,3.019063
6082,3.019063
6505,3.019063
5813,3.019063
6379,3.019063
6091,3.019063
6219,3.019063
6052,3.019063
6105,3.019063
6030,3.019063
5969,3.019063
5707,3.019063
5681,3.019063
6052,3.019063
5904,3.019063
5426,3.019063
6005,3.019063
5766,3.019063
5946,3.019063
5981,3.019063
6104,3.019063
5991,3.019063
5670,3.019063
5709,3.019063
5416,3.019063
5793,3.019063
