True,Pred
5750,2.934104
5399,2.152545
6123,1.3166165
5730,0.33882675
6015,0.26784223
5989,0.21218234
6333,0.1749757
6388,0.17022324
6048,0.16710661
6322,0.16561031
6405,0.16533178
6523,0.16517557
