True,Pred
5750,5.3718424
5399,4.284985
6123,2.677709
5730,0.65000814
6015,0.45651367
5989,0.2896493
6333,0.19297647
6388,0.1789966
6048,0.1700082
6322,0.16610472
6405,0.16530019
6523,0.16486809
