True,Pred
5750,9.981835
5399,8.337196
6123,5.5627656
5730,1.8713588
6015,1.3139018
5989,0.75646746
6333,0.41402093
6388,0.3452208
6048,0.30022842
6322,0.2803908
6405,0.27522045
6523,0.2723966
