True,Pred
5750,10.775913
5399,9.456571
6123,6.9019938
5730,2.8236544
6015,2.0826564
5989,1.2934188
6333,0.70618504
6388,0.5435689
6048,0.42481458
6322,0.36190873
6405,0.3405
6523,0.32734743
