True,Pred
4462,10.775913
4642,10.775913
4369,10.775913
4672,10.775913
4661,10.775913
4655,10.775913
4716,10.775913
4377,10.775913
4484,10.775913
4911,10.775913
5218,10.775913
5759,10.775913
5456,10.775913
5359,10.775913
5305,10.775913
5769,10.775913
5565,10.775913
5367,10.775913
5633,10.775913
5664,10.775913
6082,10.775913
6505,10.775913
5813,10.775913
6379,10.775913
6091,10.775913
6219,10.775913
6052,10.775913
6105,10.775913
6030,10.775913
5969,10.775913
5707,10.775913
5681,10.775913
6052,10.775913
5904,10.775913
5426,10.775913
6005,10.775913
5766,10.775913
5946,10.775913
5981,10.775913
6104,10.775913
5991,10.775913
5670,10.775913
5709,10.775913
5416,10.775913
5793,10.775913
