True,Pred
5750,7.3652086
5399,6.2931366
6123,4.467966
5730,1.27971
6015,0.9204046
5989,0.58111703
6333,0.34393254
6388,0.30212206
6048,0.2727883
6322,0.2580395
6405,0.254385
6523,0.2522225
