True,Pred
5750,3.7774656
5399,3.0352557
6123,2.0429466
5730,0.53920954
6015,0.42619637
5989,0.32310152
6333,0.25350854
6388,0.24476334
6048,0.23861876
6322,0.23563823
6405,0.235079
6523,0.23475291
