True,Pred
5750,15.40311
5399,13.960102
6123,10.85801
5730,5.489308
6015,4.406248
5989,2.8916135
6333,1.5568124
6388,1.0878383
6048,0.7017985
6322,0.48159093
6405,0.39294633
6523,0.33579418
