True,Pred
5750,3.4532683
5399,2.7670329
6123,1.7749759
5730,0.35040414
6015,0.27823722
5989,0.21495543
6333,0.17473409
6388,0.17137858
6048,0.1689569
6322,0.16786411
6405,0.16772221
6523,0.16764146
