True,Pred
5750,5.541811
5399,4.482792
6123,2.8996906
5730,0.8107603
6015,0.5931338
5989,0.3987437
6333,0.28295133
6388,0.26508254
6048,0.253278
6322,0.24785934
6405,0.24668045
6523,0.24602316
