True,Pred
4462,10.331711
4642,10.331711
4369,10.331711
4672,10.331711
4661,10.331711
4655,10.331711
4716,10.331711
4377,10.331711
4484,10.331711
4911,10.331711
5218,10.331711
5759,10.331711
5456,10.331711
5359,10.331711
5305,10.331711
5769,10.331711
5565,10.331711
5367,10.331711
5633,10.331711
5664,10.331711
6082,10.331711
6505,10.331711
5813,10.331711
6379,10.331711
6091,10.331711
6219,10.331711
6052,10.331711
6105,10.331711
6030,10.331711
5969,10.331711
5707,10.331711
5681,10.331711
6052,10.331711
5904,10.331711
5426,10.331711
6005,10.331711
5766,10.331711
5946,10.331711
5981,10.331711
6104,10.331711
5991,10.331711
5670,10.331711
5709,10.331711
5416,10.331711
5793,10.331711
