True,Pred
5750,8.761839
5399,7.543202
6123,5.380918
5730,1.8230366
6015,1.3292718
5989,0.81736887
6333,0.45652106
6388,0.3801654
6048,0.32471386
6322,0.29657158
6405,0.28858078
6523,0.2837271
