True,Pred
5750,9.466756
5399,7.9603376
6123,5.2742414
5730,1.6243265
6015,1.22682
5989,0.7838987
6333,0.46892017
6388,0.41220486
6048,0.36696988
6322,0.34325424
6405,0.33708996
6523,0.33304828
