True,Pred
5750,5.5845647
5399,4.4500265
6123,2.7443278
5730,0.6261138
6015,0.4637122
5989,0.31630993
6333,0.22758743
6388,0.21614295
6048,0.20827395
6322,0.20473346
6405,0.20406502
6523,0.20369168
