True,Pred
5750,14.28123
5399,12.922809
6123,10.196998
5730,5.3572826
6015,4.4600735
5989,3.1517932
6333,1.8643156
6388,1.37709
6048,0.92376935
6322,0.63447106
6405,0.50696665
6523,0.41842937
