True,Pred
5750,17.722124
5399,16.52997
6123,13.345207
5730,6.874899
6015,5.817172
5989,4.1563325
6333,2.3843195
6388,1.7748525
6048,1.1672341
6322,0.7707056
6405,0.6150523
6523,0.50607216
