True,Pred
4462,12.079373
4642,12.079373
4369,12.079373
4672,12.079373
4661,12.079373
4655,12.079373
4716,12.079373
4377,12.079373
4484,12.079373
4911,12.079373
5218,12.079373
5759,12.079373
5456,12.079373
5359,12.079373
5305,12.079373
5769,12.079373
5565,12.079373
5367,12.079373
5633,12.079373
5664,12.079373
6082,12.079373
6505,12.079373
5813,12.079373
6379,12.079373
6091,12.079373
6219,12.079373
6052,12.079373
6105,12.079373
6030,12.079373
5969,12.079373
5707,12.079373
5681,12.079373
6052,12.079373
5904,12.079373
5426,12.079373
6005,12.079373
5766,12.079373
5946,12.079373
5981,12.079373
6104,12.079373
5991,12.079373
5670,12.079373
5709,12.079373
5416,12.079373
5793,12.079373
