True,Pred
5750,27.086168
5399,26.28185
6123,23.589828
5730,15.091625
6015,14.199221
5989,12.476243
6333,9.889216
6388,8.940728
6048,7.5884957
6322,6.140984
6405,5.1917033
6523,4.118226
