True,Pred
5750,4.18689
5399,3.313839
6123,2.0740223
5730,0.41146693
6015,0.30108544
5989,0.2103925
6333,0.15702909
6388,0.15129128
6048,0.14768368
6322,0.14613265
6405,0.14588544
6523,0.14575525
