True,Pred
5750,6.218752
5399,5.1679215
6123,3.5335622
5730,1.0333493
6015,0.72165185
5989,0.44334772
6333,0.2684671
6388,0.23769286
6048,0.21721938
6322,0.20761526
6405,0.20530742
6523,0.20400107
