True,Pred
5750,3.4137444
5399,2.6963553
6123,1.6579018
5730,0.4103151
6015,0.33321553
5989,0.2650891
6333,0.22251819
6388,0.21794446
6048,0.21481752
6322,0.21338795
6405,0.21315803
6523,0.2130278
