True,Pred
5750,2.445096
5399,1.7530938
6123,1.0740376
5730,0.21388571
6015,0.18246153
5989,0.16057594
6333,0.14730772
6388,0.14662421
6048,0.14622554
6322,0.14605215
6405,0.1460392
6523,0.14603263
