True,Pred
5750,9.692057
5399,8.42496
6123,6.117985
5730,2.12341
6015,1.5568527
5989,0.9558905
6333,0.51087797
6388,0.42143607
6048,0.3544529
6322,0.3189513
6405,0.3094139
6523,0.3033402
