True,Pred
5750,18.799883
5399,17.14117
6123,13.411608
5730,6.435254
6015,5.064892
5989,3.257126
6333,1.7124264
6388,1.1754322
6048,0.74785495
6322,0.5147516
6405,0.427135
6523,0.37382215
