True,Pred
4462,14.28123
4642,14.28123
4369,14.28123
4672,14.28123
4661,14.28123
4655,14.28123
4716,14.28123
4377,14.28123
4484,14.28123
4911,14.28123
5218,14.28123
5759,14.28123
5456,14.28123
5359,14.28123
5305,14.28123
5769,14.28123
5565,14.28123
5367,14.28123
5633,14.28123
5664,14.28123
6082,14.28123
6505,14.28123
5813,14.28123
6379,14.28123
6091,14.28123
6219,14.28123
6052,14.28123
6105,14.28123
6030,14.28123
5969,14.28123
5707,14.28123
5681,14.28123
6052,14.28123
5904,14.28123
5426,14.28123
6005,14.28123
5766,14.28123
5946,14.28123
5981,14.28123
6104,14.28123
5991,14.28123
5670,14.28123
5709,14.28123
5416,14.28123
5793,14.28123
