,RMSE,MAE,MAPE,PI Width,CI Coverage,PI Overlap
mean,228.22293565656017,183.97003818915144,3.2650968033601875,0.0,0.0,0.0
median,221.15273244736915,177.99655225800305,3.175669943482535,0.0,0.0,0.0
std,26.133203292673407,22.130857452441788,0.36494892988598016,0.0,0.0,0.0
