,RMSE,MAE,MAPE,PI Width,CI Coverage,PI Overlap
mean,333.9276160148966,282.2207750108508,4.611961261201553,0.0,0.0,0.0
std,38.3256925978408,42.338080622112756,0.6139902436702197,0.0,0.0,0.0
