True,Pred
4323,45.00163
4825,45.00163
4462,45.00163
4642,45.00163
4369,45.00163
4672,45.00163
4661,45.00163
4655,45.00163
4716,45.00163
4377,45.00163
4484,45.00163
4911,45.00163
5218,45.00163
5759,45.00163
5456,45.00163
5359,45.00163
5305,45.00163
5769,45.00163
5565,45.00163
5367,45.00163
5633,45.00163
5664,45.00163
6082,45.00163
6505,45.00163
5813,45.00163
6379,45.00163
6091,45.00163
6219,45.00163
6052,45.00163
6105,45.00163
6030,45.00163
5969,45.00163
5707,45.00163
5681,45.00163
6052,45.00163
5904,45.00163
5426,45.00163
6005,45.00163
5766,45.00163
5946,45.00163
5981,45.00163
6104,45.00163
5991,45.00163
5670,45.00163
5709,45.00163
5416,45.00163
5793,45.00163
