True,Pred
4323,34.595474
4825,34.595474
4462,34.595474
4642,34.595474
4369,34.595474
4672,34.595474
4661,34.595474
4655,34.595474
4716,34.595474
4377,34.595474
4484,34.595474
4911,34.595474
5218,34.595474
5759,34.595474
5456,34.595474
5359,34.595474
5305,34.595474
5769,34.595474
5565,34.595474
5367,34.595474
5633,34.595474
5664,34.595474
6082,34.595474
6505,34.595474
5813,34.595474
6379,34.595474
6091,34.595474
6219,34.595474
6052,34.595474
6105,34.595474
6030,34.595474
5969,34.595474
5707,34.595474
5681,34.595474
6052,34.595474
5904,34.595474
5426,34.595474
6005,34.595474
5766,34.595474
5946,34.595474
5981,34.595474
6104,34.595474
5991,34.595474
5670,34.595474
5709,34.595474
5416,34.595474
5793,34.595474
