True,Pred
4323,35.847153
4825,35.847153
4462,35.847153
4642,35.847153
4369,35.847153
4672,35.847153
4661,35.847153
4655,35.847153
4716,35.847153
4377,35.847153
4484,35.847153
4911,35.847153
5218,35.847153
5759,35.847153
5456,35.847153
5359,35.847153
5305,35.847153
5769,35.847153
5565,35.847153
5367,35.847153
5633,35.847153
5664,35.847153
6082,35.847153
6505,35.847153
5813,35.847153
6379,35.847153
6091,35.847153
6219,35.847153
6052,35.847153
6105,35.847153
6030,35.847153
5969,35.847153
5707,35.847153
5681,35.847153
6052,35.847153
5904,35.847153
5426,35.847153
6005,35.847153
5766,35.847153
5946,35.847153
5981,35.847153
6104,35.847153
5991,35.847153
5670,35.847153
5709,35.847153
5416,35.847153
5793,35.847153
