True,Pred
5750,89.795784
5399,81.950905
6123,81.010025
5730,80.88467
6015,80.867744
5989,80.86546
6333,80.86515
6388,80.8651
6048,80.86509
6322,80.86508
6405,80.86508
6523,80.86508
