True,Pred
5750,67.41026
5399,62.47627
6123,61.70512
5730,61.569332
6015,61.54495
5989,61.540558
6333,61.53977
6388,61.539623
6048,61.5396
6322,61.539593
6405,61.53959
6523,61.53959
