True,Pred
5750,47.38036
5399,39.913006
6123,38.213474
5730,37.734215
6015,37.591347
5989,37.548065
6333,37.53489
6388,37.530872
6048,37.529648
6322,37.529278
6405,37.529163
6523,37.529125
