True,Pred
5750,60.085762
5399,52.848553
6123,52.251957
5730,52.19676
6015,52.1916
5989,52.19112
6333,52.191074
6388,52.19107
6048,52.19107
6322,52.19107
6405,52.19107
6523,52.19107
