True,Pred
4323,52.88978
4825,52.88978
4462,52.88978
4642,52.88978
4369,52.88978
4672,52.88978
4661,52.88978
4655,52.88978
4716,52.88978
4377,52.88978
4484,52.88978
4911,52.88978
5218,52.88978
5759,52.88978
5456,52.88978
5359,52.88978
5305,52.88978
5769,52.88978
5565,52.88978
5367,52.88978
5633,52.88978
5664,52.88978
6082,52.88978
6505,52.88978
5813,52.88978
6379,52.88978
6091,52.88978
6219,52.88978
6052,52.88978
6105,52.88978
6030,52.88978
5969,52.88978
5707,52.88978
5681,52.88978
6052,52.88978
5904,52.88978
5426,52.88978
6005,52.88978
5766,52.88978
5946,52.88978
5981,52.88978
6104,52.88978
5991,52.88978
5670,52.88978
5709,52.88978
5416,52.88978
5793,52.88978
