True,Pred
4323,67.41026
4825,67.41026
4462,67.41026
4642,67.41026
4369,67.41026
4672,67.41026
4661,67.41026
4655,67.41026
4716,67.41026
4377,67.41026
4484,67.41026
4911,67.41026
5218,67.41026
5759,67.41026
5456,67.41026
5359,67.41026
5305,67.41026
5769,67.41026
5565,67.41026
5367,67.41026
5633,67.41026
5664,67.41026
6082,67.41026
6505,67.41026
5813,67.41026
6379,67.41026
6091,67.41026
6219,67.41026
6052,67.41026
6105,67.41026
6030,67.41026
5969,67.41026
5707,67.41026
5681,67.41026
6052,67.41026
5904,67.41026
5426,67.41026
6005,67.41026
5766,67.41026
5946,67.41026
5981,67.41026
6104,67.41026
5991,67.41026
5670,67.41026
5709,67.41026
5416,67.41026
5793,67.41026
