True,Pred
5750,48.054646
5399,38.251682
6123,36.246315
5730,35.703327
6015,35.5458
5989,35.499195
6333,35.485325
6388,35.481197
6048,35.479965
6322,35.4796
6405,35.479485
6523,35.479454
