True,Pred
5750,56.0846
5399,48.288544
6123,46.666317
5730,46.259308
6015,46.15261
5989,46.12433
6333,46.116802
6388,46.1148
6048,46.114265
6322,46.114124
6405,46.114094
6523,46.114075
