True,Pred
5750,60.938026
5399,49.714924
6123,47.4792
5730,46.944813
6015,46.811596
5989,46.77803
6333,46.769547
6388,46.767414
6048,46.766865
6322,46.76673
6405,46.766697
6523,46.766685
