True,Pred
4323,98.99756
4825,98.99756
4462,98.99756
4642,98.99756
4369,98.99756
4672,98.99756
4661,98.99756
4655,98.99756
4716,98.99756
4377,98.99756
4484,98.99756
4911,98.99756
5218,98.99756
5759,98.99756
5456,98.99756
5359,98.99756
5305,98.99756
5769,98.99756
5565,98.99756
5367,98.99756
5633,98.99756
5664,98.99756
6082,98.99756
6505,98.99756
5813,98.99756
6379,98.99756
6091,98.99756
6219,98.99756
6052,98.99756
6105,98.99756
6030,98.99756
5969,98.99756
5707,98.99756
5681,98.99756
6052,98.99756
5904,98.99756
5426,98.99756
6005,98.99756
5766,98.99756
5946,98.99756
5981,98.99756
6104,98.99756
5991,98.99756
5670,98.99756
5709,98.99756
5416,98.99756
5793,98.99756
