True,Pred
4323,80.10971
4825,80.10971
4462,80.10971
4642,80.10971
4369,80.10971
4672,80.10971
4661,80.10971
4655,80.10971
4716,80.10971
4377,80.10971
4484,80.10971
4911,80.10971
5218,80.10971
5759,80.10971
5456,80.10971
5359,80.10971
5305,80.10971
5769,80.10971
5565,80.10971
5367,80.10971
5633,80.10971
5664,80.10971
6082,80.10971
6505,80.10971
5813,80.10971
6379,80.10971
6091,80.10971
6219,80.10971
6052,80.10971
6105,80.10971
6030,80.10971
5969,80.10971
5707,80.10971
5681,80.10971
6052,80.10971
5904,80.10971
5426,80.10971
6005,80.10971
5766,80.10971
5946,80.10971
5981,80.10971
6104,80.10971
5991,80.10971
5670,80.10971
5709,80.10971
5416,80.10971
5793,80.10971
