True,Pred
5750,44.021427
5399,30.696558
6123,26.543028
5730,24.721659
6015,23.79565
5989,23.288748
6333,23.000025
6388,22.831848
6048,22.732605
6322,22.673592
6405,22.638342
6523,22.617228
