True,Pred
5750,35.14682
5399,26.067022
6123,22.665771
5730,20.915573
6015,19.877663
5989,19.211828
6333,18.763525
6388,18.45193
6048,18.230612
6322,18.071012
6405,17.95467
6523,17.86919
