True,Pred
5750,64.2845
5399,55.225086
6123,53.204388
5730,52.654724
6015,52.497723
5989,52.45227
6333,52.439056
6388,52.43521
6048,52.434097
6322,52.433773
6405,52.43367
6523,52.433647
