True,Pred
5750,57.169014
5399,45.45785
6123,43.087215
5730,42.48767
6015,42.327866
5989,42.284687
6333,42.27297
6388,42.269783
6048,42.26892
6322,42.268684
6405,42.268612
6523,42.268597
