True,Pred
5750,39.217484
5399,29.40591
6123,26.42485
5730,25.192015
6015,24.621067
5989,24.343153
6333,24.204601
6388,24.134703
6048,24.099234
6322,24.081179
6405,24.071974
6523,24.067274
