True,Pred
5750,66.26926
5399,57.090916
6123,54.90045
5730,54.270145
6015,54.07972
5989,54.02136
6333,54.003395
6388,53.997852
6048,53.99614
6322,53.995613
6405,53.99545
6523,53.995407
