True,Pred
5750,78.77828
5399,70.258286
6123,69.370094
5730,69.26445
6015,69.2517
5989,69.25015
6333,69.24996
6388,69.24995
6048,69.24994
6322,69.24994
6405,69.24994
6523,69.24994
