True,Pred
5750,27.744434
5399,15.307769
6123,9.515705
5730,5.915631
6015,3.70122
5989,2.5530145
6333,2.0636687
6388,1.8798102
6048,1.8146214
6322,1.7920105
6405,1.7842304
6523,1.7815607
