True,Pred
5750,51.889477
5399,44.631786
6123,43.397476
5730,43.143795
6015,43.08974
5989,43.07814
6333,43.075645
6388,43.075108
6048,43.07499
6322,43.074966
6405,43.074963
6523,43.074963
