True,Pred
5750,52.88978
5399,41.73102
6123,39.386486
5730,38.744778
6015,38.557106
5989,38.501167
6333,38.484406
6388,38.47938
6048,38.477867
6322,38.477413
6405,38.477276
6523,38.477234
