True,Pred
5750,47.99932
5399,37.782204
6123,35.076397
5730,34.144543
6015,33.796062
5989,33.661785
6333,33.609455
6388,33.588966
6048,33.580933
6322,33.57778
6405,33.57654
6523,33.576057
