True,Pred
5750,39.152298
5399,25.320728
6123,20.378614
5730,17.861406
6015,16.328749
5989,15.292799
6333,14.543372
6388,13.974885
6048,13.528366
6322,13.168215
6405,12.871613
6523,12.623227
