True,Pred
5750,55.530792
5399,45.39141
6123,42.903545
5730,42.131203
6015,41.874966
5989,41.78811
6333,41.758453
6388,41.748302
6048,41.744827
6322,41.743637
6405,41.74323
6523,41.743088
