True,Pred
5750,56.341774
5399,44.25678
6123,41.46692
5730,40.667355
6015,40.423756
5989,40.348152
6333,40.32455
6388,40.317173
6048,40.31486
6322,40.314137
6405,40.313915
6523,40.313847
