True,Pred
5750,56.356937
5399,48.457516
6123,46.809036
5730,46.391148
6015,46.280308
5989,46.250565
6333,46.242558
6388,46.240406
6048,46.23982
6322,46.23966
6405,46.23962
6523,46.23961
