True,Pred
5750,72.33656
5399,63.225754
6123,61.98586
5730,61.791
6015,61.759712
5989,61.75467
6333,61.753864
6388,61.753727
6048,61.75371
6322,61.753704
6405,61.7537
6523,61.753704
