True,Pred
4323,25.54363
4825,25.54363
4462,25.54363
4642,25.54363
4369,25.54363
4672,25.54363
4661,25.54363
4655,25.54363
4716,25.54363
4377,25.54363
4484,25.54363
4911,25.54363
5218,25.54363
5759,25.54363
5456,25.54363
5359,25.54363
5305,25.54363
5769,25.54363
5565,25.54363
5367,25.54363
5633,25.54363
5664,25.54363
6082,25.54363
6505,25.54363
5813,25.54363
6379,25.54363
6091,25.54363
6219,25.54363
6052,25.54363
6105,25.54363
6030,25.54363
5969,25.54363
5707,25.54363
5681,25.54363
6052,25.54363
5904,25.54363
5426,25.54363
6005,25.54363
5766,25.54363
5946,25.54363
5981,25.54363
6104,25.54363
5991,25.54363
5670,25.54363
5709,25.54363
5416,25.54363
5793,25.54363
