True,Pred
4323,59.368145
4825,59.368145
4462,59.368145
4642,59.368145
4369,59.368145
4672,59.368145
4661,59.368145
4655,59.368145
4716,59.368145
4377,59.368145
4484,59.368145
4911,59.368145
5218,59.368145
5759,59.368145
5456,59.368145
5359,59.368145
5305,59.368145
5769,59.368145
5565,59.368145
5367,59.368145
5633,59.368145
5664,59.368145
6082,59.368145
6505,59.368145
5813,59.368145
6379,59.368145
6091,59.368145
6219,59.368145
6052,59.368145
6105,59.368145
6030,59.368145
5969,59.368145
5707,59.368145
5681,59.368145
6052,59.368145
5904,59.368145
5426,59.368145
6005,59.368145
5766,59.368145
5946,59.368145
5981,59.368145
6104,59.368145
5991,59.368145
5670,59.368145
5709,59.368145
5416,59.368145
5793,59.368145
