True,Pred
5750,48.015545
5399,39.938732
6123,38.408646
5730,38.06194
6015,37.980232
5989,37.9608
6333,37.95617
6388,37.95506
6048,37.954796
6322,37.95473
6405,37.954716
6523,37.954716
