True,Pred
5750,25.624804
5399,15.94906
6123,11.690628
5730,8.958381
6015,6.9254055
5989,5.345947
6333,4.1511426
6388,3.3129995
6048,2.7794926
6322,2.469106
6405,2.3001442
6523,2.211897
