True,Pred
4323,34.27726
4825,34.27726
4462,34.27726
4642,34.27726
4369,34.27726
4672,34.27726
4661,34.27726
4655,34.27726
4716,34.27726
4377,34.27726
4484,34.27726
4911,34.27726
5218,34.27726
5759,34.27726
5456,34.27726
5359,34.27726
5305,34.27726
5769,34.27726
5565,34.27726
5367,34.27726
5633,34.27726
5664,34.27726
6082,34.27726
6505,34.27726
5813,34.27726
6379,34.27726
6091,34.27726
6219,34.27726
6052,34.27726
6105,34.27726
6030,34.27726
5969,34.27726
5707,34.27726
5681,34.27726
6052,34.27726
5904,34.27726
5426,34.27726
6005,34.27726
5766,34.27726
5946,34.27726
5981,34.27726
6104,34.27726
5991,34.27726
5670,34.27726
5709,34.27726
5416,34.27726
5793,34.27726
