True,Pred
4323,56.341774
4825,56.341774
4462,56.341774
4642,56.341774
4369,56.341774
4672,56.341774
4661,56.341774
4655,56.341774
4716,56.341774
4377,56.341774
4484,56.341774
4911,56.341774
5218,56.341774
5759,56.341774
5456,56.341774
5359,56.341774
5305,56.341774
5769,56.341774
5565,56.341774
5367,56.341774
5633,56.341774
5664,56.341774
6082,56.341774
6505,56.341774
5813,56.341774
6379,56.341774
6091,56.341774
6219,56.341774
6052,56.341774
6105,56.341774
6030,56.341774
5969,56.341774
5707,56.341774
5681,56.341774
6052,56.341774
5904,56.341774
5426,56.341774
6005,56.341774
5766,56.341774
5946,56.341774
5981,56.341774
6104,56.341774
5991,56.341774
5670,56.341774
5709,56.341774
5416,56.341774
5793,56.341774
