True,Pred
4323,89.795784
4825,89.795784
4462,89.795784
4642,89.795784
4369,89.795784
4672,89.795784
4661,89.795784
4655,89.795784
4716,89.795784
4377,89.795784
4484,89.795784
4911,89.795784
5218,89.795784
5759,89.795784
5456,89.795784
5359,89.795784
5305,89.795784
5769,89.795784
5565,89.795784
5367,89.795784
5633,89.795784
5664,89.795784
6082,89.795784
6505,89.795784
5813,89.795784
6379,89.795784
6091,89.795784
6219,89.795784
6052,89.795784
6105,89.795784
6030,89.795784
5969,89.795784
5707,89.795784
5681,89.795784
6052,89.795784
5904,89.795784
5426,89.795784
6005,89.795784
5766,89.795784
5946,89.795784
5981,89.795784
6104,89.795784
5991,89.795784
5670,89.795784
5709,89.795784
5416,89.795784
5793,89.795784
