True,Pred
4323,56.356937
4825,56.356937
4462,56.356937
4642,56.356937
4369,56.356937
4672,56.356937
4661,56.356937
4655,56.356937
4716,56.356937
4377,56.356937
4484,56.356937
4911,56.356937
5218,56.356937
5759,56.356937
5456,56.356937
5359,56.356937
5305,56.356937
5769,56.356937
5565,56.356937
5367,56.356937
5633,56.356937
5664,56.356937
6082,56.356937
6505,56.356937
5813,56.356937
6379,56.356937
6091,56.356937
6219,56.356937
6052,56.356937
6105,56.356937
6030,56.356937
5969,56.356937
5707,56.356937
5681,56.356937
6052,56.356937
5904,56.356937
5426,56.356937
6005,56.356937
5766,56.356937
5946,56.356937
5981,56.356937
6104,56.356937
5991,56.356937
5670,56.356937
5709,56.356937
5416,56.356937
5793,56.356937
