True,Pred
5750,35.081047
5399,27.21172
6123,24.276798
5730,22.776129
6015,21.894714
5989,21.336472
6333,20.966427
6388,20.713833
6048,20.538002
6322,20.41394
6405,20.325586
6523,20.26224
