True,Pred
5750,32.2985
5399,20.129341
6123,15.768729
5730,13.306133
6015,11.580744
5989,10.214286
6333,9.046576
6388,8.000735
6048,7.0405807
6322,6.154419
6405,5.348057
6523,4.6377964
