True,Pred
4323,51.889477
4825,51.889477
4462,51.889477
4642,51.889477
4369,51.889477
4672,51.889477
4661,51.889477
4655,51.889477
4716,51.889477
4377,51.889477
4484,51.889477
4911,51.889477
5218,51.889477
5759,51.889477
5456,51.889477
5359,51.889477
5305,51.889477
5769,51.889477
5565,51.889477
5367,51.889477
5633,51.889477
5664,51.889477
6082,51.889477
6505,51.889477
5813,51.889477
6379,51.889477
6091,51.889477
6219,51.889477
6052,51.889477
6105,51.889477
6030,51.889477
5969,51.889477
5707,51.889477
5681,51.889477
6052,51.889477
5904,51.889477
5426,51.889477
6005,51.889477
5766,51.889477
5946,51.889477
5981,51.889477
6104,51.889477
5991,51.889477
5670,51.889477
5709,51.889477
5416,51.889477
5793,51.889477
