True,Pred
4323,15.234334
4825,15.234334
4462,15.234334
4642,15.234334
4369,15.234334
4672,15.234334
4661,15.234334
4655,15.234334
4716,15.234334
4377,15.234334
4484,15.234334
4911,15.234334
5218,15.234334
5759,15.234334
5456,15.234334
5359,15.234334
5305,15.234334
5769,15.234334
5565,15.234334
5367,15.234334
5633,15.234334
5664,15.234334
6082,15.234334
6505,15.234334
5813,15.234334
6379,15.234334
6091,15.234334
6219,15.234334
6052,15.234334
6105,15.234334
6030,15.234334
5969,15.234334
5707,15.234334
5681,15.234334
6052,15.234334
5904,15.234334
5426,15.234334
6005,15.234334
5766,15.234334
5946,15.234334
5981,15.234334
6104,15.234334
5991,15.234334
5670,15.234334
5709,15.234334
5416,15.234334
5793,15.234334
