True,Pred
5750,65.06017
5399,54.180614
6123,52.178963
5730,51.718655
6015,51.607765
5989,51.580765
6333,51.574165
6388,51.57255
6048,51.572155
6322,51.57206
6405,51.572037
6523,51.572037
