True,Pred
5750,42.632942
5399,33.608257
6123,31.279778
5730,30.465591
6015,30.152084
5989,30.026958
6333,29.976313
6388,29.955696
6048,29.947287
6322,29.94385
6405,29.942446
6523,29.941872
