True,Pred
4323,47.34427
4825,47.34427
4462,47.34427
4642,47.34427
4369,47.34427
4672,47.34427
4661,47.34427
4655,47.34427
4716,47.34427
4377,47.34427
4484,47.34427
4911,47.34427
5218,47.34427
5759,47.34427
5456,47.34427
5359,47.34427
5305,47.34427
5769,47.34427
5565,47.34427
5367,47.34427
5633,47.34427
5664,47.34427
6082,47.34427
6505,47.34427
5813,47.34427
6379,47.34427
6091,47.34427
6219,47.34427
6052,47.34427
6105,47.34427
6030,47.34427
5969,47.34427
5707,47.34427
5681,47.34427
6052,47.34427
5904,47.34427
5426,47.34427
6005,47.34427
5766,47.34427
5946,47.34427
5981,47.34427
6104,47.34427
5991,47.34427
5670,47.34427
5709,47.34427
5416,47.34427
5793,47.34427
