True,Pred
5750,59.50547
5399,50.07609
6123,48.58829
5730,48.29394
6015,48.233276
5989,48.220673
6333,48.21806
6388,48.217506
6048,48.217396
6322,48.21737
6405,48.217358
6523,48.217354
