True,Pred
4323,66.26926
4825,66.26926
4462,66.26926
4642,66.26926
4369,66.26926
4672,66.26926
4661,66.26926
4655,66.26926
4716,66.26926
4377,66.26926
4484,66.26926
4911,66.26926
5218,66.26926
5759,66.26926
5456,66.26926
5359,66.26926
5305,66.26926
5769,66.26926
5565,66.26926
5367,66.26926
5633,66.26926
5664,66.26926
6082,66.26926
6505,66.26926
5813,66.26926
6379,66.26926
6091,66.26926
6219,66.26926
6052,66.26926
6105,66.26926
6030,66.26926
5969,66.26926
5707,66.26926
5681,66.26926
6052,66.26926
5904,66.26926
5426,66.26926
6005,66.26926
5766,66.26926
5946,66.26926
5981,66.26926
6104,66.26926
5991,66.26926
5670,66.26926
5709,66.26926
5416,66.26926
5793,66.26926
