True,Pred
5750,17.992405
5399,10.912903
6123,7.4809604
5730,5.2068524
6015,3.640528
5989,2.6662073
6333,2.1459877
6388,1.9016492
6048,1.7954724
6322,1.7510636
6405,1.7328064
6523,1.7253547
