True,Pred
5750,27.611748
5399,18.621891
6123,15.767562
5730,14.35816
6015,13.528558
5989,12.991884
6333,12.624034
6388,12.362264
6048,12.170961
6322,12.028461
6405,11.920818
6523,11.838648
