True,Pred
5750,66.58913
5399,52.81369
6123,49.714012
5730,48.853165
6015,48.599922
5989,48.524155
6333,48.501377
6388,48.494522
6048,48.492455
6322,48.49183
6405,48.491646
6523,48.491585
