True,Pred
4323,47.99932
4825,47.99932
4462,47.99932
4642,47.99932
4369,47.99932
4672,47.99932
4661,47.99932
4655,47.99932
4716,47.99932
4377,47.99932
4484,47.99932
4911,47.99932
5218,47.99932
5759,47.99932
5456,47.99932
5359,47.99932
5305,47.99932
5769,47.99932
5565,47.99932
5367,47.99932
5633,47.99932
5664,47.99932
6082,47.99932
6505,47.99932
5813,47.99932
6379,47.99932
6091,47.99932
6219,47.99932
6052,47.99932
6105,47.99932
6030,47.99932
5969,47.99932
5707,47.99932
5681,47.99932
6052,47.99932
5904,47.99932
5426,47.99932
6005,47.99932
5766,47.99932
5946,47.99932
5981,47.99932
6104,47.99932
5991,47.99932
5670,47.99932
5709,47.99932
5416,47.99932
5793,47.99932
