True,Pred
5750,34.27726
5399,28.463572
6123,26.609959
5730,25.856081
6015,25.521593
5989,25.367619
6333,25.295557
6388,25.26156
6048,25.245472
6322,25.237844
6405,25.234224
6523,25.232506
