,RMSE,MAE,MAPE,PI Width,CI Coverage,PI Overlap
mean,625.6489102610291,559.8069552951389,8.993480411823779,0.0,0.0,0.0
median,639.889588671808,573.4278361002605,9.204814511331877,0.0,0.0,0.0
std,129.99591370629707,125.34409505604155,2.011803380178589,0.0,0.0,0.0
