,RMSE,MAE,MAPE,PI Width,CI Coverage,PI Overlap
mean,397.2365414590393,341.6587809244791,5.517028543048467,0.0,0.0,0.0
std,121.29364665845384,111.91624194261219,1.7694520121201955,0.0,0.0,0.0
