,RMSE,MAE,MAPE,PI Width,CI Coverage,PI Overlap
mean,370.9378745206883,318.8543131510417,5.151146255279381,0.0,0.0,0.0
median,366.7670253710164,314.9947509765625,5.086012589988746,0.0,0.0,0.0
std,35.47477096167977,32.207414057769775,0.4999157123768808,0.0,0.0,0.0
