,RMSE,MAE,MAPE,PI Width,CI Coverage,PI Overlap
mean,279.5771302942666,234.5258911132813,3.810910859455038,0.0,0.0,0.0
median,282.7449136319975,236.88039143880206,3.849528147497442,0.0,0.0,0.0
std,12.008787617534242,11.489735720189106,0.18110278685209696,0.0,0.0,0.0
