,RMSE,MAE,MAPE,PI Width,CI Coverage,PI Overlap
mean,366.25380317853126,318.6339328342014,5.165988628737606,0.0,0.0,0.0
median,368.49308847607085,320.5472208658854,5.1927039973612725,0.0,0.0,0.0
std,19.063369479014625,16.939403301282525,0.26356031877416203,0.0,0.0,0.0
