,RMSE,MAE,MAPE,PI Width,CI Coverage,PI Overlap
mean,1748.2903101115808,1580.6816065470375,25.47526593061236,0.0,0.0,0.0
median,1737.4103172483394,1540.1533813476562,24.7183221578314,0.0,0.0,0.0
std,1106.409809280606,1030.7834172205614,16.642396105444245,0.0,0.0,0.0
