,RMSE,MAE,MAPE,PI Width,CI Coverage,PI Overlap
mean,582.6738571097075,508.6369439019098,8.164329970877303,0.0,0.0,0.0
median,564.5137124626958,493.23162841796875,7.912045870500833,0.0,0.0,0.0
std,167.81614363181873,151.38359734726976,2.410973988365621,0.0,0.0,0.0
