,RMSE,MAE,MAPE,PI Width,CI Coverage,PI Overlap
mean,1582.8237774752731,1421.0132778591578,22.901108394233333,0.0,0.0,0.0
median,1684.4536250438741,1510.2132263183594,24.27721793371132,0.0,0.0,0.0
std,1011.3607276593395,907.4182366373218,14.601193525096486,0.0,0.0,0.0
