,RMSE,MAE,MAPE,PI Width,CI Coverage,PI Overlap
mean,300.51962680764404,239.61047252308236,4.463672333080387,0.0,0.0,0.0
median,300.24166031241896,239.4227849786932,4.463770585140447,0.0,0.0,0.0
std,8.43347057535568,10.248190712424961,0.1747969350263048,0.0,0.0,0.0
