,RMSE,MAE,MAPE,PI Width,CI Coverage,PI Overlap
mean,466.0335146559275,405.9522176106771,6.557173927230557,0.0,0.0,0.0
median,441.1797043051679,381.050048828125,6.138012703085161,0.0,0.0,0.0
std,112.11430541029827,105.48739512312221,1.6536370907819582,0.0,0.0,0.0
