,RMSE,MAE,MAPE,PI Width,CI Coverage,PI Overlap
mean,264.87133270077936,215.62209316821813,3.9454454194732826,0.0,0.0,0.0
median,251.55011819926597,207.551202002992,3.7982974151451288,0.0,0.0,0.0
std,19.633484673514367,14.458001990707777,0.2634105559730404,0.0,0.0,0.0
