,RMSE,MAE,MAPE,PI Width,CI Coverage,PI Overlap
mean,247.20850961392242,208.4780327690972,3.4239814707431013,0.0,0.0,0.0
median,236.29949346946108,199.56473795572919,3.285014394178319,0.0,0.0,0.0
std,24.91256519544243,19.848676843255202,0.30031990821741295,0.0,0.0,0.0
