,RMSE,MAE,MAPE,PI Width,CI Coverage,PI Overlap
mean,338.81858068547837,292.5065551757813,4.745830066342691,0.0,0.0,0.0
median,342.24121897604067,295.66013590494794,4.797157452346953,0.0,0.0,0.0
std,18.917912478544455,16.955350374767136,0.26219478172151783,0.0,0.0,0.0
