,RMSE,MAE,MAPE,PI Width,CI Coverage,PI Overlap
mean,2826.1215750661318,2700.0595543755426,30.085567662855325,0.0,0.0,0.0
std,359.74580340374354,366.17442991681196,4.159792509178817,0.0,0.0,0.0
