,RMSE,MAE,MAPE,PI Width,CI Coverage,PI Overlap
mean,2471.991959777294,2211.812885284424,35.6916857385945,0.0,0.0,0.0
median,2021.5490186678303,1790.5586140950522,28.84635717783028,0.0,0.0,0.0
std,2123.0283557237294,1806.8321957486014,29.032769415745957,0.0,0.0,0.0
