True,Pred
5750,3353.5
5399,2938.727
6123,2746.4287
5730,1632.8842
6015,1573.3403
5989,1185.9917
6333,804.6194
6388,812.5422
6048,512.21387
6322,420.6551
6405,386.84192
6523,238.24258
