,RMSE,MAE,MAPE,PI Width,CI Coverage,PI Overlap
mean,2331.508155221432,2080.005987548828,33.48565452372899,0.0,0.0,0.0
std,1639.3018518630504,1395.5341469504494,22.395467770435577,0.0,0.0,0.0
