,RMSE,MAE,MAPE,PI Width,CI Coverage,PI Overlap
mean,301.6085475791104,257.77270643446184,4.218292708103944,0.0,0.0,0.0
median,325.0639262930187,277.57305908203125,4.512194726314116,0.0,0.0,0.0
std,56.18247455652935,49.49810008552128,0.7515076840708758,0.0,0.0,0.0
