,RMSE,MAE,MAPE,PI Width,CI Coverage,PI Overlap
mean,2472.194863068344,2207.0217063479954,35.576167627347374,0.0,0.0,0.0
median,2477.9866517886567,2272.872283935547,36.65799086985703,0.0,0.0,0.0
std,1500.4638753218794,1322.1499076256268,21.25040346141483,0.0,0.0,0.0
