,RMSE,MAE,MAPE,PI Width,CI Coverage,PI Overlap
mean,309.3518542210882,263.43357340494794,4.271860061779647,0.0,0.0,0.0
median,309.2495929943744,263.4024454752604,4.271786556048037,0.0,0.0,0.0
std,2.5384994097226787,2.3108313658726525,0.03566923275377744,0.0,0.0,0.0
