,RMSE,MAE,MAPE,PI Width,CI Coverage,PI Overlap
mean,498.57138834999694,436.2383816189236,7.06522790134726,0.0,0.0,0.0
median,532.249492689207,464.7696329752604,7.463113511826568,0.0,0.0,0.0
std,271.9195903338444,256.01782679536205,4.133287824813287,0.0,0.0,0.0
