,RMSE,MAE,MAPE,PI Width,CI Coverage,PI Overlap
mean,294.04931386969406,248.464885796441,4.033991790643211,0.0,0.0,0.0
median,297.4267371389743,251.75732421875,4.08538167201724,0.0,0.0,0.0
std,10.365431390448608,10.190356696799578,0.15923073983211306,0.0,0.0,0.0
