,RMSE,MAE,MAPE,PI Width,CI Coverage,PI Overlap
mean,680.4169166407598,592.8993896484375,9.522623651242185,0.0,0.0,0.0
median,686.2541102139007,600.6102905273438,9.622444424815184,0.0,0.0,0.0
std,218.7004814971074,197.8210455925157,3.127304729404569,0.0,0.0,0.0
