,RMSE,MAE,MAPE,PI Width,CI Coverage,PI Overlap
mean,361.2431327600233,311.2082817925347,5.023537829552665,0.0,0.0,0.0
median,354.3595452634854,305.0174763997396,4.925136634512294,0.0,0.0,0.0
std,36.91843397886359,33.81260639321966,0.5374981252193809,0.0,0.0,0.0
