,RMSE,MAE,MAPE,PI Width,CI Coverage,PI Overlap
mean,546.3044933167389,483.30734592013886,7.760418961241995,0.0,0.0,0.0
median,543.8244766936577,480.7727457682292,7.719683980828151,0.0,0.0,0.0
std,6.320806408510198,6.485030971074265,0.10422456946151408,0.0,0.0,0.0
