,RMSE,MAE,MAPE,PI Width,CI Coverage,PI Overlap
mean,536.8635455864743,472.20593804253474,7.586358866510449,0.0,0.0,0.0
median,570.408081222811,502.88303629557294,8.069424234732434,0.0,0.0,0.0
std,106.76991224143998,97.35548003498027,1.5341426415906452,0.0,0.0,0.0
