True,Pred
5750,613.87164
5399,613.8575
6123,613.85016
5730,613.8107
6015,613.7349
5989,613.596
6333,613.3422
6388,612.8966
6048,612.12946
6322,610.832
6405,608.9011
6523,607.65155
