True,Pred
5750,232.81201
5399,232.7526
6123,232.73732
5730,232.70035
6015,232.68527
5989,232.70699
6333,232.81374
6388,233.08673
6048,233.61475
6322,234.52992
6405,235.70851
6523,234.57478
