,RMSE,MAE,MAPE,PI Width,CI Coverage,PI Overlap
mean,487.0081471473107,422.9169325086806,6.807946730167961,0.0,0.0,0.0
median,467.6565664766898,401.3668619791667,6.449045236589523,0.0,0.0,0.0
std,120.68314713633019,111.28046669518903,1.7668258612914924,0.0,0.0,0.0
