,RMSE,MAE,MAPE,PI Width,CI Coverage,PI Overlap
mean,588.8464474399814,520.7724202473959,8.38517151000488,0.0,0.0,0.0
median,583.7144460030327,513.5833536783855,8.249774267819824,0.0,0.0,0.0
std,221.2695278521064,205.81008452939605,3.286950247635878,0.0,0.0,0.0
