,RMSE,MAE,MAPE,PI Width,CI Coverage,PI Overlap
mean,299.178681869962,255.8421427408854,4.14162004751542,0.0,0.0,0.0
median,285.0965173597957,243.55513509114581,3.9463518101138746,0.0,0.0,0.0
std,54.001260892991496,49.78239506033056,0.785002863102759,0.0,0.0,0.0
