,RMSE,MAE,MAPE,PI Width,CI Coverage,PI Overlap
mean,436.0952931796063,377.5743448893228,6.0718757407977115,0.0,0.0,0.0
median,464.1550412300144,402.62528483072913,6.467032395715812,0.0,0.0,0.0
std,52.80669202217144,47.54903218154393,0.7512989699456378,0.0,0.0,0.0
