,RMSE,MAE,MAPE,PI Width,CI Coverage,PI Overlap
mean,3054.4627886928115,3029.4807140880157,49.81810835383566,0.0,0.0,0.0
median,2486.8973228115847,2466.0612386067705,40.353171841780195,0.0,0.0,0.0
std,1815.4733843198346,1830.8701799854969,30.01530849166058,0.0,0.0,0.0
