,RMSE,MAE,MAPE,PI Width,CI Coverage,PI Overlap
mean,3240.518009811798,3211.808143615722,52.8109710146509,0.0,0.0,0.0
median,4169.146574825199,4156.8068288167315,68.21657611504517,0.0,0.0,0.0
std,2128.2288994980054,2150.2373325377544,35.26973562771967,0.0,0.0,0.0
