,RMSE,MAE,MAPE,PI Width,CI Coverage,PI Overlap
mean,2951.031483267533,2904.8102647814826,50.964215462106054,0.0,0.0,0.0
median,2346.8765072448005,2304.315185546875,41.043033275422815,0.0,0.0,0.0
std,1602.843110325919,1630.315840558547,28.320929462401324,0.0,0.0,0.0
