True,Pred
5750,41.579273
5399,41.32587
6123,40.814445
5730,39.84955
6015,38.250587
5989,35.93232
6333,32.878777
6388,29.352844
6048,25.88719
6322,22.705309
6405,19.17201
6523,18.42948
