True,Pred
4377,572.46686
4484,572.46686
4911,572.46686
5218,572.46686
5759,572.46686
5456,572.46686
5359,572.46686
5305,572.46686
5769,572.46686
5565,572.46686
5367,572.46686
5633,572.46686
5664,572.46686
6082,572.46686
6505,572.46686
5813,572.46686
6379,572.46686
6091,572.46686
6219,572.46686
6052,572.46686
6105,572.46686
6030,572.46686
5969,572.46686
5707,572.46686
5681,572.46686
6052,572.46686
5904,572.46686
5426,572.46686
6005,572.46686
5766,572.46686
5946,572.46686
5981,572.46686
6104,572.46686
5991,572.46686
5670,572.46686
5709,572.46686
5416,572.46686
5793,572.46686
