True,Pred
5750,801.14667
5399,801.1467
6123,801.14655
5730,801.1464
6015,801.14624
5989,801.1462
6333,801.1468
6388,801.1457
6048,801.13
6322,801.0305
6405,800.82404
6523,800.82404
