True,Pred
5750,693.77515
5399,693.7739
6123,693.77124
5730,693.76776
6015,693.7616
5989,693.74725
6333,693.7196
6388,693.67505
6048,693.5897
6322,693.3101
6405,691.90735
6523,691.9073
