True,Pred
5750,894.4806
5399,894.47754
6123,894.4661
5730,894.4403
6015,894.3842
5989,894.27374
6333,894.0424
6388,893.53094
6048,892.59625
6322,891.2343
6405,889.5331
6523,889.5321
