True,Pred
5750,787.80176
5399,787.8015
6123,787.8009
5730,787.7999
6015,787.7982
5989,787.79456
6333,787.7876
6388,787.77295
6048,787.7449
6322,787.6937
6405,787.61066
6523,787.6107
