True,Pred
5750,726.95636
5399,726.9566
6123,726.9579
5730,726.96106
6015,726.96075
5989,726.9567
6333,726.95166
6388,726.9608
6048,726.9804
6322,726.9306
6405,726.7139
6523,726.7139
