True,Pred
5750,514.7145
5399,514.70953
6123,514.7009
5730,514.6838
6015,514.6512
5989,514.5919
6333,514.46844
6388,514.2149
6048,513.76196
6322,512.99884
6405,510.85953
6523,510.85898
