True,Pred
5750,781.67163
5399,781.67145
6123,781.67145
5730,781.67145
6015,781.67224
5989,781.6746
6333,781.68036
6388,781.6928
6048,781.71454
6322,781.7441
6405,781.7537
6523,781.7537
