,RMSE,MAE,MAPE,PI Width,CI Coverage,PI Overlap
mean,269.2830267088069,209.3686879239341,3.7830955627096894,0.0,0.0,0.0
std,0.6383677052990099,0.42007319592842446,0.00938979959647321,0.0,0.0,0.0
