,RMSE,MAE,MAPE,PI Width,CI Coverage,PI Overlap
mean,547.2179273457865,484.2446967230904,7.775483651650996,0.0,0.0,0.0
median,547.7760659986604,484.83829752604163,7.785023743039236,0.0,0.0,0.0
std,6.412719610768303,6.640628764042776,0.10672526884963392,0.0,0.0,0.0
