,RMSE,MAE,MAPE,PI Width,CI Coverage,PI Overlap
mean,1643.026212591621,1473.450593439738,23.814892598392824,0.0,0.0,0.0
median,1231.5143718270215,1105.9813232421875,17.758720226854415,0.0,0.0,0.0
std,1483.8526009399284,1293.0305360461616,20.811389552701225,0.0,0.0,0.0
