True,Pred
5750,3954.8027
5399,3256.9858
6123,3051.7632
5730,2335.4944
6015,1476.4381
5989,812.00574
6333,1270.0414
6388,-199.50844
6048,1352.5526
6322,-630.03864
6405,1822.9249
6523,-945.4722
