,RMSE,MAE,MAPE,PI Width,CI Coverage,PI Overlap
mean,483.67237906773454,416.3288814389608,7.347961841773958,0.0,0.0,0.0
std,244.76638056196322,251.60510322135264,4.444798161393001,0.0,0.0,0.0
