,RMSE,MAE,MAPE,PI Width,CI Coverage,PI Overlap
mean,253.20142754144507,195.60536340784137,3.4153764351734774,0.0,0.0,0.0
std,0.8706031300891152,1.2929567371044202,0.02518908149890962,0.0,0.0,0.0
