,RMSE,MAE,MAPE,PI Width,CI Coverage,PI Overlap
mean,606.5731233467463,532.1803545977617,9.233475184278815,0.0,0.0,0.0
std,232.34539004569754,235.5589955315934,4.080375345551548,0.0,0.0,0.0
