,RMSE,MAE,MAPE,PI Width,CI Coverage,PI Overlap
mean,379.5948550279416,327.21628011067713,5.292351534454999,0.0,0.0,0.0
median,383.1676306992793,330.8359578450521,5.3481082985621775,0.0,0.0,0.0
std,20.829793799347048,20.104212281628627,0.313480506231096,0.0,0.0,0.0
