,RMSE,MAE,MAPE,PI Width,CI Coverage,PI Overlap
mean,287.3304136243979,228.01886555989577,4.140319080403229,0.0,0.0,0.0
median,288.44575797135667,229.68549194335935,4.172576180138398,0.0,0.0,0.0
std,4.5050807190989115,4.8817972971535255,0.0904988988946097,0.0,0.0,0.0
