,RMSE,MAE,MAPE,PI Width,CI Coverage,PI Overlap
mean,243.1176701535962,205.583307562934,3.3844116530650674,0.0,0.0,0.0
median,232.0133516736296,196.53792317708334,3.2440474821875567,0.0,0.0,0.0
std,29.27578288068501,24.699437344492434,0.3758360254059788,0.0,0.0,0.0
