,RMSE,MAE,MAPE,PI Width,CI Coverage,PI Overlap
mean,3053.3056674229056,2933.887388441298,32.75569517814761,0.0,0.0,0.0
std,132.25097294570867,135.35335531167502,1.5477143417538357,0.0,0.0,0.0
