,RMSE,MAE,MAPE,PI Width,CI Coverage,PI Overlap
mean,485.5387302895823,419.3283786349826,6.866796294465622,0.0,0.0,0.0
std,229.82355693862132,228.47654306786092,3.631574643379014,0.0,0.0,0.0
