,RMSE,MAE,MAPE,PI Width,CI Coverage,PI Overlap
mean,324.7706386438979,265.8826493426067,4.773340741146545,0.0,0.0,0.0
std,64.53258924363239,65.42044056958045,1.2012180602282954,0.0,0.0,0.0
