,RMSE,MAE,MAPE,PI Width,CI Coverage,PI Overlap
mean,411.3820500774754,355.98294406467016,5.770516817613449,0.0,0.0,0.0
median,416.8093498321148,363.36527506510413,5.863172993941528,0.0,0.0,0.0
std,112.43572578008177,103.46393709371802,1.6119721806267218,0.0,0.0,0.0
