,RMSE,MAE,MAPE,PI Width,CI Coverage,PI Overlap
mean,317.5465813871619,267.08282335069447,4.356895993371479,0.0,0.0,0.0
median,309.98889920357334,257.62375895182294,4.1967211462839416,0.0,0.0,0.0
std,51.21110223036238,48.78260694833711,0.7513615729309715,0.0,0.0,0.0
