,RMSE,MAE,MAPE,PI Width,CI Coverage,PI Overlap
mean,616.8741155750399,547.1925957573785,8.784562780872841,0.0,0.0,0.0
std,124.26526887617814,115.55110779158272,1.8506055055565667,0.0,0.0,0.0
