,RMSE,MAE,MAPE,PI Width,CI Coverage,PI Overlap
mean,5403.337702068745,5379.448917885136,95.31597170318533,0.0,0.0,0.0
median,5472.32424922867,5448.801065770591,96.55635608540605,0.0,0.0,0.0
std,270.91298029787885,272.2283321948391,4.868887006085337,0.0,0.0,0.0
