,RMSE,MAE,MAPE,PI Width,CI Coverage,PI Overlap
mean,5701.751475115236,5692.528311740028,93.52210666034217,0.0,0.0,0.0
median,5795.186227311723,5786.111838022867,95.06388871454206,0.0,0.0,0.0
std,357.96870682759607,358.46964711224905,5.905729707288712,0.0,0.0,0.0
