True,Pred
5750,278.62323
5399,278.61755
6123,278.60388
5730,278.57614
6015,278.48843
5989,278.248
6333,277.60168
6388,274.40118
6048,274.4
6322,274.39722
6405,274.39133
6523,274.3778
