True,Pred
5750,275.44635
5399,275.3447
6123,275.16052
5730,274.81793
6015,274.1473
5989,272.72833
6333,270.00168
6388,266.00266
6048,265.98
6322,265.94278
6405,265.88193
6523,265.78534
