True,Pred
5750,699.6282
5399,699.6224
6123,699.6077
5730,699.5724
6015,699.49023
5989,699.2788
6333,698.77136
6388,697.3955
6048,697.3952
6322,697.39453
6405,697.39307
6523,697.3903
