True,Pred
5750,36.831932
5399,36.512405
6123,35.885246
5730,34.65933
6015,32.529488
5989,29.394758
6333,25.543713
6388,20.591265
6048,20.089315
6322,19.365267
6405,18.392216
6523,17.201904
