True,Pred
5750,383.35275
5399,383.32785
6123,383.28287
5730,383.19968
6015,382.98605
5989,382.4369
6333,381.34094
6388,376.43756
6048,376.43442
6322,376.42868
6405,376.418
6523,376.39597
