True,Pred
5750,175.19763
5399,175.15921
6123,175.01585
5730,174.60742
6015,173.64087
5989,171.7028
6333,168.05843
6388,157.43019
6048,157.40875
6322,157.35602
6405,157.24461
6523,157.03621
