True,Pred
5750,44.7287
5399,44.539112
6123,44.196175
5730,43.556385
6015,42.45155
5989,40.738255
6333,37.95997
6388,30.165796
6048,29.952168
6322,29.603443
6405,29.064522
6523,28.303366
