True,Pred
5750,79.76266
5399,79.66593
6123,79.53333
5730,79.30519
6015,78.85909
5989,78.07719
6333,76.84969
6388,71.335236
6048,71.30982
6322,71.274284
6405,71.21645
6523,71.120155
