True,Pred
5750,115.60531
5399,115.45139
6123,115.21699
5730,114.790985
6015,113.914635
5989,112.253044
6333,109.24131
6388,102.972336
6048,102.91541
6322,102.82411
6405,102.67187
6523,102.42071
