True,Pred
4661,538.65924
4655,538.65924
4716,538.65924
4377,538.65924
4484,538.65924
4911,538.65924
5218,538.65924
5759,538.65924
5456,538.65924
5359,538.65924
5305,538.65924
5769,538.65924
5565,538.65924
5367,538.65924
5633,538.65924
5664,538.65924
6082,538.65924
6505,538.65924
5813,538.65924
6379,538.65924
6091,538.65924
6219,538.65924
6052,538.65924
6105,538.65924
6030,538.65924
5969,538.65924
5707,538.65924
5681,538.65924
6052,538.65924
5904,538.65924
5426,538.65924
6005,538.65924
5766,538.65924
5946,538.65924
5981,538.65924
6104,538.65924
5991,538.65924
5670,538.65924
5709,538.65924
5416,538.65924
5793,538.65924
