True,Pred
5750,12.391253
5399,11.988535
6123,11.273793
5730,10.111052
6015,8.486301
5989,6.585189
6333,4.666753
6388,2.744893
6048,2.4811273
6322,2.176865
6405,1.8298
6523,1.4580476
