True,Pred
5750,538.65924
5399,538.65924
6123,538.6592
5730,538.6592
6015,538.658
5989,538.6446
6333,538.5488
6388,538.4687
6048,538.4687
6322,538.46875
6405,538.4687
6523,538.4687
