True,Pred
5750,99.5347
5399,99.36
6123,99.04504
5730,98.410065
6015,97.036606
5989,94.43131
6333,90.481544
6388,84.50656
6048,84.435875
6322,84.31233
6405,84.1087
6523,83.79931
