True,Pred
5750,1002.61255
5399,1002.61255
6123,1002.61255
5730,1002.6124
6015,1002.6122
5989,1002.6117
6333,1002.6108
6388,1002.60925
6048,1002.60925
6322,1002.60925
6405,1002.60925
6523,1002.60925
