True,Pred
5750,100.761
5399,100.54182
6123,100.10523
5730,99.27308
6015,97.73941
5989,95.09001
6333,91.00731
6388,85.44392
6048,85.28136
6322,85.02636
6405,84.64777
6523,84.12538
