True,Pred
4661,15.925197
4655,15.925197
4716,15.925197
4377,15.925197
4484,15.925197
4911,15.925197
5218,15.925197
5759,15.925197
5456,15.925197
5359,15.925197
5305,15.925197
5769,15.925197
5565,15.925197
5367,15.925197
5633,15.925197
5664,15.925197
6082,15.925197
6505,15.925197
5813,15.925197
6379,15.925197
6091,15.925197
6219,15.925197
6052,15.925197
6105,15.925197
6030,15.925197
5969,15.925197
5707,15.925197
5681,15.925197
6052,15.925197
5904,15.925197
5426,15.925197
6005,15.925197
5766,15.925197
5946,15.925197
5981,15.925197
6104,15.925197
5991,15.925197
5670,15.925197
5709,15.925197
5416,15.925197
5793,15.925197
