True,Pred
4661,7.997183
4655,7.997183
4716,7.997183
4377,7.997183
4484,7.997183
4911,7.997183
5218,7.997183
5759,7.997183
5456,7.997183
5359,7.997183
5305,7.997183
5769,7.997183
5565,7.997183
5367,7.997183
5633,7.997183
5664,7.997183
6082,7.997183
6505,7.997183
5813,7.997183
6379,7.997183
6091,7.997183
6219,7.997183
6052,7.997183
6105,7.997183
6030,7.997183
5969,7.997183
5707,7.997183
5681,7.997183
6052,7.997183
5904,7.997183
5426,7.997183
6005,7.997183
5766,7.997183
5946,7.997183
5981,7.997183
6104,7.997183
5991,7.997183
5670,7.997183
5709,7.997183
5416,7.997183
5793,7.997183
