True,Pred
5750,285.67584
5399,285.63303
6123,285.50308
5730,285.22348
6015,284.65454
5989,283.33893
6333,280.50275
6388,274.1041
6048,274.08954
6322,274.06088
6405,274.0096
6523,273.9211
