True,Pred
4661,271.37906
4655,271.37906
4716,271.37906
4377,271.37906
4484,271.37906
4911,271.37906
5218,271.37906
5759,271.37906
5456,271.37906
5359,271.37906
5305,271.37906
5769,271.37906
5565,271.37906
5367,271.37906
5633,271.37906
5664,271.37906
6082,271.37906
6505,271.37906
5813,271.37906
6379,271.37906
6091,271.37906
6219,271.37906
6052,271.37906
6105,271.37906
6030,271.37906
5969,271.37906
5707,271.37906
5681,271.37906
6052,271.37906
5904,271.37906
5426,271.37906
6005,271.37906
5766,271.37906
5946,271.37906
5981,271.37906
6104,271.37906
5991,271.37906
5670,271.37906
5709,271.37906
5416,271.37906
5793,271.37906
