True,Pred
5750,238.45607
5399,238.39569
6123,238.25128
5730,237.92352
6015,237.14803
5989,235.451
6333,232.4683
6388,228.71619
6048,228.69131
6322,228.64478
6405,228.56303
6523,228.43242
