True,Pred
5750,147.02808
5399,146.96846
6123,146.84737
5730,146.61131
6015,146.20934
5989,145.4962
6333,144.10023
6388,137.38515
6048,137.36823
6322,137.33835
6405,137.28575
6523,137.19727
