True,Pred
5750,78.18778
5399,77.953285
6123,77.569725
5730,76.87245
6015,75.61483
5989,73.495735
6333,70.36159
6388,66.39051
6048,66.311806
6322,66.193275
6405,66.016556
6523,65.76414
