True,Pred
5750,271.37906
5399,271.26047
6123,271.08084
5730,270.7221
6015,269.94336
5989,268.2701
6333,265.26706
6388,261.54846
6048,261.5211
6322,261.4765
6405,261.4019
6523,261.28445
