True,Pred
5750,277.59155
5399,277.58167
6123,277.56436
5730,277.53094
6015,277.46713
5989,277.33713
6333,277.07132
6388,276.71237
6048,276.71188
6322,276.711
6405,276.70975
6523,276.7076
