True,Pred
5750,352.90228
5399,352.8754
6123,352.83353
5730,352.75375
6015,352.5552
5989,352.00577
6333,350.88843
6388,348.2632
6048,348.26086
6322,348.25684
6405,348.24908
6523,348.2335
