True,Pred
5750,844.8532
5399,844.8531
6123,844.85297
5730,844.85236
6015,844.8507
5989,844.84546
6333,844.8346
6388,844.8177
6048,844.8177
6322,844.8177
6405,844.8177
6523,844.8177
