True,Pred
5750,27.657162
5399,27.371965
6123,26.814842
5730,25.780886
6015,24.110245
5989,21.679577
6333,18.244722
6388,12.771429
6048,12.230222
6322,11.459273
6405,10.472585
6523,9.347867
