True,Pred
5750,429.9041
5399,429.9186
6123,429.94077
5730,430.0044
6015,430.18274
5989,430.67972
6333,431.6441
6388,430.2446
6048,430.24463
6322,430.24445
6405,430.24445
6523,430.2455
