True,Pred
5750,15.925197
5399,15.59156
6123,14.954286
5730,13.845831
6015,12.16267
5989,9.91024
6333,7.0893087
6388,3.2542572
6048,2.8198636
6322,2.320016
6405,1.8129998
6523,1.3553066
