True,Pred
5750,538.1763
5399,538.14557
6123,538.0706
5730,537.8892
6015,537.42413
5989,536.1604
6333,533.5439
6388,529.95526
6048,529.949
6322,529.9356
6405,529.90924
6523,529.86
