True,Pred
5750,100.15309
5399,100.00228
6123,99.586754
5730,98.655624
6015,96.665085
5989,93.11961
6333,88.14707
6388,82.40569
6048,82.2302
6322,81.92672
6405,81.46
6523,80.82538
