True,Pred
5750,7.997183
5399,7.4058886
6123,6.513
5730,5.4068604
6015,4.214109
5989,3.0479448
6333,1.9795845
6388,0.93193924
6048,0.78680015
6322,0.6464567
6405,0.52412325
6523,0.42770708
