,RMSE,MAE,MAPE,PI Width,CI Coverage,PI Overlap
mean,325.32261117149915,278.0965616861979,4.505498498366816,0.0,0.0,0.0
median,342.6823907684858,294.71781412760413,4.762301269243046,0.0,0.0,0.0
std,64.0755616912789,58.43163440515834,0.9190132365846011,0.0,0.0,0.0
