,RMSE,MAE,MAPE,PI Width,CI Coverage,PI Overlap
mean,2984.9991912274813,2856.971229044597,31.850776790513557,0.0,0.0,0.0
std,65.58430513787677,66.40403458261252,0.7555209634307144,0.0,0.0,0.0
