,RMSE,MAE,MAPE,PI Width,CI Coverage,PI Overlap
mean,281.58553582321446,231.3537936740452,3.8559085943706375,0.0,0.0,0.0
median,276.7457366334647,230.11180623372397,3.8205107451845732,0.0,0.0,0.0
std,34.55924297731984,31.73075340421211,0.4967625672428993,0.0,0.0,0.0
