,RMSE,MAE,MAPE,PI Width,CI Coverage,PI Overlap
mean,345.07925700450664,296.5797105577257,4.8155734559053185,0.0,0.0,0.0
median,337.3375302402968,288.0228474934896,4.665715110256535,0.0,0.0,0.0
std,35.496786805683044,37.14421159957851,0.6609510120571068,0.0,0.0,0.0
