,RMSE,MAE,MAPE,PI Width,CI Coverage,PI Overlap
mean,634.336941188914,555.0974622938369,8.903085268560558,0.0,0.0,0.0
median,630.434911568929,551.203633626302,8.836089616814569,0.0,0.0,0.0
std,129.4159780389813,115.46692683126325,1.8376507962319502,0.0,0.0,0.0
