,RMSE,MAE,MAPE,PI Width,CI Coverage,PI Overlap
mean,348.14686621382435,271.4970667933559,4.799977811676976,0.0,0.0,0.0
std,49.64414083722005,50.90762779336114,0.830932063594377,0.0,0.0,0.0
