,RMSE,MAE,MAPE,PI Width,CI Coverage,PI Overlap
mean,311.7443489138507,262.9554592556423,4.287999126967596,0.0,0.0,0.0
median,299.21124652438004,250.79579671223956,4.098816379431151,0.0,0.0,0.0
std,65.98252259715603,59.15226701025505,0.932231047596982,0.0,0.0,0.0
