,RMSE,MAE,MAPE,PI Width,CI Coverage,PI Overlap
mean,272.6860634798097,214.5579701967593,3.9056995664300604,0.0,0.0,0.0
std,9.934508786029138,10.153949505907052,0.17542047384453172,0.0,0.0,0.0
