,RMSE,MAE,MAPE,PI Width,CI Coverage,PI Overlap
mean,455.2013556044182,396.53719075520837,6.3815120760831405,0.0,0.0,0.0
std,118.84244308229296,111.1879896921311,1.7688755242888627,0.0,0.0,0.0
