,RMSE,MAE,MAPE,PI Width,CI Coverage,PI Overlap
mean,250.75864034968902,192.12435257523148,3.345733329232375,0.0,0.0,0.0
median,250.84008747754075,192.67327880859375,3.3587863520214665,0.0,0.0,0.0
std,4.347344431195904,4.216883941608485,0.08462682971672456,0.0,0.0,0.0
