,RMSE,MAE,MAPE,PI Width,CI Coverage,PI Overlap
mean,419.9083643831643,364.28791639539924,5.8601665794542335,0.0,0.0,0.0
median,440.65671598938275,382.0496622721354,6.140368325805156,0.0,0.0,0.0
std,37.33295697361354,31.984030465052605,0.5045998590944529,0.0,0.0,0.0
