,RMSE,MAE,MAPE,PI Width,CI Coverage,PI Overlap
mean,771.5453533257916,679.7623291015624,10.920950165286815,0.0,0.0,0.0
median,809.2422990715229,713.392557779948,11.446629954426278,0.0,0.0,0.0
std,172.19904760020387,156.32355981693635,2.4748186832627788,0.0,0.0,0.0
