,RMSE,MAE,MAPE,PI Width,CI Coverage,PI Overlap
mean,472.80864950816215,411.80045166015617,6.614203772953726,0.0,0.0,0.0
median,472.66989468389,412.05580647786456,6.618325030646993,0.0,0.0,0.0
std,10.394248015947163,9.988535070196386,0.159886543345621,0.0,0.0,0.0
