,RMSE,MAE,MAPE,PI Width,CI Coverage,PI Overlap
mean,5443.036444903151,5411.889802133865,97.88315342968775,0.0,0.0,0.0
median,5452.981830035082,5421.894905090332,98.06634893184521,0.0,0.0,0.0
std,50.328207037818004,50.61868198920165,0.9268385131595497,0.0,0.0,0.0
