True,Pred
5750,172.38316
5399,171.66109
6123,160.58054
5730,160.42924
6015,159.42207
5989,159.39893
6333,159.30208
6388,159.29903
6048,159.28966
6322,159.28928
6405,159.28836
6523,159.28831
