True,Pred
5750,81.8515
5399,80.09538
6123,70.08225
5730,69.58633
6015,67.88754
5989,67.739235
6333,67.387474
6388,67.34543
6048,67.26946
6322,67.258125
6405,67.24152
6523,67.23856
