True,Pred
5750,195.8744
5399,194.84543
6123,183.29674
5730,183.10103
6015,181.94304
5989,181.91182
6333,181.7883
6388,181.78381
6048,181.77057
6322,181.76999
6405,181.76852
6523,181.76846
