True,Pred
5750,81.94566
5399,81.54417
6123,71.10186
5730,70.887764
6015,69.413666
5989,69.34999
6333,69.10445
6388,69.08866
6048,69.04659
6322,69.043045
6405,69.0358
6523,69.035034
