True,Pred
5750,92.13105
5399,90.07552
6123,70.95924
5730,70.181206
6015,66.508766
5989,66.22474
6333,65.342224
6388,65.24445
6048,65.01962
6322,64.98771
6405,64.92939
6523,64.91939
