True,Pred
4825,93.030495
4462,93.030495
4642,93.030495
4369,93.030495
4672,93.030495
4661,93.030495
4655,93.030495
4716,93.030495
4377,93.030495
4484,93.030495
4911,93.030495
5218,93.030495
5759,93.030495
5456,93.030495
5359,93.030495
5305,93.030495
5769,93.030495
5565,93.030495
5367,93.030495
5633,93.030495
5664,93.030495
6082,93.030495
6505,93.030495
5813,93.030495
6379,93.030495
6091,93.030495
6219,93.030495
6052,93.030495
6105,93.030495
6030,93.030495
5969,93.030495
5707,93.030495
5681,93.030495
6052,93.030495
5904,93.030495
5426,93.030495
6005,93.030495
5766,93.030495
5946,93.030495
5981,93.030495
6104,93.030495
5991,93.030495
5670,93.030495
5709,93.030495
5416,93.030495
5793,93.030495
