True,Pred
4825,77.89954
4462,77.89954
4642,77.89954
4369,77.89954
4672,77.89954
4661,77.89954
4655,77.89954
4716,77.89954
4377,77.89954
4484,77.89954
4911,77.89954
5218,77.89954
5759,77.89954
5456,77.89954
5359,77.89954
5305,77.89954
5769,77.89954
5565,77.89954
5367,77.89954
5633,77.89954
5664,77.89954
6082,77.89954
6505,77.89954
5813,77.89954
6379,77.89954
6091,77.89954
6219,77.89954
6052,77.89954
6105,77.89954
6030,77.89954
5969,77.89954
5707,77.89954
5681,77.89954
6052,77.89954
5904,77.89954
5426,77.89954
6005,77.89954
5766,77.89954
5946,77.89954
5981,77.89954
6104,77.89954
5991,77.89954
5670,77.89954
5709,77.89954
5416,77.89954
5793,77.89954
