True,Pred
4825,81.94566
4462,81.94566
4642,81.94566
4369,81.94566
4672,81.94566
4661,81.94566
4655,81.94566
4716,81.94566
4377,81.94566
4484,81.94566
4911,81.94566
5218,81.94566
5759,81.94566
5456,81.94566
5359,81.94566
5305,81.94566
5769,81.94566
5565,81.94566
5367,81.94566
5633,81.94566
5664,81.94566
6082,81.94566
6505,81.94566
5813,81.94566
6379,81.94566
6091,81.94566
6219,81.94566
6052,81.94566
6105,81.94566
6030,81.94566
5969,81.94566
5707,81.94566
5681,81.94566
6052,81.94566
5904,81.94566
5426,81.94566
6005,81.94566
5766,81.94566
5946,81.94566
5981,81.94566
6104,81.94566
5991,81.94566
5670,81.94566
5709,81.94566
5416,81.94566
5793,81.94566
