True,Pred
5750,155.14755
5399,155.16734
6123,154.0675
5730,154.06766
6015,154.04033
5989,154.0403
6333,154.03961
6388,154.03961
6048,154.03961
6322,154.03961
6405,154.03961
6523,154.03961
