True,Pred
5750,123.777306
5399,123.7148
6123,120.256454
5730,120.23738
6015,120.075966
5989,120.074234
6333,120.06635
6388,120.06624
6048,120.06584
6322,120.06584
6405,120.06583
6523,120.06583
