True,Pred
5750,77.72812
5399,76.52724
6123,68.403755
5730,68.14613
6015,67.19155
5989,67.14064
6333,67.01367
6388,67.00449
6048,66.98729
6322,66.98574
6405,66.9834
6523,66.98314
