True,Pred
4825,123.777306
4462,123.777306
4642,123.777306
4369,123.777306
4672,123.777306
4661,123.777306
4655,123.777306
4716,123.777306
4377,123.777306
4484,123.777306
4911,123.777306
5218,123.777306
5759,123.777306
5456,123.777306
5359,123.777306
5305,123.777306
5769,123.777306
5565,123.777306
5367,123.777306
5633,123.777306
5664,123.777306
6082,123.777306
6505,123.777306
5813,123.777306
6379,123.777306
6091,123.777306
6219,123.777306
6052,123.777306
6105,123.777306
6030,123.777306
5969,123.777306
5707,123.777306
5681,123.777306
6052,123.777306
5904,123.777306
5426,123.777306
6005,123.777306
5766,123.777306
5946,123.777306
5981,123.777306
6104,123.777306
5991,123.777306
5670,123.777306
5709,123.777306
5416,123.777306
5793,123.777306
