True,Pred
5750,126.794914
5399,123.90812
6123,108.18575
5730,107.45713
6015,105.29509
5989,105.13384
6333,104.806595
6388,104.77396
6048,104.72352
6322,104.71731
6405,104.70948
6523,104.70833
