True,Pred
5750,61.406708
5399,60.503677
6123,53.22715
5730,52.97335
6015,51.96656
5989,51.902386
6333,51.73879
6388,51.724174
6048,51.69683
6322,51.69373
6405,51.68912
6523,51.688488
