True,Pred
5750,89.17506
5399,88.00621
6123,78.25367
5730,77.83236
6015,76.01046
5989,75.87276
6333,75.48103
6388,75.43987
6048,75.352905
6322,75.34134
6405,75.321846
6523,75.31871
