True,Pred
5750,175.68054
5399,174.6784
6123,167.48315
5730,167.33163
6015,166.728
5989,166.70837
6333,166.65495
6388,166.65266
6048,166.64792
6322,166.64764
6405,166.64722
6523,166.64719
