True,Pred
4825,104.60317
4462,104.60317
4642,104.60317
4369,104.60317
4672,104.60317
4661,104.60317
4655,104.60317
4716,104.60317
4377,104.60317
4484,104.60317
4911,104.60317
5218,104.60317
5759,104.60317
5456,104.60317
5359,104.60317
5305,104.60317
5769,104.60317
5565,104.60317
5367,104.60317
5633,104.60317
5664,104.60317
6082,104.60317
6505,104.60317
5813,104.60317
6379,104.60317
6091,104.60317
6219,104.60317
6052,104.60317
6105,104.60317
6030,104.60317
5969,104.60317
5707,104.60317
5681,104.60317
6052,104.60317
5904,104.60317
5426,104.60317
6005,104.60317
5766,104.60317
5946,104.60317
5981,104.60317
6104,104.60317
5991,104.60317
5670,104.60317
5709,104.60317
5416,104.60317
5793,104.60317
