True,Pred
5750,173.4952
5399,172.04413
6123,157.57376
5730,157.28807
6015,155.80585
5989,155.75832
6333,155.59427
6388,155.58717
6048,155.56885
6322,155.56787
6405,155.5658
6523,155.56569
