True,Pred
4825,61.406708
4462,61.406708
4642,61.406708
4369,61.406708
4672,61.406708
4661,61.406708
4655,61.406708
4716,61.406708
4377,61.406708
4484,61.406708
4911,61.406708
5218,61.406708
5759,61.406708
5456,61.406708
5359,61.406708
5305,61.406708
5769,61.406708
5565,61.406708
5367,61.406708
5633,61.406708
5664,61.406708
6082,61.406708
6505,61.406708
5813,61.406708
6379,61.406708
6091,61.406708
6219,61.406708
6052,61.406708
6105,61.406708
6030,61.406708
5969,61.406708
5707,61.406708
5681,61.406708
6052,61.406708
5904,61.406708
5426,61.406708
6005,61.406708
5766,61.406708
5946,61.406708
5981,61.406708
6104,61.406708
5991,61.406708
5670,61.406708
5709,61.406708
5416,61.406708
5793,61.406708
