True,Pred
4825,172.38316
4462,172.38316
4642,172.38316
4369,172.38316
4672,172.38316
4661,172.38316
4655,172.38316
4716,172.38316
4377,172.38316
4484,172.38316
4911,172.38316
5218,172.38316
5759,172.38316
5456,172.38316
5359,172.38316
5305,172.38316
5769,172.38316
5565,172.38316
5367,172.38316
5633,172.38316
5664,172.38316
6082,172.38316
6505,172.38316
5813,172.38316
6379,172.38316
6091,172.38316
6219,172.38316
6052,172.38316
6105,172.38316
6030,172.38316
5969,172.38316
5707,172.38316
5681,172.38316
6052,172.38316
5904,172.38316
5426,172.38316
6005,172.38316
5766,172.38316
5946,172.38316
5981,172.38316
6104,172.38316
5991,172.38316
5670,172.38316
5709,172.38316
5416,172.38316
5793,172.38316
