True,Pred
5750,93.030495
5399,91.59154
6123,82.41481
5730,82.235245
6015,81.49101
5989,81.46842
6333,81.401245
6388,81.398605
6048,81.392456
6322,81.39216
6405,81.3916
6523,81.39157
