True,Pred
5750,39.142704
5399,37.574375
6123,29.743513
5730,28.981525
6015,26.750692
5989,26.320873
6333,25.447994
6388,25.200361
6048,24.81246
6322,24.670454
6405,24.486465
6523,24.40592
