True,Pred
5750,104.60317
5399,103.23456
6123,94.46092
5730,94.079216
6015,92.714386
5989,92.61649
6333,92.37865
6388,92.355606
6048,92.31323
6322,92.3081
6405,92.30051
6523,92.29942
