True,Pred
5750,72.03179
5399,70.83587
6123,61.36335
5730,61.09107
6015,60.02119
5989,59.96619
6333,59.825138
6388,59.815132
6048,59.7961
6322,59.794395
6405,59.791824
6523,59.791546
