True,Pred
5750,64.332466
5399,63.004955
6123,54.651653
5730,54.201214
6015,52.665756
5989,52.51973
6333,52.18868
6388,52.14495
6048,52.070793
6322,52.058456
6405,52.041626
6523,52.038284
