True,Pred
5750,124.1996
5399,124.00125
6123,121.27937
5730,121.264435
6015,121.168526
5989,121.167694
6333,121.16422
6388,121.164185
6048,121.16406
6322,121.16406
6405,121.164055
6523,121.164055
