True,Pred
5750,165.76488
5399,164.97957
6123,158.88359
5730,158.82358
6015,158.56027
5989,158.55632
6333,158.54445
6388,158.54422
6048,158.54366
6322,158.54364
6405,158.54361
6523,158.54362
