True,Pred
4825,165.76488
4462,165.76488
4642,165.76488
4369,165.76488
4672,165.76488
4661,165.76488
4655,165.76488
4716,165.76488
4377,165.76488
4484,165.76488
4911,165.76488
5218,165.76488
5759,165.76488
5456,165.76488
5359,165.76488
5305,165.76488
5769,165.76488
5565,165.76488
5367,165.76488
5633,165.76488
5664,165.76488
6082,165.76488
6505,165.76488
5813,165.76488
6379,165.76488
6091,165.76488
6219,165.76488
6052,165.76488
6105,165.76488
6030,165.76488
5969,165.76488
5707,165.76488
5681,165.76488
6052,165.76488
5904,165.76488
5426,165.76488
6005,165.76488
5766,165.76488
5946,165.76488
5981,165.76488
6104,165.76488
5991,165.76488
5670,165.76488
5709,165.76488
5416,165.76488
5793,165.76488
