True,Pred
5750,176.89037
5399,176.30754
6123,169.45383
5730,169.34943
6015,168.74364
5989,168.72862
6333,168.67174
6388,168.66985
6048,168.66447
6322,168.66428
6405,168.66374
6523,168.66371
