True,Pred
5750,107.24237
5399,106.12076
6123,97.77847
5730,97.57111
6015,96.66068
5989,96.624275
6333,96.5143
6388,96.508446
6048,96.49498
6322,96.49409
6405,96.49243
6523,96.49231
