True,Pred
5750,65.00687
5399,63.099888
6123,49.293167
5730,48.44769
6015,45.85792
5989,45.53953
6333,44.924667
6388,44.814655
6048,44.65853
6322,44.622776
6405,44.58212
6523,44.570984
