True,Pred
5750,19.333048
5399,18.22223
6123,11.8637495
5730,10.744432
6015,7.627058
5989,6.403829
6333,4.4073653
6388,3.3592944
6048,2.2656078
6322,1.70635
6405,1.3022462
6523,1.1149056
