True,Pred
4825,64.332466
4462,64.332466
4642,64.332466
4369,64.332466
4672,64.332466
4661,64.332466
4655,64.332466
4716,64.332466
4377,64.332466
4484,64.332466
4911,64.332466
5218,64.332466
5759,64.332466
5456,64.332466
5359,64.332466
5305,64.332466
5769,64.332466
5565,64.332466
5367,64.332466
5633,64.332466
5664,64.332466
6082,64.332466
6505,64.332466
5813,64.332466
6379,64.332466
6091,64.332466
6219,64.332466
6052,64.332466
6105,64.332466
6030,64.332466
5969,64.332466
5707,64.332466
5681,64.332466
6052,64.332466
5904,64.332466
5426,64.332466
6005,64.332466
5766,64.332466
5946,64.332466
5981,64.332466
6104,64.332466
5991,64.332466
5670,64.332466
5709,64.332466
5416,64.332466
5793,64.332466
