True,Pred
4825,115.65892
4462,115.65892
4642,115.65892
4369,115.65892
4672,115.65892
4661,115.65892
4655,115.65892
4716,115.65892
4377,115.65892
4484,115.65892
4911,115.65892
5218,115.65892
5759,115.65892
5456,115.65892
5359,115.65892
5305,115.65892
5769,115.65892
5565,115.65892
5367,115.65892
5633,115.65892
5664,115.65892
6082,115.65892
6505,115.65892
5813,115.65892
6379,115.65892
6091,115.65892
6219,115.65892
6052,115.65892
6105,115.65892
6030,115.65892
5969,115.65892
5707,115.65892
5681,115.65892
6052,115.65892
5904,115.65892
5426,115.65892
6005,115.65892
5766,115.65892
5946,115.65892
5981,115.65892
6104,115.65892
5991,115.65892
5670,115.65892
5709,115.65892
5416,115.65892
5793,115.65892
