True,Pred
5750,200.89415
5399,200.1946
6123,193.58037
5730,193.50209
6015,193.0985
5989,193.09128
6333,193.06569
6388,193.06508
6048,193.06346
6322,193.06339
6405,193.06331
6523,193.06331
