,RMSE,MAE,MAPE,PI Width,CI Coverage,PI Overlap
mean,2851.782936363126,2728.3538974338107,30.41097162609929,0.0,0.0,0.0
std,124.59722820711136,125.90745406715895,1.4306691488623455,0.0,0.0,0.0
