,RMSE,MAE,MAPE,PI Width,CI Coverage,PI Overlap
mean,429.9726438597588,372.636872016059,6.0070087241262184,0.0,0.0,0.0
median,431.18585845989384,371.39369710286456,5.971925035810797,0.0,0.0,0.0
std,123.83989048958672,114.26414404949568,1.8006161187689573,0.0,0.0,0.0
