,RMSE,MAE,MAPE,PI Width,CI Coverage,PI Overlap
mean,254.51558173055815,199.92493959780094,3.612808170747886,0.0,0.0,0.0
median,265.0684970226086,204.95549045138887,3.695393184618383,0.0,0.0,0.0
std,21.606931045245755,16.58651801436822,0.3304762602890145,0.0,0.0,0.0
