,RMSE,MAE,MAPE,PI Width,CI Coverage,PI Overlap
mean,538.158238830387,474.25529785156243,7.6163244339160014,0.0,0.0,0.0
median,545.5132824253469,480.83662923177087,7.7133898924167035,0.0,0.0,0.0
std,115.7121307194169,108.18030094848602,1.7278574381544023,0.0,0.0,0.0
