,RMSE,MAE,MAPE,PI Width,CI Coverage,PI Overlap
mean,3059.8954980437743,2924.6281663682726,32.59887714928913,0.0,0.0,0.0
std,512.2813305078417,508.95191485595006,5.751612401751801,0.0,0.0,0.0
