,RMSE,MAE,MAPE,PI Width,CI Coverage,PI Overlap
mean,447.77272355657544,388.3581027560764,6.244190243659872,0.0,0.0,0.0
median,453.72009426025943,392.6005859375,6.306830624140034,0.0,0.0,0.0
std,50.03956951993571,45.4553330833527,0.7169356966345064,0.0,0.0,0.0
