,RMSE,MAE,MAPE,PI Width,CI Coverage,PI Overlap
mean,259.63486518332263,198.8804417465673,3.59145754959428,0.0,0.0,0.0
median,258.42349838591645,197.92185280539772,3.5757859689833182,0.0,0.0,0.0
std,7.122324491866268,3.6249801069167304,0.06268362050462059,0.0,0.0,0.0
