,RMSE,MAE,MAPE,PI Width,CI Coverage,PI Overlap
mean,334.5588137953842,288.5855604383681,4.669298429804128,0.0,0.0,0.0
median,336.109681097644,290.6314493815104,4.6983882719052,0.0,0.0,0.0
std,28.829777188940895,28.13550593667181,0.42925752402614276,0.0,0.0,0.0
