,RMSE,MAE,MAPE,PI Width,CI Coverage,PI Overlap
mean,5192.850327164715,5157.954384899815,93.66750767777867,0.0,0.0,0.0
median,5196.138801697289,5161.276301607172,93.7286734637064,0.0,0.0,0.0
std,93.87745574400202,94.51485627549324,1.7402830881147797,0.0,0.0,0.0
