True,Pred
5750,341.51675
5399,331.64566
6123,330.96152
5730,330.91232
6015,330.90878
5989,330.90854
6333,330.90854
6388,330.90854
6048,330.90854
6322,330.90854
6405,330.90854
6523,330.90854
