True,Pred
4323,209.78523
4825,209.78523
4462,209.78523
4642,209.78523
4369,209.78523
4672,209.78523
4661,209.78523
4655,209.78523
4716,209.78523
4377,209.78523
4484,209.78523
4911,209.78523
5218,209.78523
5759,209.78523
5456,209.78523
5359,209.78523
5305,209.78523
5769,209.78523
5565,209.78523
5367,209.78523
5633,209.78523
5664,209.78523
6082,209.78523
6505,209.78523
5813,209.78523
6379,209.78523
6091,209.78523
6219,209.78523
6052,209.78523
6105,209.78523
6030,209.78523
5969,209.78523
5707,209.78523
5681,209.78523
6052,209.78523
5904,209.78523
5426,209.78523
6005,209.78523
5766,209.78523
5946,209.78523
5981,209.78523
6104,209.78523
5991,209.78523
5670,209.78523
5709,209.78523
5416,209.78523
5793,209.78523
