True,Pred
5750,461.92975
5399,460.69772
6123,460.68335
5730,460.68314
6015,460.68314
5989,460.68314
6333,460.68314
6388,460.68314
6048,460.68314
6322,460.68314
6405,460.68314
6523,460.68314
