True,Pred
5750,295.10056
5399,291.7523
6123,291.6614
5730,291.65887
6015,291.65884
5989,291.65884
6333,291.65884
6388,291.65884
6048,291.65884
6322,291.65884
6405,291.65884
6523,291.65884
