True,Pred
5750,293.9676
5399,286.0968
6123,285.771
5730,285.75714
6015,285.75653
5989,285.75653
6333,285.75653
6388,285.75653
6048,285.75653
6322,285.75653
6405,285.75653
6523,285.75653
