True,Pred
4323,272.12698
4825,272.12698
4462,272.12698
4642,272.12698
4369,272.12698
4672,272.12698
4661,272.12698
4655,272.12698
4716,272.12698
4377,272.12698
4484,272.12698
4911,272.12698
5218,272.12698
5759,272.12698
5456,272.12698
5359,272.12698
5305,272.12698
5769,272.12698
5565,272.12698
5367,272.12698
5633,272.12698
5664,272.12698
6082,272.12698
6505,272.12698
5813,272.12698
6379,272.12698
6091,272.12698
6219,272.12698
6052,272.12698
6105,272.12698
6030,272.12698
5969,272.12698
5707,272.12698
5681,272.12698
6052,272.12698
5904,272.12698
5426,272.12698
6005,272.12698
5766,272.12698
5946,272.12698
5981,272.12698
6104,272.12698
5991,272.12698
5670,272.12698
5709,272.12698
5416,272.12698
5793,272.12698
