True,Pred
5750,275.8757
5399,271.82605
6123,271.66132
5730,271.65445
6015,271.6542
5989,271.65417
6333,271.65417
6388,271.65417
6048,271.65417
6322,271.65417
6405,271.65417
6523,271.65417
