True,Pred
5750,272.12698
5399,270.65338
6123,270.62762
5730,270.62714
6015,270.62714
5989,270.62714
6333,270.62714
6388,270.62714
6048,270.62714
6322,270.62714
6405,270.62714
6523,270.62714
