True,Pred
5750,564.3105
5399,563.20154
6123,563.19305
5730,563.19305
6015,563.19305
5989,563.19305
6333,563.19305
6388,563.19305
6048,563.19305
6322,563.19305
6405,563.19305
6523,563.19305
