True,Pred
5750,193.05629
5399,188.30861
6123,188.09822
5730,188.08861
6015,188.08817
5989,188.08815
6333,188.08815
6388,188.08815
6048,188.08815
6322,188.08815
6405,188.08815
6523,188.08815
