True,Pred
4323,207.06252
4825,207.06252
4462,207.06252
4642,207.06252
4369,207.06252
4672,207.06252
4661,207.06252
4655,207.06252
4716,207.06252
4377,207.06252
4484,207.06252
4911,207.06252
5218,207.06252
5759,207.06252
5456,207.06252
5359,207.06252
5305,207.06252
5769,207.06252
5565,207.06252
5367,207.06252
5633,207.06252
5664,207.06252
6082,207.06252
6505,207.06252
5813,207.06252
6379,207.06252
6091,207.06252
6219,207.06252
6052,207.06252
6105,207.06252
6030,207.06252
5969,207.06252
5707,207.06252
5681,207.06252
6052,207.06252
5904,207.06252
5426,207.06252
6005,207.06252
5766,207.06252
5946,207.06252
5981,207.06252
6104,207.06252
5991,207.06252
5670,207.06252
5709,207.06252
5416,207.06252
5793,207.06252
