True,Pred
5750,224.49973
5399,215.96054
6123,215.32407
5730,215.27457
6015,215.27068
5989,215.27039
6333,215.27039
6388,215.27039
6048,215.27039
6322,215.27039
6405,215.27039
6523,215.27039
