True,Pred
5750,353.3537
5399,350.0815
6123,349.97803
5730,349.9747
6015,349.97458
5989,349.97458
6333,349.97458
6388,349.97458
6048,349.97458
6322,349.97458
6405,349.97458
6523,349.97458
