True,Pred
5750,361.5996
5399,359.0903
6123,359.0382
5730,359.0371
6015,359.03708
5989,359.03708
6333,359.03708
6388,359.03708
6048,359.03708
6322,359.03708
6405,359.03708
6523,359.03708
