True,Pred
5750,377.8213
5399,377.3171
6123,377.31412
5730,377.31406
6015,377.31406
5989,377.31406
6333,377.31406
6388,377.31406
6048,377.31406
6322,377.31406
6405,377.31406
6523,377.31406
