True,Pred
5750,329.02054
5399,328.36145
6123,328.35712
5730,328.3571
6015,328.3571
5989,328.3571
6333,328.3571
6388,328.3571
6048,328.3571
6322,328.3571
6405,328.3571
6523,328.3571
