True,Pred
4323,295.49734
4825,295.49734
4462,295.49734
4642,295.49734
4369,295.49734
4672,295.49734
4661,295.49734
4655,295.49734
4716,295.49734
4377,295.49734
4484,295.49734
4911,295.49734
5218,295.49734
5759,295.49734
5456,295.49734
5359,295.49734
5305,295.49734
5769,295.49734
5565,295.49734
5367,295.49734
5633,295.49734
5664,295.49734
6082,295.49734
6505,295.49734
5813,295.49734
6379,295.49734
6091,295.49734
6219,295.49734
6052,295.49734
6105,295.49734
6030,295.49734
5969,295.49734
5707,295.49734
5681,295.49734
6052,295.49734
5904,295.49734
5426,295.49734
6005,295.49734
5766,295.49734
5946,295.49734
5981,295.49734
6104,295.49734
5991,295.49734
5670,295.49734
5709,295.49734
5416,295.49734
5793,295.49734
