True,Pred
5750,189.81735
5399,184.99902
6123,184.73453
5730,184.71956
6015,184.71869
5989,184.71864
6333,184.71864
6388,184.71864
6048,184.71864
6322,184.71864
6405,184.71864
6523,184.71864
