True,Pred
5750,128.58214
5399,116.037186
6123,115.02886
5730,114.94231
6015,114.934845
5989,114.934204
6333,114.93414
6388,114.93414
6048,114.93414
6322,114.93414
6405,114.93414
6523,114.93414
