True,Pred
5750,364.53967
5399,363.2735
6123,363.25757
5730,363.2573
6015,363.2573
5989,363.2573
6333,363.2573
6388,363.2573
6048,363.2573
6322,363.2573
6405,363.2573
6523,363.2573
