True,Pred
5750,336.54572
5399,330.88153
6123,330.63266
5730,330.62146
6015,330.62094
5989,330.62094
6333,330.62094
6388,330.62094
6048,330.62094
6322,330.62094
6405,330.62094
6523,330.62094
