True,Pred
4323,329.02054
4825,329.02054
4462,329.02054
4642,329.02054
4369,329.02054
4672,329.02054
4661,329.02054
4655,329.02054
4716,329.02054
4377,329.02054
4484,329.02054
4911,329.02054
5218,329.02054
5759,329.02054
5456,329.02054
5359,329.02054
5305,329.02054
5769,329.02054
5565,329.02054
5367,329.02054
5633,329.02054
5664,329.02054
6082,329.02054
6505,329.02054
5813,329.02054
6379,329.02054
6091,329.02054
6219,329.02054
6052,329.02054
6105,329.02054
6030,329.02054
5969,329.02054
5707,329.02054
5681,329.02054
6052,329.02054
5904,329.02054
5426,329.02054
6005,329.02054
5766,329.02054
5946,329.02054
5981,329.02054
6104,329.02054
5991,329.02054
5670,329.02054
5709,329.02054
5416,329.02054
5793,329.02054
