True,Pred
4323,128.58214
4825,128.58214
4462,128.58214
4642,128.58214
4369,128.58214
4672,128.58214
4661,128.58214
4655,128.58214
4716,128.58214
4377,128.58214
4484,128.58214
4911,128.58214
5218,128.58214
5759,128.58214
5456,128.58214
5359,128.58214
5305,128.58214
5769,128.58214
5565,128.58214
5367,128.58214
5633,128.58214
5664,128.58214
6082,128.58214
6505,128.58214
5813,128.58214
6379,128.58214
6091,128.58214
6219,128.58214
6052,128.58214
6105,128.58214
6030,128.58214
5969,128.58214
5707,128.58214
5681,128.58214
6052,128.58214
5904,128.58214
5426,128.58214
6005,128.58214
5766,128.58214
5946,128.58214
5981,128.58214
6104,128.58214
5991,128.58214
5670,128.58214
5709,128.58214
5416,128.58214
5793,128.58214
