True,Pred
5750,315.2904
5399,311.90775
6123,311.81427
5730,311.81168
6015,311.8116
5989,311.8116
6333,311.8116
6388,311.8116
6048,311.8116
6322,311.8116
6405,311.8116
6523,311.8116
