True,Pred
5750,460.09143
5399,457.3777
6123,457.32333
5730,457.32224
6015,457.32224
5989,457.32224
6333,457.32224
6388,457.32224
6048,457.32224
6322,457.32224
6405,457.32224
6523,457.32224
