True,Pred
5750,334.27765
5399,334.1952
6123,334.19513
5730,334.19513
6015,334.19513
5989,334.19513
6333,334.19513
6388,334.19513
6048,334.19513
6322,334.19513
6405,334.19513
6523,334.19513
