True,Pred
4323,417.02982
4825,417.02982
4462,417.02982
4642,417.02982
4369,417.02982
4672,417.02982
4661,417.02982
4655,417.02982
4716,417.02982
4377,417.02982
4484,417.02982
4911,417.02982
5218,417.02982
5759,417.02982
5456,417.02982
5359,417.02982
5305,417.02982
5769,417.02982
5565,417.02982
5367,417.02982
5633,417.02982
5664,417.02982
6082,417.02982
6505,417.02982
5813,417.02982
6379,417.02982
6091,417.02982
6219,417.02982
6052,417.02982
6105,417.02982
6030,417.02982
5969,417.02982
5707,417.02982
5681,417.02982
6052,417.02982
5904,417.02982
5426,417.02982
6005,417.02982
5766,417.02982
5946,417.02982
5981,417.02982
6104,417.02982
5991,417.02982
5670,417.02982
5709,417.02982
5416,417.02982
5793,417.02982
