True,Pred
4323,392.10858
4825,392.10858
4462,392.10858
4642,392.10858
4369,392.10858
4672,392.10858
4661,392.10858
4655,392.10858
4716,392.10858
4377,392.10858
4484,392.10858
4911,392.10858
5218,392.10858
5759,392.10858
5456,392.10858
5359,392.10858
5305,392.10858
5769,392.10858
5565,392.10858
5367,392.10858
5633,392.10858
5664,392.10858
6082,392.10858
6505,392.10858
5813,392.10858
6379,392.10858
6091,392.10858
6219,392.10858
6052,392.10858
6105,392.10858
6030,392.10858
5969,392.10858
5707,392.10858
5681,392.10858
6052,392.10858
5904,392.10858
5426,392.10858
6005,392.10858
5766,392.10858
5946,392.10858
5981,392.10858
6104,392.10858
5991,392.10858
5670,392.10858
5709,392.10858
5416,392.10858
5793,392.10858
