True,Pred
5750,396.65085
5399,390.1296
6123,389.83807
5730,389.8247
6015,389.82407
5989,389.82404
6333,389.82404
6388,389.82404
6048,389.82404
6322,389.82404
6405,389.82404
6523,389.82404
