True,Pred
5750,426.9374
5399,424.83075
6123,424.80627
5730,424.80606
6015,424.80603
5989,424.80603
6333,424.80603
6388,424.80603
6048,424.80603
6322,424.80603
6405,424.80603
6523,424.80603
