True,Pred
4323,273.29883
4825,273.29883
4462,273.29883
4642,273.29883
4369,273.29883
4672,273.29883
4661,273.29883
4655,273.29883
4716,273.29883
4377,273.29883
4484,273.29883
4911,273.29883
5218,273.29883
5759,273.29883
5456,273.29883
5359,273.29883
5305,273.29883
5769,273.29883
5565,273.29883
5367,273.29883
5633,273.29883
5664,273.29883
6082,273.29883
6505,273.29883
5813,273.29883
6379,273.29883
6091,273.29883
6219,273.29883
6052,273.29883
6105,273.29883
6030,273.29883
5969,273.29883
5707,273.29883
5681,273.29883
6052,273.29883
5904,273.29883
5426,273.29883
6005,273.29883
5766,273.29883
5946,273.29883
5981,273.29883
6104,273.29883
5991,273.29883
5670,273.29883
5709,273.29883
5416,273.29883
5793,273.29883
