True,Pred
5750,288.84442
5399,281.84735
6123,281.62042
5730,281.61288
6015,281.61264
5989,281.61264
6333,281.61264
6388,281.61264
6048,281.61264
6322,281.61264
6405,281.61264
6523,281.61264
