True,Pred
5750,478.09207
5399,476.9174
6123,476.90714
5730,476.90707
6015,476.90707
5989,476.90707
6333,476.90707
6388,476.90707
6048,476.90707
6322,476.90707
6405,476.90707
6523,476.90707
