True,Pred
5750,197.36569
5399,192.50362
6123,192.27077
5730,192.25935
6015,192.25879
5989,192.25876
6333,192.25876
6388,192.25876
6048,192.25876
6322,192.25876
6405,192.25876
6523,192.25876
