True,Pred
5750,254.51944
5399,247.96513
6123,247.5856
5730,247.5629
6015,247.56152
5989,247.56143
6333,247.56143
6388,247.56143
6048,247.56143
6322,247.56143
6405,247.56143
6523,247.56143
