True,Pred
5750,379.0184
5399,374.91595
6123,374.80435
5730,374.80127
6015,374.80118
5989,374.80118
6333,374.80118
6388,374.80118
6048,374.80118
6322,374.80118
6405,374.80118
6523,374.80118
