True,Pred
5750,464.6604
5399,461.70438
6123,461.63483
5730,461.63318
6015,461.63315
5989,461.63315
6333,461.63315
6388,461.63315
6048,461.63315
6322,461.63315
6405,461.63315
6523,461.63315
