True,Pred
4323,454.36575
4825,454.36575
4462,454.36575
4642,454.36575
4369,454.36575
4672,454.36575
4661,454.36575
4655,454.36575
4716,454.36575
4377,454.36575
4484,454.36575
4911,454.36575
5218,454.36575
5759,454.36575
5456,454.36575
5359,454.36575
5305,454.36575
5769,454.36575
5565,454.36575
5367,454.36575
5633,454.36575
5664,454.36575
6082,454.36575
6505,454.36575
5813,454.36575
6379,454.36575
6091,454.36575
6219,454.36575
6052,454.36575
6105,454.36575
6030,454.36575
5969,454.36575
5707,454.36575
5681,454.36575
6052,454.36575
5904,454.36575
5426,454.36575
6005,454.36575
5766,454.36575
5946,454.36575
5981,454.36575
6104,454.36575
5991,454.36575
5670,454.36575
5709,454.36575
5416,454.36575
5793,454.36575
