True,Pred
5750,385.61343
5399,383.11987
6123,383.0723
5730,383.0714
6015,383.07138
5989,383.07138
6333,383.07138
6388,383.07138
6048,383.07138
6322,383.07138
6405,383.07138
6523,383.07138
