True,Pred
5750,274.22845
5399,268.85095
6123,268.65842
5730,268.65146
6015,268.65118
5989,268.65118
6333,268.65118
6388,268.65118
6048,268.65118
6322,268.65118
6405,268.65118
6523,268.65118
