True,Pred
4323,252.68425
4825,252.68425
4462,252.68425
4642,252.68425
4369,252.68425
4672,252.68425
4661,252.68425
4655,252.68425
4716,252.68425
4377,252.68425
4484,252.68425
4911,252.68425
5218,252.68425
5759,252.68425
5456,252.68425
5359,252.68425
5305,252.68425
5769,252.68425
5565,252.68425
5367,252.68425
5633,252.68425
5664,252.68425
6082,252.68425
6505,252.68425
5813,252.68425
6379,252.68425
6091,252.68425
6219,252.68425
6052,252.68425
6105,252.68425
6030,252.68425
5969,252.68425
5707,252.68425
5681,252.68425
6052,252.68425
5904,252.68425
5426,252.68425
6005,252.68425
5766,252.68425
5946,252.68425
5981,252.68425
6104,252.68425
5991,252.68425
5670,252.68425
5709,252.68425
5416,252.68425
5793,252.68425
