,RMSE,MAE,MAPE,PI Width,CI Coverage,PI Overlap
mean,638.6039852036513,558.2057942708333,8.964039480191426,0.0,0.0,0.0
median,640.5347844763171,565.0936279296875,9.063389027830462,0.0,0.0,0.0
std,230.51007423413975,206.06824241099216,3.267830288423809,0.0,0.0,0.0
