,RMSE,MAE,MAPE,PI Width,CI Coverage,PI Overlap
mean,534.0390568678168,466.89091796874993,7.506785814714157,0.0,0.0,0.0
std,189.0179263071434,169.9144176780054,2.7002526440081516,0.0,0.0,0.0
