,RMSE,MAE,MAPE,PI Width,CI Coverage,PI Overlap
mean,252.0551214688189,193.85924795645258,3.380781845581337,0.0,0.0,0.0
std,4.77803021269509,4.449786579950202,0.08762909423783956,0.0,0.0,0.0
