,RMSE,MAE,MAPE,PI Width,CI Coverage,PI Overlap
mean,422.4112449766582,365.6886488172743,5.90516945120344,0.0,0.0,0.0
median,420.22813828624476,364.8223470052083,5.888641257701272,0.0,0.0,0.0
std,45.574650431431614,38.6513029629458,0.5914642682454297,0.0,0.0,0.0
