,RMSE,MAE,MAPE,PI Width,CI Coverage,PI Overlap
mean,267.228996555648,211.16068264100608,3.7984367256408786,0.0,0.0,0.0
std,6.031735495965676,3.8778785024775715,0.059031360548045614,0.0,0.0,0.0
