,RMSE,MAE,MAPE,PI Width,CI Coverage,PI Overlap
mean,303.64156530313636,245.61613353587964,4.44499549701709,0.0,0.0,0.0
std,45.412796100369846,38.811347861014916,0.6792344382174448,0.0,0.0,0.0
