,RMSE,MAE,MAPE,PI Width,CI Coverage,PI Overlap
mean,314.37081941724983,253.66062789351852,4.710360788577258,0.0,0.0,0.0
std,35.88948852692774,29.644697984734012,0.5994449391739315,0.0,0.0,0.0
