,RMSE,MAE,MAPE,PI Width,CI Coverage,PI Overlap
mean,292.10895041055295,232.01124312789355,4.0634240524962735,0.0,0.0,0.0
std,19.49387372186599,16.361360017207797,0.3097312532051527,0.0,0.0,0.0
