,RMSE,MAE,MAPE,PI Width,CI Coverage,PI Overlap
mean,372.2450940141309,318.6316243489584,5.187667202170896,0.0,0.0,0.0
std,47.68608438554526,44.512121033026276,0.6736760831735237,0.0,0.0,0.0
