,RMSE,MAE,MAPE,PI Width,CI Coverage,PI Overlap
mean,4428.711934837455,4412.183310222626,72.46266587319754,0.0,0.0,0.0
median,4939.989356803118,4929.597635904947,80.95214145609842,0.0,0.0,0.0
std,1595.7682808335974,1609.6604633226857,26.445038095341832,0.0,0.0,0.0
