True,Pred
4716,557.92847
4377,557.92847
4484,557.92847
4911,557.92847
5218,557.92847
5759,557.92847
5456,557.92847
5359,557.92847
5305,557.92847
5769,557.92847
5565,557.92847
5367,557.92847
5633,557.92847
5664,557.92847
6082,557.92847
6505,557.92847
5813,557.92847
6379,557.92847
6091,557.92847
6219,557.92847
6052,557.92847
6105,557.92847
6030,557.92847
5969,557.92847
5707,557.92847
5681,557.92847
6052,557.92847
5904,557.92847
5426,557.92847
6005,557.92847
5766,557.92847
5946,557.92847
5981,557.92847
6104,557.92847
5991,557.92847
5670,557.92847
5709,557.92847
5416,557.92847
5793,557.92847
