True,Pred
5750,453.253
5399,453.25385
6123,453.25793
5730,453.26846
6015,453.28925
5989,453.32626
6333,453.37885
6388,453.43103
6048,453.4227
6322,453.23846
6405,453.23837
6523,453.23828
