True,Pred
5750,708.8304
5399,708.82837
6123,708.8245
5730,708.8183
6015,708.8086
5989,708.7913
6333,708.75745
6388,708.6883
6048,708.5536
6322,708.1898
6405,708.1898
6523,708.1898
