True,Pred
5750,139.94234
5399,139.89459
6123,139.77847
5730,139.53923
6015,139.09741
5989,138.29933
6333,136.92894
6388,134.79758
6048,131.62645
6322,123.39654
6405,123.36781
6523,123.31713
