True,Pred
4716,41.126774
4377,41.126774
4484,41.126774
4911,41.126774
5218,41.126774
5759,41.126774
5456,41.126774
5359,41.126774
5305,41.126774
5769,41.126774
5565,41.126774
5367,41.126774
5633,41.126774
5664,41.126774
6082,41.126774
6505,41.126774
5813,41.126774
6379,41.126774
6091,41.126774
6219,41.126774
6052,41.126774
6105,41.126774
6030,41.126774
5969,41.126774
5707,41.126774
5681,41.126774
6052,41.126774
5904,41.126774
5426,41.126774
6005,41.126774
5766,41.126774
5946,41.126774
5981,41.126774
6104,41.126774
5991,41.126774
5670,41.126774
5709,41.126774
5416,41.126774
5793,41.126774
