True,Pred
5750,373.82703
5399,373.79666
6123,373.69492
5730,373.46066
6015,372.96405
5989,371.92783
6333,369.83807
6388,366.23358
6048,361.219
6322,355.96933
6405,355.92297
6523,355.8389
