True,Pred
5750,523.3838
5399,523.3555
6123,523.2881
5730,523.12823
6015,522.72156
5989,521.6723
6333,519.45685
6388,515.7135
6048,510.52368
6322,505.1198
6405,505.08713
6523,505.02243
