True,Pred
5750,557.92847
5399,557.8805
6123,557.88654
5730,557.8033
6015,557.6418
5989,557.3501
6333,556.7583
6388,555.62976
6048,553.4441
6322,548.49524
6405,548.48883
6523,548.4816
