True,Pred
5750,723.61743
5399,723.61127
6123,723.5983
5730,723.57446
6015,723.5259
5989,723.4191
6333,723.17566
6388,722.6706
6048,721.7968
6322,720.7597
6405,720.75916
6523,720.7581
