True,Pred
5750,506.0955
5399,506.08395
6123,506.04236
5730,505.9536
6015,505.80246
5989,505.52307
6333,504.98514
6388,503.97842
6048,502.42914
6322,500.71344
6405,500.7095
6523,500.70258
