True,Pred
5750,856.60046
5399,856.6004
6123,856.6004
5730,856.6005
6015,856.6005
5989,856.6007
6333,856.60077
6388,856.60126
6048,856.60187
6322,856.60187
6405,856.60187
6523,856.60187
