,RMSE,MAE,MAPE,PI Width,CI Coverage,PI Overlap
mean,266.3486204659517,206.61679724491006,3.750825656447248,0.0,0.0,0.0
median,268.774548960177,208.00086004083806,3.776424734060937,0.0,0.0,0.0
std,4.764357498979833,3.3358018715383166,0.06485883914959414,0.0,0.0,0.0
