,RMSE,MAE,MAPE,PI Width,CI Coverage,PI Overlap
mean,578.2680665187085,477.7973151765046,9.09209288634893,0.0,0.0,0.0
median,578.2510166224605,477.78648546006946,9.091970127922789,0.0,0.0,0.0
std,0.057616509739532404,1.1023220740561925,0.012495186159623119,0.0,0.0,0.0
