,RMSE,MAE,MAPE,PI Width,CI Coverage,PI Overlap
mean,347.0872295274594,298.953773328993,4.857564975034718,0.0,0.0,0.0
median,344.0993313048576,295.5823771158854,4.7892369468403935,0.0,0.0,0.0
std,11.986301409201833,13.346473296253512,0.26549758016497454,0.0,0.0,0.0
