,RMSE,MAE,MAPE,PI Width,CI Coverage,PI Overlap
mean,397.5506388132153,341.5623263888889,5.502907723388579,0.0,0.0,0.0
median,419.58575997053106,361.3321533203125,5.812949276260289,0.0,0.0,0.0
std,69.76058605917297,63.43780672517037,1.000165823241381,0.0,0.0,0.0
