,RMSE,MAE,MAPE,PI Width,CI Coverage,PI Overlap
mean,2787.7744360786596,2655.6970157199435,29.56417648285265,0.0,0.0,0.0
std,453.4731152890807,455.25971561491883,5.151302912366392,0.0,0.0,0.0
