,RMSE,MAE,MAPE,PI Width,CI Coverage,PI Overlap
mean,263.3494632771797,224.2720852322049,3.6869300930440905,0.0,0.0,0.0
median,231.52292665000166,196.53889973958331,3.268824910467023,0.0,0.0,0.0
std,42.86560005395311,37.236216236899146,0.5650595103768066,0.0,0.0,0.0
