,RMSE,MAE,MAPE,PI Width,CI Coverage,PI Overlap
mean,2819.7716710911914,2694.427107747396,30.020890129591198,0.0,0.0,0.0
std,144.45899090166554,145.13469407484854,1.6423078960201094,0.0,0.0,0.0
