,RMSE,MAE,MAPE,PI Width,CI Coverage,PI Overlap
mean,2019.06433542224,1803.3086123996313,29.14357148376131,0.0,0.0,0.0
std,1484.4862592321103,1312.8614505868313,21.158144221360793,0.0,0.0,0.0
