,RMSE,MAE,MAPE,PI Width,CI Coverage,PI Overlap
mean,461.5485860672717,403.500439453125,6.496069152333291,0.0,0.0,0.0
median,468.98320397517836,403.8512369791667,6.486789122088903,0.0,0.0,0.0
std,68.0962878365313,64.87149637415209,1.0208476057036595,0.0,0.0,0.0
