,RMSE,MAE,MAPE,PI Width,CI Coverage,PI Overlap
mean,405.242567712398,349.8322116427952,5.644208688381714,0.0,0.0,0.0
median,401.87389508858905,346.91817220052087,5.606732130121635,0.0,0.0,0.0
std,29.289777396245608,25.468336316946896,0.396521327379564,0.0,0.0,0.0
