,RMSE,MAE,MAPE,PI Width,CI Coverage,PI Overlap
mean,259.97243935940816,209.08657268295937,3.7615819253380063,0.0,0.0,0.0
median,260.87768597783963,205.77286157852564,3.7154125815499675,0.0,0.0,0.0
std,22.54823583888057,18.118573964315903,0.3451288174912008,0.0,0.0,0.0
