,RMSE,MAE,MAPE,PI Width,CI Coverage,PI Overlap
mean,451.9297112880195,364.0587246365017,6.067383838925644,0.0,0.0,0.0
std,406.58599842196594,357.19059257671046,5.6943547873871765,0.0,0.0,0.0
