,RMSE,MAE,MAPE,PI Width,CI Coverage,PI Overlap
mean,356.72455988223004,304.6788140190973,4.9775052923076135,0.0,0.0,0.0
median,350.26026054234535,300.6397705078125,4.916222723623944,0.0,0.0,0.0
std,26.421848983904365,27.328050881202397,0.4146031186757881,0.0,0.0,0.0
