True,Pred
5750,4397.036
5399,3191.2146
6123,3287.146
5730,1551.4288
6015,738.3899
5989,11.451706
6333,58.838726
6388,-1540.7672
6048,-1280.4539
6322,159.2831
6405,-973.9242
6523,1041.3314
