True,Pred
5750,4376.0986
5399,4030.9585
6123,2949.4324
5730,2569.628
6015,1302.366
5989,1367.4026
6333,414.28577
6388,438.8592
6048,-345.8023
6322,686.43616
6405,-82.283066
6523,932.08624
