,RMSE,MAE,MAPE,PI Width,CI Coverage,PI Overlap
mean,284.8853556767087,236.68429090711805,3.89126028303746,0.0,0.0,0.0
median,283.80464120131575,233.8472900390625,3.83606252908187,0.0,0.0,0.0
std,24.950619139395382,23.758275331053014,0.3658406878453221,0.0,0.0,0.0
