,RMSE,MAE,MAPE,PI Width,CI Coverage,PI Overlap
mean,1656.93594233779,1473.281145731608,23.75588095004923,0.0,0.0,0.0
median,1509.804188860554,1334.8291829427083,21.518142402535737,0.0,0.0,0.0
std,1104.093483987681,969.6646311363824,15.582397799061425,0.0,0.0,0.0
