,RMSE,MAE,MAPE,PI Width,CI Coverage,PI Overlap
mean,464.0583492389252,404.8468397352431,6.509417818469653,0.0,0.0,0.0
median,456.9973412968146,394.56795247395837,6.334637900074654,0.0,0.0,0.0
std,64.2915060932454,63.15560394091921,1.0020621253717263,0.0,0.0,0.0
