,RMSE,MAE,MAPE,PI Width,CI Coverage,PI Overlap
mean,348.5880762337948,298.17037896050346,4.872919295658865,0.0,0.0,0.0
std,34.850303792447924,35.203605968747475,0.531959744298262,0.0,0.0,0.0
