,RMSE,MAE,MAPE,PI Width,CI Coverage,PI Overlap
mean,277.5987225972341,217.59163727936922,3.8024919662299865,0.0,0.0,0.0
std,17.719299174636543,18.593539586329516,0.347220180997543,0.0,0.0,0.0
