,RMSE,MAE,MAPE,PI Width,CI Coverage,PI Overlap
mean,292.2720965894642,249.5662150065104,4.073855952100982,0.0,0.0,0.0
median,292.0881739696718,249.31001790364581,4.070207143797264,0.0,0.0,0.0
std,10.107293963006489,10.267672608691885,0.16074636568559453,0.0,0.0,0.0
