,RMSE,MAE,MAPE,PI Width,CI Coverage,PI Overlap
mean,285.30111360081776,231.2211796723595,4.186386618038473,0.0,0.0,0.0
median,287.3417930859016,230.4217273800872,4.183321759993175,0.0,0.0,0.0
std,22.699602538312735,18.66231420211011,0.3620073390965359,0.0,0.0,0.0
