,RMSE,MAE,MAPE,PI Width,CI Coverage,PI Overlap
mean,548.3827226185334,491.14921603732637,7.935673240837862,0.0,0.0,0.0
median,469.5757770182907,404.269287109375,6.491109944041508,0.0,0.0,0.0
std,337.9120835396551,344.4553073560054,5.634489536692544,0.0,0.0,0.0
