,RMSE,MAE,MAPE,PI Width,CI Coverage,PI Overlap
mean,389.22636619345724,344.71316053602436,5.639603797183966,0.0,0.0,0.0
median,334.62966356539425,286.7080078125,4.649038454124257,0.0,0.0,0.0
std,125.35292325242617,131.86542074425876,2.2187110581695775,0.0,0.0,0.0
