,RMSE,MAE,MAPE,PI Width,CI Coverage,PI Overlap
mean,470.9024920747178,391.9499359573144,7.3979433552153955,0.0,0.0,0.0
median,476.6318336079182,398.06421959918475,7.543296805819322,0.0,0.0,0.0
std,55.99742076783984,47.73284241913709,0.8915567761075894,0.0,0.0,0.0
