,RMSE,MAE,MAPE,PI Width,CI Coverage,PI Overlap
mean,281.2065469505456,217.25909338662794,3.9727387855714325,0.0,0.0,0.0
median,279.9895830840503,215.07095407885174,3.9298089959237643,0.0,0.0,0.0
std,10.142196847261502,9.278460111282287,0.19332493490903496,0.0,0.0,0.0
