,RMSE,MAE,MAPE,PI Width,CI Coverage,PI Overlap
mean,266.2904136782926,214.7186012445494,3.938245354626,0.0,0.0,0.0
std,15.695409796196817,13.722493397253896,0.27877048534874893,0.0,0.0,0.0
