,RMSE,MAE,MAPE,PI Width,CI Coverage,PI Overlap
mean,348.9956812874262,299.8708360460069,4.851272904226027,0.0,0.0,0.0
std,53.68615113654619,48.16108442690105,0.7547968751520351,0.0,0.0,0.0
