,RMSE,MAE,MAPE,PI Width,CI Coverage,PI Overlap
mean,478.48859062907013,414.5854505750868,6.68647568692011,0.0,0.0,0.0
median,493.2088317734857,426.31343587239587,6.854614436991367,0.0,0.0,0.0
std,65.13918692632407,58.8074292116211,0.8996453962910645,0.0,0.0,0.0
