,RMSE,MAE,MAPE,PI Width,CI Coverage,PI Overlap
mean,227.21347213403735,179.57278645833333,3.0541415171784805,0.0,0.0,0.0
median,224.30546258547008,176.20147705078125,3.0120053324469183,0.0,0.0,0.0
std,12.53613573034169,12.27926169623721,0.18021541881825778,0.0,0.0,0.0
