,RMSE,MAE,MAPE,PI Width,CI Coverage,PI Overlap
mean,350.45146547988594,284.2905115198206,4.91771335789326,0.0,0.0,0.0
median,347.3521800762898,278.4201117621528,4.869041785932154,0.0,0.0,0.0
std,44.392909663757116,40.05372263219698,0.7304019164236233,0.0,0.0,0.0
