True,Pred
5750,4569.0615
5399,4519.121
6123,4343.607
5730,3295.1282
6015,2919.8535
5989,2938.5752
6333,1373.3313
6388,2131.0474
6048,859.39557
6322,598.316
6405,1477.216
6523,147.04092
