,RMSE,MAE,MAPE,PI Width,CI Coverage,PI Overlap
mean,577.6637614866866,515.1060519748264,8.271473798569016,0.0,0.0,0.0
median,576.1885537929542,513.6511637369792,8.248091473815194,0.0,0.0,0.0
std,7.937600178926941,7.914753317812833,0.12720243906660664,0.0,0.0,0.0
