,RMSE,MAE,MAPE,PI Width,CI Coverage,PI Overlap
mean,600.357184604148,519.7289916992187,8.335918818842767,0.0,0.0,0.0
median,601.0077489933763,520.301534016927,8.345018511238187,0.0,0.0,0.0
std,5.870267630647739,5.25062555807716,0.0837714492060452,0.0,0.0,0.0
