,RMSE,MAE,MAPE,PI Width,CI Coverage,PI Overlap
mean,425.2001872187029,369.22759195963533,6.001342326783663,0.0,0.0,0.0
median,393.77181121937974,329.82926432291663,5.37085680709842,0.0,0.0,0.0
std,164.43027641962794,151.98773413473643,2.3885218401798234,0.0,0.0,0.0
