,RMSE,MAE,MAPE,PI Width,CI Coverage,PI Overlap
mean,536.0311617659571,470.8142645941841,7.578246289838637,0.0,0.0,0.0
median,485.79541419542187,422.39713541666663,6.783111830612114,0.0,0.0,0.0
std,195.5258372160885,187.69693679651053,3.077952783727662,0.0,0.0,0.0
