,RMSE,MAE,MAPE,PI Width,CI Coverage,PI Overlap
mean,275.13122104260407,219.930814720219,3.9609661519750063,0.0,0.0,0.0
std,2.4040236514174134,1.3056242808444605,0.030303920933565744,0.0,0.0,0.0
