,RMSE,MAE,MAPE,PI Width,CI Coverage,PI Overlap
mean,298.9779792730951,253.28678249782988,4.120118842514836,0.0,0.0,0.0
std,17.03636328175454,16.865107660964007,0.2626057387924024,0.0,0.0,0.0
