,RMSE,MAE,MAPE,PI Width,CI Coverage,PI Overlap
mean,439.8219068980821,380.38199327256945,6.126405799232844,0.0,0.0,0.0
median,435.9996754387916,377.5596923828125,6.083213128863383,0.0,0.0,0.0
std,13.255837307273811,9.97970382033751,0.15259572213482553,0.0,0.0,0.0
