,RMSE,MAE,MAPE,PI Width,CI Coverage,PI Overlap
mean,586.0286593299609,513.0956380208333,8.244251439852208,0.0,0.0,0.0
median,600.8635045083972,529.148213704427,8.504598458999553,0.0,0.0,0.0
std,158.16038412864134,143.93918068617475,2.2931061758036684,0.0,0.0,0.0
