,RMSE,MAE,MAPE,PI Width,CI Coverage,PI Overlap
mean,329.663289812963,281.84563259548605,4.592334309656187,0.0,0.0,0.0
median,330.59999479978103,283.61704508463544,4.619093192590785,0.0,0.0,0.0
std,8.897758820730196,13.189522903020226,0.17776622876717754,0.0,0.0,0.0
