,RMSE,MAE,MAPE,PI Width,CI Coverage,PI Overlap
mean,436.41471204144085,377.86498209635414,6.08784483100032,0.0,0.0,0.0
median,436.32324426619886,377.7979736328125,6.086828212260767,0.0,0.0,0.0
std,0.5451997464129421,0.4009359022681398,0.006082798053581989,0.0,0.0,0.0
