,RMSE,MAE,MAPE,PI Width,CI Coverage,PI Overlap
mean,296.94861937887066,248.816455078125,4.05459944258251,0.0,0.0,0.0
median,289.68454005759565,243.02640787760416,3.9635383413413345,0.0,0.0,0.0
std,33.13426091587748,30.519526668211885,0.47817716248385767,0.0,0.0,0.0
