,RMSE,MAE,MAPE,PI Width,CI Coverage,PI Overlap
mean,280.4544834796485,237.77265896267363,3.861349205175557,0.0,0.0,0.0
std,7.476214044554399,7.85102188125862,0.12391696241208959,0.0,0.0,0.0
