,RMSE,MAE,MAPE,PI Width,CI Coverage,PI Overlap
mean,331.8138681042243,282.23953721788195,4.610349609864003,0.0,0.0,0.0
median,300.3027003516413,250.35831705729166,4.098183900489387,0.0,0.0,0.0
std,101.0566919598931,93.1169479723239,1.4497835454491927,0.0,0.0,0.0
