,RMSE,MAE,MAPE,PI Width,CI Coverage,PI Overlap
mean,399.42556688367824,343.08555094401044,5.52736585017404,0.0,0.0,0.0
median,399.09136277419276,342.96612548828125,5.525000123318343,0.0,0.0,0.0
std,3.9280951572485585,3.4645363471978965,0.054733029368985796,0.0,0.0,0.0
