,RMSE,MAE,MAPE,PI Width,CI Coverage,PI Overlap
mean,545.0339184673065,478.59919433593745,7.752148983447815,0.0,0.0,0.0
median,510.9406016105487,462.2240193684896,7.481962279796539,0.0,0.0,0.0
std,191.38820319409496,173.39058024742116,2.725611213947042,0.0,0.0,0.0
