,RMSE,MAE,MAPE,PI Width,CI Coverage,PI Overlap
mean,373.2952175255642,321.49130588107636,5.230179796376279,0.0,0.0,0.0
median,372.4305482275638,323.6923828125,5.2534579303078175,0.0,0.0,0.0
std,57.15958859533704,53.07852355419062,0.814374459585308,0.0,0.0,0.0
