,RMSE,MAE,MAPE,PI Width,CI Coverage,PI Overlap
mean,302.3895238541447,235.57918056084858,4.218679230436777,0.0,0.0,0.0
std,21.14513967895674,20.39384569547847,0.33395441794108255,0.0,0.0,0.0
