,RMSE,MAE,MAPE,PI Width,CI Coverage,PI Overlap
mean,453.7081104393743,395.801932779948,6.382798552731496,0.0,0.0,0.0
std,94.472225671571,86.4015734004453,1.3616947062624973,0.0,0.0,0.0
