,RMSE,MAE,MAPE,PI Width,CI Coverage,PI Overlap
mean,385.53060201288633,338.8581522623698,5.540376175851315,0.0,0.0,0.0
std,238.94890407385233,221.21526580089238,3.5396092589983628,0.0,0.0,0.0
