,RMSE,MAE,MAPE,PI Width,CI Coverage,PI Overlap
mean,657.613540073394,576.2210354275174,9.25350508751024,0.0,0.0,0.0
median,589.0981414830071,515.9724934895834,8.278882567480917,0.0,0.0,0.0
std,284.9198514101309,257.59703361063634,4.108104301409402,0.0,0.0,0.0
