,RMSE,MAE,MAPE,PI Width,CI Coverage,PI Overlap
mean,2781.698046901018,2654.827510579427,29.573787001387288,0.0,0.0,0.0
std,319.62539201183193,324.6871350876662,3.664156871024715,0.0,0.0,0.0
