,RMSE,MAE,MAPE,PI Width,CI Coverage,PI Overlap
mean,326.2752393624727,255.23306763795046,4.457562486398223,0.0,0.0,0.0
median,329.4647824180052,256.5680888407939,4.504915184288212,0.0,0.0,0.0
std,28.505037661329432,24.901688083778623,0.4118932480809087,0.0,0.0,0.0
