,RMSE,MAE,MAPE,PI Width,CI Coverage,PI Overlap
mean,525.1176322694024,429.6012269035218,7.966555745002896,0.0,0.0,0.0
median,524.9282863745842,429.1222330729167,7.959415897750851,0.0,0.0,0.0
std,1.0054495237685022,2.990896127159322,0.040149712094171584,0.0,0.0,0.0
