,RMSE,MAE,MAPE,PI Width,CI Coverage,PI Overlap
mean,250.76115109611985,192.8556898328993,3.3606448966639353,0.0,0.0,0.0
std,2.0303814687344452,2.096452498479763,0.04760192975410653,0.0,0.0,0.0
