,RMSE,MAE,MAPE,PI Width,CI Coverage,PI Overlap
mean,316.3405869558934,264.61752658420136,4.325287391602027,0.0,0.0,0.0
std,20.231677664637616,20.545051797571777,0.317947688728171,0.0,0.0,0.0
