,RMSE,MAE,MAPE,PI Width,CI Coverage,PI Overlap
mean,316.1971893602896,264.9186726888021,4.3427609080755145,0.0,0.0,0.0
median,295.1730182454928,241.72283935546875,3.96331597930582,0.0,0.0,0.0
std,58.980753801870826,55.297594508864584,0.8470481639954348,0.0,0.0,0.0
