,RMSE,MAE,MAPE,PI Width,CI Coverage,PI Overlap
mean,407.4743251647092,351.0012749565971,5.651309345568135,0.0,0.0,0.0
median,393.453124553214,338.73758951822913,5.452311296254137,0.0,0.0,0.0
std,54.293457544065014,49.94012708149615,0.7855778590794799,0.0,0.0,0.0
