,RMSE,MAE,MAPE,PI Width,CI Coverage,PI Overlap
mean,434.37186207760976,378.1392578125,6.104135086136375,0.0,0.0,0.0
median,405.31191286721184,352.9761962890625,5.690107723054917,0.0,0.0,0.0
std,114.80639171209941,106.72998294141543,1.6988129933316891,0.0,0.0,0.0
