,RMSE,MAE,MAPE,PI Width,CI Coverage,PI Overlap
mean,494.97755207130393,433.6289889865451,6.96958228853401,0.0,0.0,0.0
median,496.0536301087857,434.0510660807292,6.9753006232264365,0.0,0.0,0.0
std,25.660158399184954,24.12953191361885,0.3858230088034165,0.0,0.0,0.0
