,RMSE,MAE,MAPE,PI Width,CI Coverage,PI Overlap
mean,332.59923860788035,283.4647162543403,4.608392090338133,0.0,0.0,0.0
median,332.8554612405435,283.7861328125,4.615141479762727,0.0,0.0,0.0
std,2.4428303155346707,2.664194936617155,0.04217414203233215,0.0,0.0,0.0
