,RMSE,MAE,MAPE,PI Width,CI Coverage,PI Overlap
mean,266.7508673101897,207.41462028434682,3.6316875095468446,0.0,0.0,0.0
std,12.938256947903792,16.31235318553638,0.31360968539337475,0.0,0.0,0.0
