,RMSE,MAE,MAPE,PI Width,CI Coverage,PI Overlap
mean,480.30286215335167,420.6209065755209,6.75509409300858,0.0,0.0,0.0
median,479.95315007873126,420.21811930338544,6.748803915510452,0.0,0.0,0.0
std,4.377269224372069,4.079851102782339,0.06521786901658128,0.0,0.0,0.0
