,RMSE,MAE,MAPE,PI Width,CI Coverage,PI Overlap
mean,347.0369995369267,298.92578260633684,4.848749759993427,0.0,0.0,0.0
median,345.09731562841597,296.7202555338542,4.805973473103654,0.0,0.0,0.0
std,13.38486605576224,14.596809821970702,0.27102078446092015,0.0,0.0,0.0
