,RMSE,MAE,MAPE,PI Width,CI Coverage,PI Overlap
mean,625.6550018259935,549.254227701823,8.83411280207028,0.0,0.0,0.0
median,605.4254033057696,534.8784993489583,8.616796240335027,0.0,0.0,0.0
std,168.2249329799422,150.679972229946,2.389848267607777,0.0,0.0,0.0
