,RMSE,MAE,MAPE,PI Width,CI Coverage,PI Overlap
mean,606.6860654858096,531.5319864908854,8.530961437462514,0.0,0.0,0.0
median,632.0626309974824,551.8847249348958,8.846403670920854,0.0,0.0,0.0
std,149.8031520381055,136.3063300164301,2.1702780699542394,0.0,0.0,0.0
