,RMSE,MAE,MAPE,PI Width,CI Coverage,PI Overlap
mean,2881.322859548185,2758.6570576985678,30.75653010632725,0.0,0.0,0.0
std,80.5062859033479,82.3598740054222,0.9405108079029263,0.0,0.0,0.0
