,RMSE,MAE,MAPE,PI Width,CI Coverage,PI Overlap
mean,1046.1821760108319,985.6752126057944,16.164561591812323,0.0,0.0,0.0
median,730.8672472567973,659.6037190755209,10.875466615087458,0.0,0.0,0.0
std,815.6781884314365,836.7137530634352,13.667953115144698,0.0,0.0,0.0
