,RMSE,MAE,MAPE,PI Width,CI Coverage,PI Overlap
mean,480.94199872059625,416.7745958116319,6.703973696465763,0.0,0.0,0.0
median,487.88674639258414,422.95377604166663,6.792344256614241,0.0,0.0,0.0
std,83.85447817994832,78.75636372999863,1.2337162645886313,0.0,0.0,0.0
