,RMSE,MAE,MAPE,PI Width,CI Coverage,PI Overlap
mean,280.3660838499656,231.67732747395834,4.312436846846558,0.0,0.0,0.0
median,277.8753926730742,230.5371717087766,4.271003141052164,0.0,0.0,0.0
std,12.627783272584168,9.96714776772856,0.22979665403003985,0.0,0.0,0.0
