,RMSE,MAE,MAPE,PI Width,CI Coverage,PI Overlap
mean,266.39349478761795,223.91867404513889,3.64675701282277,0.0,0.0,0.0
median,266.7472504357869,223.30916341145831,3.6360661892843114,0.0,0.0,0.0
std,13.771564372449474,13.485386361450974,0.21153408353809305,0.0,0.0,0.0
