,RMSE,MAE,MAPE,PI Width,CI Coverage,PI Overlap
mean,593.57794524669,530.9478461371527,8.526075542556912,0.0,0.0,0.0
median,593.2587925309397,530.6506754557292,8.521300159763719,0.0,0.0,0.0
std,7.489553892552934,7.391119978030618,0.11878688776442159,0.0,0.0,0.0
