,RMSE,MAE,MAPE,PI Width,CI Coverage,PI Overlap
mean,549.3567733651792,441.4070028615552,8.343449260222568,0.0,0.0,0.0
median,549.3262356213348,441.322998046875,8.342513958465776,0.0,0.0,0.0
std,0.23373563766109293,2.3126059053087196,0.02819997681256989,0.0,0.0,0.0
