,RMSE,MAE,MAPE,PI Width,CI Coverage,PI Overlap
mean,632.6069870232856,549.2074788411459,8.807341464777023,0.0,0.0,0.0
median,637.0332207426477,553.3242594401042,8.873150587467897,0.0,0.0,0.0
std,29.41108199437547,26.45461687492088,0.4225423325629262,0.0,0.0,0.0
