,RMSE,MAE,MAPE,PI Width,CI Coverage,PI Overlap
mean,2881.18523577503,2756.2002356635194,30.720918897972197,0.0,0.0,0.0
std,163.14038356005105,164.02728218576797,1.8613594982820685,0.0,0.0,0.0
