,RMSE,MAE,MAPE,PI Width,CI Coverage,PI Overlap
mean,381.40432814368484,330.82203504774304,5.350770570260483,0.0,0.0,0.0
median,376.53468782971436,327.12935384114587,5.292580382151242,0.0,0.0,0.0
std,33.133179119445145,28.149161027950242,0.44173908612036067,0.0,0.0,0.0
