,RMSE,MAE,MAPE,PI Width,CI Coverage,PI Overlap
mean,545.4029672035653,477.0565456814236,7.659389234702151,0.0,0.0,0.0
median,553.5072803187343,486.65401204427087,7.810789220672548,0.0,0.0,0.0
std,102.3968161170771,94.71985696885373,1.511337254952445,0.0,0.0,0.0
