,RMSE,MAE,MAPE,PI Width,CI Coverage,PI Overlap
mean,3139.1003956432883,3031.8495615641277,33.92035717933305,0.0,0.0,0.0
std,110.03943124946588,112.63039715073626,1.2895479118476945,0.0,0.0,0.0
