,RMSE,MAE,MAPE,PI Width,CI Coverage,PI Overlap
mean,372.424898089659,314.5857801649306,5.138536784218731,0.0,0.0,0.0
median,392.24084750799796,340.233642578125,5.495567809984597,0.0,0.0,0.0
std,110.28079790164864,106.3182804800093,1.6320701402695492,0.0,0.0,0.0
