,RMSE,MAE,MAPE,PI Width,CI Coverage,PI Overlap
mean,421.1694052302024,364.7993991427951,5.884132027892846,0.0,0.0,0.0
median,446.8489218239648,386.71563720703125,6.22781414950853,0.0,0.0,0.0
std,37.11549087525769,31.449460932525938,0.493197239006753,0.0,0.0,0.0
