,RMSE,MAE,MAPE,PI Width,CI Coverage,PI Overlap
mean,828.9478502888586,767.0575276692707,12.603894313347912,0.0,0.0,0.0
median,583.7639520967541,515.7444661458333,8.299117906153429,0.0,0.0,0.0
std,560.7202395687154,577.9886913138246,9.482297093457076,0.0,0.0,0.0
