,RMSE,MAE,MAPE,PI Width,CI Coverage,PI Overlap
mean,4010.9935590186865,3415.0466930601333,55.355231413528344,0.0,0.0,0.0
median,3478.3255325211185,2915.215822855632,47.755703680036035,0.0,0.0,0.0
std,2622.1463586215687,2216.9922503727403,35.6013756204015,0.0,0.0,0.0
