True,Pred
5750,4409.927
5399,4122.4434
6123,2320.6013
5730,2196.1316
6015,1392.295
5989,1652.0297
6333,625.67975
6388,-204.32095
6048,-1463.9742
6322,-1907.7252
6405,-973.4638
6523,-76.83581
