True,Pred
5750,2935.4785
5399,1649.4701
6123,-426.88934
5730,730.93054
6015,-2160.7512
5989,4148.0674
6333,694.74725
6388,7833.4604
6048,4552.6104
6322,12224.7705
6405,6639.607
6523,13168.351
