,RMSE,MAE,MAPE,PI Width,CI Coverage,PI Overlap
mean,467.58358662022033,404.14290364583326,6.503275608905269,0.0,0.0,0.0
median,449.2329904720924,388.61006673177087,6.2566266498034455,0.0,0.0,0.0
std,52.30008296772442,44.13035011080879,0.6970886854987302,0.0,0.0,0.0
