,RMSE,MAE,MAPE,PI Width,CI Coverage,PI Overlap
mean,670.7426319826576,583.7987481011284,9.360503845064184,0.0,0.0,0.0
median,671.5950652239408,584.705078125,9.375110240665698,0.0,0.0,0.0
std,8.961519137055808,8.349671256840722,0.1337685309817681,0.0,0.0,0.0
