,RMSE,MAE,MAPE,PI Width,CI Coverage,PI Overlap
mean,2924.566518289038,2793.5198038736985,31.120461009507476,0.0,0.0,0.0
std,21.264082317514667,20.97252440690698,0.23645503027991083,0.0,0.0,0.0
