,RMSE,MAE,MAPE,PI Width,CI Coverage,PI Overlap
mean,947.689958130028,846.3216330460352,13.621125383955059,0.0,0.0,0.0
median,947.6899581300281,846.3216330460355,13.621125383955057,0.0,0.0,0.0
std,1.156303432516342e-13,2.312606865032684e-13,1.8067241133067846e-15,0.0,0.0,0.0
