,RMSE,MAE,MAPE,PI Width,CI Coverage,PI Overlap
mean,522.971274205169,456.96269802517367,7.359497792129411,0.0,0.0,0.0
median,528.7253467287217,463.94637044270837,7.462702786177216,0.0,0.0,0.0
std,120.02423089073858,106.6000038230759,1.67862089045932,0.0,0.0,0.0
