True,Pred
5750,3095.3264
5399,4077.3054
6123,3460.8455
5730,1639.989
6015,2626.283
5989,3131.25
6333,-27.183838
6388,3327.21
6048,1521.6425
6322,267.68063
6405,2281.9458
6523,2602.0369
