,RMSE,MAE,MAPE,PI Width,CI Coverage,PI Overlap
mean,302.77694653197756,246.9558132595486,4.080234441783251,0.0,0.0,0.0
median,272.23600749268587,225.23616536458334,3.715331108599012,0.0,0.0,0.0
std,76.02457100333515,75.60134053653852,1.1447811814869497,0.0,0.0,0.0
