,RMSE,MAE,MAPE,PI Width,CI Coverage,PI Overlap
mean,382.72778852832323,327.79112006293406,5.33998589030528,0.0,0.0,0.0
median,377.2492975527392,329.9197998046875,5.3432149085231195,0.0,0.0,0.0
std,59.81087224445211,58.8278400450428,0.8860787261183114,0.0,0.0,0.0
