,RMSE,MAE,MAPE,PI Width,CI Coverage,PI Overlap
mean,375.7167149684668,324.7641221788195,5.2473240117223465,0.0,0.0,0.0
median,365.4594576627055,315.8315633138021,5.10737590264454,0.0,0.0,0.0
std,32.65448184809118,28.30313633966525,0.4444666879076077,0.0,0.0,0.0
