,RMSE,MAE,MAPE,PI Width,CI Coverage,PI Overlap
mean,1889.6170402025539,1694.154877164629,27.317845709730193,0.0,0.0,0.0
median,1690.803214766074,1546.096445719401,25.00642665759576,0.0,0.0,0.0
std,1339.7139000693521,1161.8358419332171,18.690815613114985,0.0,0.0,0.0
