,RMSE,MAE,MAPE,PI Width,CI Coverage,PI Overlap
mean,456.5144281152476,394.7322211371528,6.361229016538386,0.0,0.0,0.0
median,460.29676883797924,392.635498046875,6.308513826290415,0.0,0.0,0.0
std,130.11771219742667,120.27623770167567,1.8932390199016171,0.0,0.0,0.0
