,RMSE,MAE,MAPE,PI Width,CI Coverage,PI Overlap
mean,265.75545642111007,210.39449494190708,3.7910652523279045,0.0,0.0,0.0
median,265.00277744631796,210.77750651041669,3.7358532635276744,0.0,0.0,0.0
std,18.573901983286284,14.692634620363853,0.29025108359603063,0.0,0.0,0.0
