,RMSE,MAE,MAPE,PI Width,CI Coverage,PI Overlap
mean,326.6877475058891,275.9745686848958,4.504767731540249,0.0,0.0,0.0
median,305.0843763056089,253.91023763020831,4.140636852077974,0.0,0.0,0.0
std,105.66877050868796,96.84699521599262,1.5204253433260473,0.0,0.0,0.0
