,RMSE,MAE,MAPE,PI Width,CI Coverage,PI Overlap
mean,343.85770148196923,294.33932834201386,4.777436840999664,0.0,0.0,0.0
median,345.0836844694936,295.6634521484375,4.7993434723823665,0.0,0.0,0.0
std,5.421097157697369,5.265167969379667,0.08076582150566958,0.0,0.0,0.0
