,RMSE,MAE,MAPE,PI Width,CI Coverage,PI Overlap
mean,528.5621560729749,464.7167561848958,7.461639168233485,0.0,0.0,0.0
median,527.8962737007048,464.21919759114587,7.453642625048605,0.0,0.0,0.0
std,18.8975881086705,19.846618370964265,0.3189661335785526,0.0,0.0,0.0
