,RMSE,MAE,MAPE,PI Width,CI Coverage,PI Overlap
mean,495.44769237196186,430.325703938802,6.9225023921920625,0.0,0.0,0.0
median,492.07542023378795,424.58673095703125,6.8211395395149585,0.0,0.0,0.0
std,72.55100008795245,70.09080429234777,1.0958205126811136,0.0,0.0,0.0
