,RMSE,MAE,MAPE,PI Width,CI Coverage,PI Overlap
mean,326.46958423331,276.2145711263021,4.480160437073917,0.0,0.0,0.0
median,262.7990581577416,217.76702880859375,3.562902698100018,0.0,0.0,0.0
std,88.38414042294427,80.83293870845365,1.2679965988242237,0.0,0.0,0.0
