,RMSE,MAE,MAPE,PI Width,CI Coverage,PI Overlap
mean,332.0340757101304,285.9938978407118,4.6224387612661015,0.0,0.0,0.0
median,320.6190712561822,277.23026529947913,4.483832152910603,0.0,0.0,0.0
std,56.175135182169036,51.17716420372014,0.8068162170884959,0.0,0.0,0.0
