,RMSE,MAE,MAPE,PI Width,CI Coverage,PI Overlap
mean,1345.559831882451,1220.8903062608508,19.70963683242102,0.0,0.0,0.0
median,1268.6789198976808,1165.1296183268228,18.897263620251373,0.0,0.0,0.0
std,611.9228166685789,576.9254564336281,9.31464233709531,0.0,0.0,0.0
