,RMSE,MAE,MAPE,PI Width,CI Coverage,PI Overlap
mean,2899.5495652392838,2787.001182047526,31.122169471618676,0.0,0.0,0.0
std,128.1676559606121,133.27132992016152,1.5321030067867167,0.0,0.0,0.0
