,RMSE,MAE,MAPE,PI Width,CI Coverage,PI Overlap
mean,3082.4817504906086,2972.112594265408,33.229531256400065,0.0,0.0,0.0
std,168.76645983418615,172.85032163684392,1.9782234263235152,0.0,0.0,0.0
