,RMSE,MAE,MAPE,PI Width,CI Coverage,PI Overlap
mean,12238.800018741305,6987.925670427746,110.4467442716074,0.0,0.0,0.0
median,2120.116975296243,1756.799763997396,28.571314382362576,0.0,0.0,0.0
std,44698.1062733601,21399.923904791704,333.32142881430195,0.0,0.0,0.0
