True,Pred
5750,4542.242
5399,3030.8115
6123,5717.9556
5730,4010.5693
6015,857.1382
5989,6698.7007
6333,3989.1165
6388,636.13995
6048,10309.815
6322,7252.2456
6405,-500.48087
6523,16408.158
