,RMSE,MAE,MAPE,PI Width,CI Coverage,PI Overlap
mean,435.9141520533969,377.26326497395837,6.106315984574929,0.0,0.0,0.0
median,405.4643411517095,348.6595458984375,5.612964332997298,0.0,0.0,0.0
std,192.63206906180736,175.86085809167497,2.7726932623032186,0.0,0.0,0.0
