,RMSE,MAE,MAPE,PI Width,CI Coverage,PI Overlap
mean,282.48597589116196,228.17736979166665,4.189100863727151,0.0,0.0,0.0
median,279.4091529777646,223.88525933159724,4.048137638285049,0.0,0.0,0.0
std,21.710088420030747,20.639425140783555,0.41868015863250313,0.0,0.0,0.0
