,RMSE,MAE,MAPE,PI Width,CI Coverage,PI Overlap
mean,482.20979478044615,420.83122016059025,6.780522266833198,0.0,0.0,0.0
median,445.9492843895786,384.8149617513021,6.184707124567163,0.0,0.0,0.0
std,187.84565590018957,171.46831749427648,2.720144672577549,0.0,0.0,0.0
