,RMSE,MAE,MAPE,PI Width,CI Coverage,PI Overlap
mean,302.56051533468775,251.02750108506945,4.15480649126508,0.0,0.0,0.0
median,241.1572237719721,195.35469563802081,3.304139291773585,0.0,0.0,0.0
std,104.59524868034049,97.82877407549405,1.5001825187092697,0.0,0.0,0.0
