,RMSE,MAE,MAPE,PI Width,CI Coverage,PI Overlap
mean,476.94720567933905,414.30196261935777,6.672572707229886,0.0,0.0,0.0
median,498.681179867256,432.84576416015625,6.949893749981295,0.0,0.0,0.0
std,116.7996074190863,109.73596375293442,1.731393323707928,0.0,0.0,0.0
