,RMSE,MAE,MAPE,PI Width,CI Coverage,PI Overlap
mean,258.85517193591824,212.4280834056713,3.9056222247369075,0.0,0.0,0.0
median,254.83850698610695,208.27005208333333,3.822462161671089,0.0,0.0,0.0
std,15.332384724370346,13.219556297355973,0.2700744314905449,0.0,0.0,0.0
