,RMSE,MAE,MAPE,PI Width,CI Coverage,PI Overlap
mean,333.4452975078933,286.14887017144093,4.7064251615511985,0.0,0.0,0.0
std,172.02885119459623,156.36201270127214,2.443988494484049,0.0,0.0,0.0
