,RMSE,MAE,MAPE,PI Width,CI Coverage,PI Overlap
mean,462.4411577364527,401.26286621093743,6.446513396142289,0.0,0.0,0.0
median,450.07021675039493,388.9025675455729,6.248111828766792,0.0,0.0,0.0
std,39.077723692440266,36.84754962034436,0.5891189166739108,0.0,0.0,0.0
