,RMSE,MAE,MAPE,PI Width,CI Coverage,PI Overlap
mean,499.4192384635315,437.9028618706598,7.0318021943288,0.0,0.0,0.0
median,502.7426982878046,440.8968505859375,7.079660329007341,0.0,0.0,0.0
std,8.360702326829381,7.841806535282155,0.12545327587548166,0.0,0.0,0.0
