,RMSE,MAE,MAPE,PI Width,CI Coverage,PI Overlap
mean,3260.1364474534653,2803.3932533264165,45.187228077797805,0.0,0.0,0.0
std,4132.860232987086,3047.2960401489745,48.48602335468627,0.0,0.0,0.0
