True,Pred
5750,5491.861
5399,4823.544
6123,4069.6301
5730,3707.11
6015,2815.7495
5989,1408.5205
6333,-140.94577
6388,-632.3455
6048,-515.727
6322,-166.14761
6405,-1813.1112
6523,-2665.4717
