,RMSE,MAE,MAPE,PI Width,CI Coverage,PI Overlap
mean,3061.751808116481,2955.280773586697,33.055782510108955,0.0,0.0,0.0
std,58.725202940095656,60.88959084911784,0.7003965198762327,0.0,0.0,0.0
