,RMSE,MAE,MAPE,PI Width,CI Coverage,PI Overlap
mean,341.6106479491967,292.1546346028645,4.747821130289396,0.0,0.0,0.0
median,346.8707938329927,297.72206624348956,4.83453338876269,0.0,0.0,0.0
std,13.15511576471621,13.513880409795258,0.2100190490671316,0.0,0.0,0.0
