,RMSE,MAE,MAPE,PI Width,CI Coverage,PI Overlap
mean,351.2952736079629,297.1638278537327,4.883913657674703,0.0,0.0,0.0
median,296.5838505408153,234.1978963216146,3.9053863055466485,0.0,0.0,0.0
std,125.10172063027808,119.47361536885275,1.868070897608095,0.0,0.0,0.0
