,RMSE,MAE,MAPE,PI Width,CI Coverage,PI Overlap
mean,711.1653705273201,625.9220865885418,10.039328245759823,0.0,0.0,0.0
median,698.9386797324247,620.9134114583334,9.952536746016374,0.0,0.0,0.0
std,213.73002746741165,192.34136771995657,3.071056368454081,0.0,0.0,0.0
