,RMSE,MAE,MAPE,PI Width,CI Coverage,PI Overlap
mean,667.1235577668918,591.2079142252604,9.488992038521172,0.0,0.0,0.0
median,628.8105849163785,557.9650268554688,8.954082357562843,0.0,0.0,0.0
std,174.01224641755263,160.08176208113147,2.5637201002225334,0.0,0.0,0.0
