,RMSE,MAE,MAPE,PI Width,CI Coverage,PI Overlap
mean,311.51879719124463,267.2027560763889,4.362740755037866,0.0,0.0,0.0
median,251.21623539038396,211.90669759114581,3.5005557395170195,0.0,0.0,0.0
std,115.28254777006262,103.10638690868777,1.6107227260885009,0.0,0.0,0.0
