,RMSE,MAE,MAPE,PI Width,CI Coverage,PI Overlap
mean,296.11316752479706,237.98521140769674,4.118976036463519,0.0,0.0,0.0
median,289.5963246552874,231.0294392903646,4.05075126093119,0.0,0.0,0.0
std,28.489058831715916,24.18879714688008,0.4172963919639818,0.0,0.0,0.0
