,RMSE,MAE,MAPE,PI Width,CI Coverage,PI Overlap
mean,436.0301122397162,376.6476901584201,6.092058414670379,0.0,0.0,0.0
median,430.155012901983,373.1633707682292,6.016479637156236,0.0,0.0,0.0
std,97.27472918054116,90.76833742705377,1.4101813399384224,0.0,0.0,0.0
