,RMSE,MAE,MAPE,PI Width,CI Coverage,PI Overlap
mean,473.7501957106927,411.61538085937497,6.644158313566735,0.0,0.0,0.0
median,501.0725676661722,435.739990234375,7.005225775692718,0.0,0.0,0.0
std,123.58217948692337,114.50638772117009,1.7881941874882588,0.0,0.0,0.0
