,RMSE,MAE,MAPE,PI Width,CI Coverage,PI Overlap
mean,343.27240522221814,299.7553507486979,4.868488674623733,0.0,0.0,0.0
median,337.03184456020387,294.47245279947913,4.785931586795666,0.0,0.0,0.0
std,24.536509037014323,21.195572839902137,0.3304016267346968,0.0,0.0,0.0
