,RMSE,MAE,MAPE,PI Width,CI Coverage,PI Overlap
mean,1968.4387831513004,1738.2604868570966,28.00727038361864,0.0,0.0,0.0
median,1293.7890114227253,1145.7002766927085,18.388160992061515,0.0,0.0,0.0
std,2226.2128832000317,1900.7588406674847,30.514219337954188,0.0,0.0,0.0
