,RMSE,MAE,MAPE,PI Width,CI Coverage,PI Overlap
mean,2894.079775141171,2772.247516886392,30.91377484155083,0.0,0.0,0.0
std,25.276776948999295,25.987648446945588,0.29716870699316517,0.0,0.0,0.0
