,RMSE,MAE,MAPE,PI Width,CI Coverage,PI Overlap
mean,273.41704644248006,209.5130996436403,3.7603667161533747,0.0,0.0,0.0
median,274.0757113677139,209.14332982113484,3.753092988756796,0.0,0.0,0.0
std,3.975030165268908,1.6269592232561856,0.028021946802871067,0.0,0.0,0.0
