,RMSE,MAE,MAPE,PI Width,CI Coverage,PI Overlap
mean,409.4974650522998,351.43789605034726,5.687161506790755,0.0,0.0,0.0
median,406.44967576811973,349.13444010416663,5.734397722906722,0.0,0.0,0.0
std,103.03495683852422,95.55988609651747,1.502639585185525,0.0,0.0,0.0
