,RMSE,MAE,MAPE,PI Width,CI Coverage,PI Overlap
mean,262.3488453922177,212.80061565896742,3.9792653172470107,0.0,0.0,0.0
median,258.05756304978854,209.47659434442934,3.8954508002391526,0.0,0.0,0.0
std,20.63281522620463,19.074218363645503,0.38148625486994925,0.0,0.0,0.0
