,RMSE,MAE,MAPE,PI Width,CI Coverage,PI Overlap
mean,619.3150728946828,542.194837782118,8.7376908233623,0.0,0.0,0.0
median,656.3031806471374,577.7041625976562,9.27263716765753,0.0,0.0,0.0
std,177.94792740911004,164.8892152010748,2.583435894122542,0.0,0.0,0.0
