,RMSE,MAE,MAPE,PI Width,CI Coverage,PI Overlap
mean,378.3575821374043,327.33542751736115,5.292057557048282,0.0,0.0,0.0
median,351.9450864059688,302.8203125,4.895716135749581,0.0,0.0,0.0
std,60.74796594521771,55.85780248997168,0.9003107827177328,0.0,0.0,0.0
