,RMSE,MAE,MAPE,PI Width,CI Coverage,PI Overlap
mean,592.9617789388096,514.1059000651042,8.30907668776551,0.0,0.0,0.0
median,528.2984281791283,462.79520670572913,7.450572708927178,0.0,0.0,0.0
std,293.9594072470801,271.4788448025752,4.298914037008278,0.0,0.0,0.0
