,RMSE,MAE,MAPE,PI Width,CI Coverage,PI Overlap
mean,270.3592117166202,214.08114996189022,3.835335646559044,0.0,0.0,0.0
std,8.978889086483074,5.55632570347287,0.12334411159828076,0.0,0.0,0.0
