,RMSE,MAE,MAPE,PI Width,CI Coverage,PI Overlap
mean,358.8387292011335,306.330413140191,4.975476611298087,0.0,0.0,0.0
std,132.08843020009905,121.48452171753777,1.9124531386731496,0.0,0.0,0.0
