True,Pred
5750,5318.6177
5399,5072.4814
6123,4717.7856
5730,4192.3564
6015,3812.0854
5989,3197.6833
6333,2664.0266
6388,2029.4812
6048,1502.9391
6322,1142.0961
6405,940.12103
6523,803.66455
