,RMSE,MAE,MAPE,PI Width,CI Coverage,PI Overlap
mean,560.1418203066348,490.0846327039931,7.872399616260398,0.0,0.0,0.0
median,548.3689501999936,477.16023763020837,7.656464275400232,0.0,0.0,0.0
std,113.2002247226265,103.93563896511398,1.6472509460304525,0.0,0.0,0.0
