,RMSE,MAE,MAPE,PI Width,CI Coverage,PI Overlap
mean,334.8014363438012,288.7027791341146,4.6943469873883,0.0,0.0,0.0
median,332.73426671769994,286.52260335286456,4.663686609815021,0.0,0.0,0.0
std,6.688022147378394,6.598672398144721,0.10363893366516075,0.0,0.0,0.0
