,RMSE,MAE,MAPE,PI Width,CI Coverage,PI Overlap
mean,327.71626730093794,281.19615885416664,4.542511505975108,0.0,0.0,0.0
median,291.1870321484354,249.73431396484375,4.043278736681069,0.0,0.0,0.0
std,88.2643890745273,80.7412076945727,1.2788122891249916,0.0,0.0,0.0
