,RMSE,MAE,MAPE,PI Width,CI Coverage,PI Overlap
mean,587.4227607301959,524.8619927300347,8.428266993457209,0.0,0.0,0.0
median,587.6388649475709,525.0773518880208,8.431728151255964,0.0,0.0,0.0
std,1.3160642140176886,1.309332849908539,0.02104302248859223,0.0,0.0,0.0
