,RMSE,MAE,MAPE,PI Width,CI Coverage,PI Overlap
mean,587.349393741242,524.7893608940973,8.42709968649082,0.0,0.0,0.0
median,587.3100868887634,524.7506103515625,8.426476904790917,0.0,0.0,0.0
std,0.9579831132097061,0.9521099228318859,0.015301892501332194,0.0,0.0,0.0
