,RMSE,MAE,MAPE,PI Width,CI Coverage,PI Overlap
mean,430.87713835265487,372.7289103190104,6.024061797282496,0.0,0.0,0.0
median,418.19452068170995,364.0850830078125,5.878190327435085,0.0,0.0,0.0
std,77.19181497759092,73.22027208887391,1.1367198212904417,0.0,0.0,0.0
