,RMSE,MAE,MAPE,PI Width,CI Coverage,PI Overlap
mean,371.59295399864465,318.5469618055556,5.147921664993237,0.0,0.0,0.0
median,386.6589133396774,334.46258544921875,5.39904003488323,0.0,0.0,0.0
std,46.08333736397714,41.710106075266054,0.6521634476587095,0.0,0.0,0.0
