,RMSE,MAE,MAPE,PI Width,CI Coverage,PI Overlap
mean,665.6879452568439,585.140135362413,9.397206760029153,0.0,0.0,0.0
median,658.9127757740143,582.850850423177,9.352039096940631,0.0,0.0,0.0
std,178.76603743016267,160.27287414658093,2.562828219291896,0.0,0.0,0.0
