,RMSE,MAE,MAPE,PI Width,CI Coverage,PI Overlap
mean,315.45459960897995,268.78361409505203,4.358388566265922,0.0,0.0,0.0
median,258.573532320763,215.62841796875,3.5159277590138918,0.0,0.0,0.0
std,110.54743950193405,101.72827382636032,1.6094251256533307,0.0,0.0,0.0
