,RMSE,MAE,MAPE,PI Width,CI Coverage,PI Overlap
mean,343.83668222681285,294.0409044053819,4.759562217019008,0.0,0.0,0.0
median,343.8725343588928,294.16229248046875,4.761301646173366,0.0,0.0,0.0
std,0.44365192000021236,0.4941216445548194,0.009126121417519303,0.0,0.0,0.0
