,RMSE,MAE,MAPE,PI Width,CI Coverage,PI Overlap
mean,294.5117788850834,233.87049115794574,4.228070434629169,0.0,0.0,0.0
std,22.09510247472119,15.603691980253119,0.22217302263237795,0.0,0.0,0.0
