,RMSE,MAE,MAPE,PI Width,CI Coverage,PI Overlap
mean,391.3437130644999,336.4133110894098,5.436211451936087,0.0,0.0,0.0
median,294.5700766260013,248.28446451822919,4.046443302615668,0.0,0.0,0.0
std,134.13917374072588,124.11996961068802,1.9656481910810004,0.0,0.0,0.0
