,RMSE,MAE,MAPE,PI Width,CI Coverage,PI Overlap
mean,2759.434060875088,2631.738905843099,29.300725926871568,0.0,0.0,0.0
std,38.45511103195375,38.698844603629425,0.4389282177676197,0.0,0.0,0.0
