,RMSE,MAE,MAPE,PI Width,CI Coverage,PI Overlap
mean,274.3894639710195,216.66301476970997,3.823895493016132,0.0,0.0,0.0
std,2.2399087977089347,0.6057063014884296,0.012571542793695597,0.0,0.0,0.0
