,RMSE,MAE,MAPE,PI Width,CI Coverage,PI Overlap
mean,439.00268681672327,378.7263142903646,6.08795560762304,0.0,0.0,0.0
std,6.868536520343396,5.9499385371175855,0.09385870873641672,0.0,0.0,0.0
