,RMSE,MAE,MAPE,PI Width,CI Coverage,PI Overlap
mean,3076.785941604519,2971.119510565863,33.23923134345791,0.0,0.0,0.0
std,67.1771462196281,69.62574420870816,0.8008370440547877,0.0,0.0,0.0
