,RMSE,MAE,MAPE,PI Width,CI Coverage,PI Overlap
mean,646.5248986164368,562.8433742947049,9.026208642814852,0.0,0.0,0.0
median,650.1173803940611,566.3463948567708,9.082232854302141,0.0,0.0,0.0
std,19.511897030506518,17.480386639492213,0.27936304197035544,0.0,0.0,0.0
