,RMSE,MAE,MAPE,PI Width,CI Coverage,PI Overlap
mean,655.2661814961524,570.6027411566841,9.150170401781017,0.0,0.0,0.0
median,658.058908207948,573.7709554036459,9.201386866104574,0.0,0.0,0.0
std,26.25023026600017,23.33267422308893,0.37273651127152624,0.0,0.0,0.0
