,RMSE,MAE,MAPE,PI Width,CI Coverage,PI Overlap
mean,2694.7905969642165,2420.5782350328236,39.01332523719131,0.0,0.0,0.0
median,3097.682036988207,2769.3173777262373,44.624274939226,0.0,0.0,0.0
std,1322.761127312016,1197.1231304265973,19.30509239275657,0.0,0.0,0.0
