,RMSE,MAE,MAPE,PI Width,CI Coverage,PI Overlap
mean,2555.6309019974437,2422.2791466606986,26.91919079056174,0.0,0.0,0.0
std,398.8723470073129,399.163343681114,4.507523659854455,0.0,0.0,0.0
