,RMSE,MAE,MAPE,PI Width,CI Coverage,PI Overlap
mean,570.1096383234028,507.5394015842014,8.149865916857072,0.0,0.0,0.0
median,568.2993061289494,505.7198486328125,8.120622860992448,0.0,0.0,0.0
std,3.544707199618116,3.563827186088632,0.05727626525795834,0.0,0.0,0.0
