,RMSE,MAE,MAPE,PI Width,CI Coverage,PI Overlap
mean,574.0846934434667,511.10936143663196,8.215594391746235,0.0,0.0,0.0
median,574.6122721352265,511.14813232421875,8.20764715350655,0.0,0.0,0.0
std,108.09256825679437,104.60088827584208,1.6743355726559346,0.0,0.0,0.0
