,RMSE,MAE,MAPE,PI Width,CI Coverage,PI Overlap
mean,6055.901999691316,6047.301450889641,99.36960976666383,0.0,0.0,0.0
median,6055.72419067723,6047.1677322387695,99.36814256564064,0.0,0.0,0.0
std,17.78349351777532,17.742721680174604,0.2913052327558017,0.0,0.0,0.0
