True,Pred
5750,48.658527
5399,31.580982
6123,27.786373
5730,26.48989
6015,25.986536
5989,25.78165
6333,25.69666
6388,25.66113
6048,25.64623
6322,25.639969
6405,25.637339
6523,25.636232
