True,Pred
5750,46.7951
5399,36.64577
6123,33.760334
5730,32.68932
6015,32.254932
5989,32.07254
6333,31.99485
6388,31.961552
6048,31.947243
6322,31.941088
6405,31.93844
6523,31.937304
