True,Pred
5750,54.258453
5399,42.916225
6123,39.94942
5730,38.990402
6015,38.659286
5989,38.542355
6333,38.50073
6388,38.485878
6048,38.48057
6322,38.47867
6405,38.477997
6523,38.477753
