True,Pred
5750,24.54842
5399,10.724272
6123,5.08977
5730,2.6622498
6015,1.8224657
5989,1.5829527
6333,1.5199838
6388,1.5038285
6048,1.499711
6322,1.4986634
6405,1.4983969
6523,1.4983292
