True,Pred
4323,18.526838
4825,18.526838
4462,18.526838
4642,18.526838
4369,18.526838
4672,18.526838
4661,18.526838
4655,18.526838
4716,18.526838
4377,18.526838
4484,18.526838
4911,18.526838
5218,18.526838
5759,18.526838
5456,18.526838
5359,18.526838
5305,18.526838
5769,18.526838
5565,18.526838
5367,18.526838
5633,18.526838
5664,18.526838
6082,18.526838
6505,18.526838
5813,18.526838
6379,18.526838
6091,18.526838
6219,18.526838
6052,18.526838
6105,18.526838
6030,18.526838
5969,18.526838
5707,18.526838
5681,18.526838
6052,18.526838
5904,18.526838
5426,18.526838
6005,18.526838
5766,18.526838
5946,18.526838
5981,18.526838
6104,18.526838
5991,18.526838
5670,18.526838
5709,18.526838
5416,18.526838
5793,18.526838
