True,Pred
4323,65.26723
4825,65.26723
4462,65.26723
4642,65.26723
4369,65.26723
4672,65.26723
4661,65.26723
4655,65.26723
4716,65.26723
4377,65.26723
4484,65.26723
4911,65.26723
5218,65.26723
5759,65.26723
5456,65.26723
5359,65.26723
5305,65.26723
5769,65.26723
5565,65.26723
5367,65.26723
5633,65.26723
5664,65.26723
6082,65.26723
6505,65.26723
5813,65.26723
6379,65.26723
6091,65.26723
6219,65.26723
6052,65.26723
6105,65.26723
6030,65.26723
5969,65.26723
5707,65.26723
5681,65.26723
6052,65.26723
5904,65.26723
5426,65.26723
6005,65.26723
5766,65.26723
5946,65.26723
5981,65.26723
6104,65.26723
5991,65.26723
5670,65.26723
5709,65.26723
5416,65.26723
5793,65.26723
