True,Pred
4323,33.495186
4825,33.495186
4462,33.495186
4642,33.495186
4369,33.495186
4672,33.495186
4661,33.495186
4655,33.495186
4716,33.495186
4377,33.495186
4484,33.495186
4911,33.495186
5218,33.495186
5759,33.495186
5456,33.495186
5359,33.495186
5305,33.495186
5769,33.495186
5565,33.495186
5367,33.495186
5633,33.495186
5664,33.495186
6082,33.495186
6505,33.495186
5813,33.495186
6379,33.495186
6091,33.495186
6219,33.495186
6052,33.495186
6105,33.495186
6030,33.495186
5969,33.495186
5707,33.495186
5681,33.495186
6052,33.495186
5904,33.495186
5426,33.495186
6005,33.495186
5766,33.495186
5946,33.495186
5981,33.495186
6104,33.495186
5991,33.495186
5670,33.495186
5709,33.495186
5416,33.495186
5793,33.495186
