True,Pred
5750,52.385254
5399,47.10856
6123,46.146835
5730,45.94417
6015,45.900246
5989,45.890667
6333,45.888573
6388,45.888115
6048,45.888016
6322,45.887997
6405,45.887993
6523,45.887993
