True,Pred
5750,67.83327
5399,58.154922
6123,56.43453
5730,56.078182
6015,56.00212
5989,55.98578
6333,55.98227
6388,55.981518
6048,55.98135
6322,55.981316
6405,55.981308
6523,55.981304
