True,Pred
5750,35.142082
5399,20.883406
6123,16.167791
5730,13.829014
6015,12.465031
5989,11.60005
6333,11.023787
6388,10.62767
6048,10.349691
6322,10.151826
6405,10.009592
6523,9.906631
