True,Pred
5750,42.42794
5399,25.982252
6123,19.832361
5730,16.18468
6015,13.558282
5989,11.477528
6333,9.7526865
6388,8.304433
6048,7.1017776
6322,6.130407
6405,5.3749256
6523,4.8118577
