True,Pred
4323,55.361088
4825,55.361088
4462,55.361088
4642,55.361088
4369,55.361088
4672,55.361088
4661,55.361088
4655,55.361088
4716,55.361088
4377,55.361088
4484,55.361088
4911,55.361088
5218,55.361088
5759,55.361088
5456,55.361088
5359,55.361088
5305,55.361088
5769,55.361088
5565,55.361088
5367,55.361088
5633,55.361088
5664,55.361088
6082,55.361088
6505,55.361088
5813,55.361088
6379,55.361088
6091,55.361088
6219,55.361088
6052,55.361088
6105,55.361088
6030,55.361088
5969,55.361088
5707,55.361088
5681,55.361088
6052,55.361088
5904,55.361088
5426,55.361088
6005,55.361088
5766,55.361088
5946,55.361088
5981,55.361088
6104,55.361088
5991,55.361088
5670,55.361088
5709,55.361088
5416,55.361088
5793,55.361088
