True,Pred
5750,65.986
5399,52.719894
6123,49.468052
5730,48.453342
6015,48.11411
5989,47.998116
6333,47.958145
6388,47.944344
6048,47.939564
6322,47.937912
6405,47.93734
6523,47.937145
