True,Pred
5750,26.575787
5399,17.866879
6123,14.720624
5730,13.030469
6015,11.942559
5989,11.165214
6333,10.570735
6388,10.093652
6048,9.696806
6322,9.357426
6405,9.06072
6523,8.79663
