True,Pred
5750,37.357258
5399,25.008234
6123,20.518637
5730,18.047575
6015,16.41315
5989,15.210334
6333,14.259944
6388,13.469495
6048,12.785875
6322,12.176079
6405,11.618281
6523,11.097316
