True,Pred
5750,29.697111
5399,23.888975
6123,21.998716
5730,21.19739
6015,20.822874
5989,20.640144
6333,20.54912
6388,20.503313
6048,20.480145
6322,20.468397
6405,20.462431
6523,20.459398
