True,Pred
4323,84.24129
4825,84.24129
4462,84.24129
4642,84.24129
4369,84.24129
4672,84.24129
4661,84.24129
4655,84.24129
4716,84.24129
4377,84.24129
4484,84.24129
4911,84.24129
5218,84.24129
5759,84.24129
5456,84.24129
5359,84.24129
5305,84.24129
5769,84.24129
5565,84.24129
5367,84.24129
5633,84.24129
5664,84.24129
6082,84.24129
6505,84.24129
5813,84.24129
6379,84.24129
6091,84.24129
6219,84.24129
6052,84.24129
6105,84.24129
6030,84.24129
5969,84.24129
5707,84.24129
5681,84.24129
6052,84.24129
5904,84.24129
5426,84.24129
6005,84.24129
5766,84.24129
5946,84.24129
5981,84.24129
6104,84.24129
5991,84.24129
5670,84.24129
5709,84.24129
5416,84.24129
5793,84.24129
