True,Pred
4323,57.895664
4825,57.895664
4462,57.895664
4642,57.895664
4369,57.895664
4672,57.895664
4661,57.895664
4655,57.895664
4716,57.895664
4377,57.895664
4484,57.895664
4911,57.895664
5218,57.895664
5759,57.895664
5456,57.895664
5359,57.895664
5305,57.895664
5769,57.895664
5565,57.895664
5367,57.895664
5633,57.895664
5664,57.895664
6082,57.895664
6505,57.895664
5813,57.895664
6379,57.895664
6091,57.895664
6219,57.895664
6052,57.895664
6105,57.895664
6030,57.895664
5969,57.895664
5707,57.895664
5681,57.895664
6052,57.895664
5904,57.895664
5426,57.895664
6005,57.895664
5766,57.895664
5946,57.895664
5981,57.895664
6104,57.895664
5991,57.895664
5670,57.895664
5709,57.895664
5416,57.895664
5793,57.895664
