True,Pred
4323,29.697111
4825,29.697111
4462,29.697111
4642,29.697111
4369,29.697111
4672,29.697111
4661,29.697111
4655,29.697111
4716,29.697111
4377,29.697111
4484,29.697111
4911,29.697111
5218,29.697111
5759,29.697111
5456,29.697111
5359,29.697111
5305,29.697111
5769,29.697111
5565,29.697111
5367,29.697111
5633,29.697111
5664,29.697111
6082,29.697111
6505,29.697111
5813,29.697111
6379,29.697111
6091,29.697111
6219,29.697111
6052,29.697111
6105,29.697111
6030,29.697111
5969,29.697111
5707,29.697111
5681,29.697111
6052,29.697111
5904,29.697111
5426,29.697111
6005,29.697111
5766,29.697111
5946,29.697111
5981,29.697111
6104,29.697111
5991,29.697111
5670,29.697111
5709,29.697111
5416,29.697111
5793,29.697111
