True,Pred
5750,51.136192
5399,41.832085
6123,39.41941
5730,38.64763
6015,38.385117
5989,38.294006
6333,38.262154
6388,38.25099
6048,38.24708
6322,38.2457
6405,38.245216
6523,38.245052
