True,Pred
4323,45.396706
4825,45.396706
4462,45.396706
4642,45.396706
4369,45.396706
4672,45.396706
4661,45.396706
4655,45.396706
4716,45.396706
4377,45.396706
4484,45.396706
4911,45.396706
5218,45.396706
5759,45.396706
5456,45.396706
5359,45.396706
5305,45.396706
5769,45.396706
5565,45.396706
5367,45.396706
5633,45.396706
5664,45.396706
6082,45.396706
6505,45.396706
5813,45.396706
6379,45.396706
6091,45.396706
6219,45.396706
6052,45.396706
6105,45.396706
6030,45.396706
5969,45.396706
5707,45.396706
5681,45.396706
6052,45.396706
5904,45.396706
5426,45.396706
6005,45.396706
5766,45.396706
5946,45.396706
5981,45.396706
6104,45.396706
5991,45.396706
5670,45.396706
5709,45.396706
5416,45.396706
5793,45.396706
