True,Pred
5750,67.3705
5399,60.907764
6123,60.125507
5730,60.01967
6015,60.00513
5989,60.00313
6333,60.002853
6388,60.002823
6048,60.002815
6322,60.00281
6405,60.00281
6523,60.00281
