True,Pred
5750,57.57588
5399,48.427494
6123,46.480766
5730,45.97803
6015,45.84214
5989,45.804962
6333,45.794754
6388,45.791946
6048,45.791176
6322,45.790966
6405,45.79091
6523,45.790894
