True,Pred
5750,57.871067
5399,47.455338
6123,44.788265
5730,43.955902
6015,43.68091
5989,43.58836
6333,43.557022
6388,43.546394
6048,43.54278
6322,43.541557
6405,43.541138
6523,43.541
