True,Pred
5750,65.89595
5399,49.118343
6123,44.435085
5730,42.764587
6015,42.118214
5989,41.860264
6333,41.75605
6388,41.713745
6048,41.696533
6322,41.689526
6405,41.68667
6523,41.68551
