True,Pred
5750,38.93578
5399,31.477055
6123,29.291075
5730,28.46361
6015,28.122437
5989,27.97695
6333,27.91403
6388,27.886652
6048,27.874704
6322,27.869488
6405,27.867207
6523,27.866207
