True,Pred
5750,32.58822
5399,22.370766
6123,19.397655
5730,18.001226
6015,17.22178
5989,16.747648
6333,16.444689
6388,16.245153
6048,16.111153
6322,16.019995
6405,15.957444
6523,15.914269
