True,Pred
5750,65.607056
5399,52.057842
6123,48.9268
5730,47.991272
6015,47.691433
5989,47.593193
6333,47.56078
6388,47.550056
6048,47.54651
6322,47.545338
6405,47.54495
6523,47.54482
