True,Pred
4323,35.142082
4825,35.142082
4462,35.142082
4642,35.142082
4369,35.142082
4672,35.142082
4661,35.142082
4655,35.142082
4716,35.142082
4377,35.142082
4484,35.142082
4911,35.142082
5218,35.142082
5759,35.142082
5456,35.142082
5359,35.142082
5305,35.142082
5769,35.142082
5565,35.142082
5367,35.142082
5633,35.142082
5664,35.142082
6082,35.142082
6505,35.142082
5813,35.142082
6379,35.142082
6091,35.142082
6219,35.142082
6052,35.142082
6105,35.142082
6030,35.142082
5969,35.142082
5707,35.142082
5681,35.142082
6052,35.142082
5904,35.142082
5426,35.142082
6005,35.142082
5766,35.142082
5946,35.142082
5981,35.142082
6104,35.142082
5991,35.142082
5670,35.142082
5709,35.142082
5416,35.142082
5793,35.142082
