True,Pred
5750,38.466633
5399,27.253174
6123,23.189291
5730,20.907436
6015,19.375599
5989,18.239372
6333,17.340765
6388,16.597435
6048,15.961706
6322,15.403826
6405,14.904142
6523,14.4491005
