True,Pred
5750,51.225964
5399,44.577183
6123,43.504833
5730,43.299187
6015,43.258507
5989,43.25041
6333,43.248795
6388,43.24847
6048,43.24841
6322,43.248394
6405,43.24839
6523,43.24839
