True,Pred
5750,84.24129
5399,76.28575
6123,75.440315
5730,75.34148
6015,75.3298
5989,75.32842
6333,75.328255
6388,75.32825
6048,75.32825
6322,75.32825
6405,75.32825
6523,75.32825
