True,Pred
5750,55.361088
5399,46.090153
6123,44.232155
5730,43.784477
6015,43.67194
5989,43.64335
6333,43.63607
6388,43.63421
6048,43.63374
6322,43.63362
6405,43.633587
6523,43.63358
