True,Pred
5750,22.283524
5399,16.031496
6123,13.331455
5730,11.751808
6015,10.681587
5989,9.888698
6333,9.264545
6388,8.751043
6048,8.314397
6322,7.933508
6405,7.5945215
6523,7.287989
