True,Pred
5750,21.979282
5399,12.81126
6123,9.752962
5730,8.160701
6015,7.157762
5989,6.460218
6333,5.946907
6388,5.5564547
6048,5.253631
6322,5.0161495
6405,4.8287916
6523,4.68055
