True,Pred
5750,56.019802
5399,36.753105
6123,31.67744
5730,29.701475
6015,28.80606
5989,28.371937
6333,28.15453
6388,28.043888
6048,27.987118
6322,27.95787
6405,27.942766
6523,27.934958
