True,Pred
5750,47.44167
5399,39.11587
6123,37.465557
5730,37.06803
6015,36.96783
5989,36.942284
6333,36.935753
6388,36.93408
6048,36.93365
6322,36.933544
6405,36.93351
6523,36.933506
