True,Pred
4323,21.979282
4825,21.979282
4462,21.979282
4642,21.979282
4369,21.979282
4672,21.979282
4661,21.979282
4655,21.979282
4716,21.979282
4377,21.979282
4484,21.979282
4911,21.979282
5218,21.979282
5759,21.979282
5456,21.979282
5359,21.979282
5305,21.979282
5769,21.979282
5565,21.979282
5367,21.979282
5633,21.979282
5664,21.979282
6082,21.979282
6505,21.979282
5813,21.979282
6379,21.979282
6091,21.979282
6219,21.979282
6052,21.979282
6105,21.979282
6030,21.979282
5969,21.979282
5707,21.979282
5681,21.979282
6052,21.979282
5904,21.979282
5426,21.979282
6005,21.979282
5766,21.979282
5946,21.979282
5981,21.979282
6104,21.979282
5991,21.979282
5670,21.979282
5709,21.979282
5416,21.979282
5793,21.979282
