True,Pred
5750,38.796
5399,25.087563
6123,19.185368
5730,15.494194
6015,12.731944
5989,10.4599495
6333,8.516398
6388,6.865292
6048,5.5279117
6322,4.527218
6405,3.8445694
6523,3.4169033
