True,Pred
5750,32.702972
5399,24.79152
6123,22.626846
5730,21.7916
6015,21.42927
5989,21.264343
6333,21.187634
6388,21.151606
6048,21.134604
6322,21.126564
6405,21.12276
6523,21.120956
