True,Pred
4323,38.93578
4825,38.93578
4462,38.93578
4642,38.93578
4369,38.93578
4672,38.93578
4661,38.93578
4655,38.93578
4716,38.93578
4377,38.93578
4484,38.93578
4911,38.93578
5218,38.93578
5759,38.93578
5456,38.93578
5359,38.93578
5305,38.93578
5769,38.93578
5565,38.93578
5367,38.93578
5633,38.93578
5664,38.93578
6082,38.93578
6505,38.93578
5813,38.93578
6379,38.93578
6091,38.93578
6219,38.93578
6052,38.93578
6105,38.93578
6030,38.93578
5969,38.93578
5707,38.93578
5681,38.93578
6052,38.93578
5904,38.93578
5426,38.93578
6005,38.93578
5766,38.93578
5946,38.93578
5981,38.93578
6104,38.93578
5991,38.93578
5670,38.93578
5709,38.93578
5416,38.93578
5793,38.93578
