True,Pred
5750,46.115376
5399,37.293114
6123,35.395992
5730,34.862663
6015,34.70252
5989,34.653503
6333,34.638416
6388,34.633762
6048,34.632324
6322,34.63188
6405,34.631744
6523,34.631702
