True,Pred
5750,55.478718
5399,50.771423
6123,50.171524
5730,50.085793
6015,50.073345
5989,50.07153
6333,50.07126
6388,50.071224
6048,50.07122
6322,50.071224
6405,50.07122
6523,50.071224
