,RMSE,MAE,MAPE,PI Width,CI Coverage,PI Overlap
mean,265.63470831144207,207.22437280462697,3.746825522690607,0.0,0.0,0.0
median,264.4333342531331,207.59850790334303,3.7397855639333843,0.0,0.0,0.0
std,10.937886846205444,5.128661414672709,0.10420494641939308,0.0,0.0,0.0
