,RMSE,MAE,MAPE,PI Width,CI Coverage,PI Overlap
mean,330.80744548535773,259.61531734311484,4.779676699914111,0.0,0.0,0.0
std,41.22676637947959,31.501442674114365,0.5831445613890065,0.0,0.0,0.0
