,RMSE,MAE,MAPE,PI Width,CI Coverage,PI Overlap
mean,325.24162270824615,278.3401407877604,4.531299518041119,0.0,0.0,0.0
median,320.89854849175583,274.411376953125,4.466748250376185,0.0,0.0,0.0
std,94.98376037512153,86.4837437311605,1.3707392171520199,0.0,0.0,0.0
