,RMSE,MAE,MAPE,PI Width,CI Coverage,PI Overlap
mean,307.8279151477297,262.433586968316,4.279718456468845,0.0,0.0,0.0
median,320.7311491358622,274.62408447265625,4.469693990904679,0.0,0.0,0.0
std,31.374022904457565,29.98225258520237,0.46482959061657414,0.0,0.0,0.0
