,RMSE,MAE,MAPE,PI Width,CI Coverage,PI Overlap
mean,488.7577047672297,420.5862182617188,6.759168368928787,0.0,0.0,0.0
median,487.27631645036604,419.41455078125,6.740729900080572,0.0,0.0,0.0
std,8.281635959072293,6.607373642262092,0.10371539258960306,0.0,0.0,0.0
