,RMSE,MAE,MAPE,PI Width,CI Coverage,PI Overlap
mean,2534.9568288532837,2503.8145845201284,41.0451705578716,0.0,0.0,0.0
median,2481.5543284859405,2460.7674967447915,40.265931228295585,0.0,0.0,0.0
std,1429.156603266155,1449.772802954658,23.789903712206495,0.0,0.0,0.0
