,RMSE,MAE,MAPE,PI Width,CI Coverage,PI Overlap
mean,315.20526917457823,267.03717312282987,4.355634366349272,0.0,0.0,0.0
median,278.1570476281846,228.82511393229166,3.7533049798857143,0.0,0.0,0.0
std,84.2532505321665,75.2033620215498,1.1644991077551592,0.0,0.0,0.0
