,RMSE,MAE,MAPE,PI Width,CI Coverage,PI Overlap
mean,2976.438861520607,2857.741517130534,31.89597605976726,0.0,0.0,0.0
std,11.444287133288462,11.448963856471607,0.12967898874749306,0.0,0.0,0.0
