,RMSE,MAE,MAPE,PI Width,CI Coverage,PI Overlap
mean,424.5398496815775,325.78559133638214,6.079751133450697,0.0,0.0,0.0
std,47.12730925579041,29.745629675785963,0.627189136701349,0.0,0.0,0.0
