,RMSE,MAE,MAPE,PI Width,CI Coverage,PI Overlap
mean,390.510547889867,341.863176812066,5.558885137350408,0.0,0.0,0.0
median,306.7493425750249,261.4635009765625,4.250081883750319,0.0,0.0,0.0
std,199.70509292570787,197.9957275874282,3.248825437914464,0.0,0.0,0.0
