,RMSE,MAE,MAPE,PI Width,CI Coverage,PI Overlap
mean,399.3810459135245,343.7057576497395,5.5592124491834705,0.0,0.0,0.0
median,365.95393261606614,317.01043701171875,5.14018858918085,0.0,0.0,0.0
std,58.04138209265393,51.202560428356826,0.7954576989506094,0.0,0.0,0.0
