,RMSE,MAE,MAPE,PI Width,CI Coverage,PI Overlap
mean,396.9939204895129,342.1685085720485,5.5350774011366495,0.0,0.0,0.0
median,399.09685113679257,345.76548258463544,5.591762332229468,0.0,0.0,0.0
std,48.26721895173245,42.99293212624746,0.6660111005870799,0.0,0.0,0.0
