,RMSE,MAE,MAPE,PI Width,CI Coverage,PI Overlap
mean,457.3115394531855,395.94133436414927,6.406096510662276,0.0,0.0,0.0
median,452.09106347691153,391.43035888671875,6.298248762339819,0.0,0.0,0.0
std,105.06438446835917,99.89383206411979,1.5515449408967745,0.0,0.0,0.0
