,RMSE,MAE,MAPE,PI Width,CI Coverage,PI Overlap
mean,475.79003203504124,407.63266737196176,6.556732214461666,0.0,0.0,0.0
median,482.82294719534457,406.9944051106771,6.533865292715011,0.0,0.0,0.0
std,68.23126557103272,60.22579490924893,0.9418808202390387,0.0,0.0,0.0
