,RMSE,MAE,MAPE,PI Width,CI Coverage,PI Overlap
mean,1065.5942130350038,963.6979244508606,17.05335754668279,0.0,0.0,0.0
median,940.0351657960111,828.2827360733695,14.313826041515393,0.0,0.0,0.0
std,547.3653078015926,544.5564609362027,9.500468917316587,0.0,0.0,0.0
