,RMSE,MAE,MAPE,PI Width,CI Coverage,PI Overlap
mean,442.47124610706504,383.09534505208336,6.195567521347278,0.0,0.0,0.0
median,384.4549837729936,331.38114420572913,5.379154431433722,0.0,0.0,0.0
std,164.6005653188649,150.22370844970786,2.3704977338922686,0.0,0.0,0.0
