,RMSE,MAE,MAPE,PI Width,CI Coverage,PI Overlap
mean,299.52958763723694,242.20552987557872,4.370127000365176,0.0,0.0,0.0
std,55.23891092386308,48.37578395034388,0.7953391843505325,0.0,0.0,0.0
