,RMSE,MAE,MAPE,PI Width,CI Coverage,PI Overlap
mean,372.32399241572216,322.2141425238716,5.193556847839176,0.0,0.0,0.0
median,361.1112681841432,312.64760335286456,5.039968573475395,0.0,0.0,0.0
std,57.89249185368974,53.121008054024294,0.8468134756615995,0.0,0.0,0.0
