,RMSE,MAE,MAPE,PI Width,CI Coverage,PI Overlap
mean,434.2009605362891,373.8609469943577,6.012268205354935,0.0,0.0,0.0
std,13.124278501291673,11.587851103958586,0.18253978391521528,0.0,0.0,0.0
