,RMSE,MAE,MAPE,PI Width,CI Coverage,PI Overlap
mean,248.87087359169138,191.05655381944447,3.2796853799626504,0.0,0.0,0.0
std,1.038067913960436,1.2057425886938706,0.017873535583482678,0.0,0.0,0.0
