,RMSE,MAE,MAPE,PI Width,CI Coverage,PI Overlap
mean,700.5593699048598,582.6138940722165,9.337804185093328,0.0,0.0,0.0
median,700.55936990486,582.6138940722167,9.337804185093331,0.0,0.0,0.0
std,2.312606865032684e-13,2.312606865032684e-13,3.613448226613569e-15,0.0,0.0,0.0
