True,Pred
5750.0,5748.843535649316
5399.0,5112.928882826713
6123.0,5693.099723186013
5730.0,5444.532643385371
6015.0,5688.115865240167
5989.0,5694.358608536951
6333.0,5781.987484897262
6388.0,5703.808020062505
6048.0,5397.782664240987
6322.0,5406.900149200954
6405.0,5017.64291625835
6523.0,5343.632777648811
