,RMSE,MAE,MAPE,PI Width,CI Coverage,PI Overlap
mean,3091.86055047056,2984.7395243326823,33.38790644529306,0.0,0.0,0.0
std,159.89646169759902,164.1892199839938,1.8827718488298077,0.0,0.0,0.0
