,RMSE,MAE,MAPE,PI Width,CI Coverage,PI Overlap
mean,507.0033928148559,435.1943250868056,6.989124624528051,0.0,0.0,0.0
median,506.5696565545884,434.78721110026044,6.982609858232216,0.0,0.0,0.0
std,8.651352827557204,6.973522145925369,0.10973195143909115,0.0,0.0,0.0
