,RMSE,MAE,MAPE,PI Width,CI Coverage,PI Overlap
mean,302.57937965577463,235.96015625,4.269782335280225,0.0,0.0,0.0
median,297.1722064699956,230.02227783203125,4.1968107462092785,0.0,0.0,0.0
std,18.74862228687226,18.578045421400144,0.30455953902339133,0.0,0.0,0.0
