,RMSE,MAE,MAPE,PI Width,CI Coverage,PI Overlap
mean,419.85872660442243,363.2166937934027,5.858435749782989,0.0,0.0,0.0
median,418.54332753206177,360.1211140950521,5.805629614556844,0.0,0.0,0.0
std,35.92660711093817,32.371717006244964,0.5033464566187124,0.0,0.0,0.0
