,RMSE,MAE,MAPE,PI Width,CI Coverage,PI Overlap
mean,5304.739691518945,5272.765287780761,95.33575488190067,0.0,0.0,0.0
median,5307.085708777706,5275.139060974121,95.37921915864626,0.0,0.0,0.0
std,109.26282927985199,109.93887976313887,2.013003562636574,0.0,0.0,0.0
