,RMSE,MAE,MAPE,PI Width,CI Coverage,PI Overlap
mean,5857.013438061227,5848.1433192571,96.08784327558479,0.0,0.0,0.0
median,5869.608645017607,5860.787857691447,96.29667348909791,0.0,0.0,0.0
std,125.99687671709611,126.12789990428733,2.0775369279111615,0.0,0.0,0.0
