True,Pred
4825,240.36156
4462,240.36156
4642,240.36156
4369,240.36156
4672,240.36156
4661,240.36156
4655,240.36156
4716,240.36156
4377,240.36156
4484,240.36156
4911,240.36156
5218,240.36156
5759,240.36156
5456,240.36156
5359,240.36156
5305,240.36156
5769,240.36156
5565,240.36156
5367,240.36156
5633,240.36156
5664,240.36156
6082,240.36156
6505,240.36156
5813,240.36156
6379,240.36156
6091,240.36156
6219,240.36156
6052,240.36156
6105,240.36156
6030,240.36156
5969,240.36156
5707,240.36156
5681,240.36156
6052,240.36156
5904,240.36156
5426,240.36156
6005,240.36156
5766,240.36156
5946,240.36156
5981,240.36156
6104,240.36156
5991,240.36156
5670,240.36156
5709,240.36156
5416,240.36156
5793,240.36156
