True,Pred
4825,232.71214
4462,232.71214
4642,232.71214
4369,232.71214
4672,232.71214
4661,232.71214
4655,232.71214
4716,232.71214
4377,232.71214
4484,232.71214
4911,232.71214
5218,232.71214
5759,232.71214
5456,232.71214
5359,232.71214
5305,232.71214
5769,232.71214
5565,232.71214
5367,232.71214
5633,232.71214
5664,232.71214
6082,232.71214
6505,232.71214
5813,232.71214
6379,232.71214
6091,232.71214
6219,232.71214
6052,232.71214
6105,232.71214
6030,232.71214
5969,232.71214
5707,232.71214
5681,232.71214
6052,232.71214
5904,232.71214
5426,232.71214
6005,232.71214
5766,232.71214
5946,232.71214
5981,232.71214
6104,232.71214
5991,232.71214
5670,232.71214
5709,232.71214
5416,232.71214
5793,232.71214
