True,Pred
5750,203.33046
5399,202.78096
6123,197.04814
5730,197.00645
6015,196.76993
5989,196.76733
6333,196.75734
6388,196.75716
6048,196.75673
6322,196.75673
6405,196.7567
6523,196.7567
