True,Pred
5750,85.90964
5399,85.36775
6123,76.407074
5730,76.29805
6015,75.524956
5989,75.50791
6333,75.43459
6388,75.43232
6048,75.42529
6322,75.42502
6405,75.42435
6523,75.4243
