True,Pred
5750,383.83655
5399,384.07837
6123,383.92926
5730,383.93018
6015,383.92978
5989,383.92978
6333,383.92978
6388,383.92978
6048,383.92978
6322,383.92978
6405,383.92978
6523,383.92978
