True,Pred
5750,138.75517
5399,136.78436
6123,120.061
5730,119.38221
6015,116.43715
5989,116.23194
6333,115.643524
6388,115.587036
6048,115.46627
6322,115.451675
6405,115.426674
6523,115.42304
