True,Pred
5750,329.39053
5399,329.55673
6123,329.35754
5730,329.3584
6015,329.35776
5989,329.35776
6333,329.35776
6388,329.35776
6048,329.35776
6322,329.35776
6405,329.35776
6523,329.35776
