True,Pred
5750,283.75693
5399,283.53842
6123,276.2202
5730,276.18985
6015,275.80923
5989,275.80658
6333,275.78616
6388,275.78598
6048,275.78488
6322,275.78488
6405,275.78485
6523,275.78485
