True,Pred
5750,287.69714
5399,287.27896
6123,283.9181
5730,283.89575
6015,283.80493
5989,283.80402
6333,283.80154
6388,283.8015
6048,283.80142
6322,283.80142
6405,283.80142
6523,283.80142
