True,Pred
4825,365.01746
4462,365.01746
4642,365.01746
4369,365.01746
4672,365.01746
4661,365.01746
4655,365.01746
4716,365.01746
4377,365.01746
4484,365.01746
4911,365.01746
5218,365.01746
5759,365.01746
5456,365.01746
5359,365.01746
5305,365.01746
5769,365.01746
5565,365.01746
5367,365.01746
5633,365.01746
5664,365.01746
6082,365.01746
6505,365.01746
5813,365.01746
6379,365.01746
6091,365.01746
6219,365.01746
6052,365.01746
6105,365.01746
6030,365.01746
5969,365.01746
5707,365.01746
5681,365.01746
6052,365.01746
5904,365.01746
5426,365.01746
6005,365.01746
5766,365.01746
5946,365.01746
5981,365.01746
6104,365.01746
5991,365.01746
5670,365.01746
5709,365.01746
5416,365.01746
5793,365.01746
