True,Pred
5750,192.36646
5399,192.04367
6123,189.0922
5730,189.06412
6015,188.92853
5989,188.92657
6333,188.92018
6388,188.92004
6048,188.91977
6322,188.91975
6405,188.91974
6523,188.91974
