True,Pred
4825,137.08246
4462,137.08246
4642,137.08246
4369,137.08246
4672,137.08246
4661,137.08246
4655,137.08246
4716,137.08246
4377,137.08246
4484,137.08246
4911,137.08246
5218,137.08246
5759,137.08246
5456,137.08246
5359,137.08246
5305,137.08246
5769,137.08246
5565,137.08246
5367,137.08246
5633,137.08246
5664,137.08246
6082,137.08246
6505,137.08246
5813,137.08246
6379,137.08246
6091,137.08246
6219,137.08246
6052,137.08246
6105,137.08246
6030,137.08246
5969,137.08246
5707,137.08246
5681,137.08246
6052,137.08246
5904,137.08246
5426,137.08246
6005,137.08246
5766,137.08246
5946,137.08246
5981,137.08246
6104,137.08246
5991,137.08246
5670,137.08246
5709,137.08246
5416,137.08246
5793,137.08246
