True,Pred
5750,89.689156
5399,87.63767
6123,73.42049
5730,72.52239
6015,69.171745
5989,68.7874
6333,67.82226
6388,67.666374
6048,67.37154
6322,67.31118
6405,67.21908
6523,67.19653
