True,Pred
5750,365.01746
5399,364.68512
6123,362.02905
5730,362.01794
6015,361.97156
5989,361.97128
6333,361.97046
6388,361.97046
6048,361.97046
6322,361.97046
6405,361.97046
6523,361.97046
