True,Pred
5750,538.8183
5399,538.8018
6123,538.59045
5730,538.5904
6015,538.58997
5989,538.58997
6333,538.58997
6388,538.58997
6048,538.58997
6322,538.58997
6405,538.58997
6523,538.58997
