True,Pred
5750,264.57108
5399,264.85916
6123,263.74582
5730,263.7513
6015,263.73633
5989,263.73645
6333,263.7362
6388,263.7362
6048,263.7362
6322,263.7362
6405,263.7362
6523,263.7362
