True,Pred
5750,184.08565
5399,183.17638
6123,169.43787
5730,169.16124
6015,167.26862
5989,167.20288
6333,166.91907
6388,166.90535
6048,166.86223
6322,166.85959
6405,166.85301
6523,166.85252
