True,Pred
4825,94.18446
4462,94.18446
4642,94.18446
4369,94.18446
4672,94.18446
4661,94.18446
4655,94.18446
4716,94.18446
4377,94.18446
4484,94.18446
4911,94.18446
5218,94.18446
5759,94.18446
5456,94.18446
5359,94.18446
5305,94.18446
5769,94.18446
5565,94.18446
5367,94.18446
5633,94.18446
5664,94.18446
6082,94.18446
6505,94.18446
5813,94.18446
6379,94.18446
6091,94.18446
6219,94.18446
6052,94.18446
6105,94.18446
6030,94.18446
5969,94.18446
5707,94.18446
5681,94.18446
6052,94.18446
5904,94.18446
5426,94.18446
6005,94.18446
5766,94.18446
5946,94.18446
5981,94.18446
6104,94.18446
5991,94.18446
5670,94.18446
5709,94.18446
5416,94.18446
5793,94.18446
