True,Pred
5750,185.04483
5399,184.92538
6123,183.57549
5730,183.56952
6015,183.53586
5989,183.53563
6333,183.53477
6388,183.53477
6048,183.53476
6322,183.53476
6405,183.53476
6523,183.53476
