True,Pred
5750,579.7838
5399,579.77
6123,579.63165
5730,579.63165
6015,579.6314
5989,579.6314
6333,579.6314
6388,579.6314
6048,579.6314
6322,579.6314
6405,579.6314
6523,579.6314
