True,Pred
5750,279.57758
5399,278.99478
6123,274.84097
5730,274.7981
6015,274.63593
5989,274.63345
6333,274.62695
6388,274.62683
6048,274.62653
6322,274.62653
6405,274.6265
6523,274.6265
