True,Pred
5750,227.36917
5399,226.83698
6123,220.63776
5730,220.57791
6015,220.2656
5989,220.26073
6333,220.24448
6388,220.24411
6048,220.24332
6322,220.24326
6405,220.24321
6523,220.24321
