True,Pred
5750,177.6909
5399,177.47978
6123,172.20915
5730,172.20325
6015,172.04337
5989,172.0432
6333,172.03818
6388,172.03821
6048,172.03807
6322,172.03807
6405,172.03804
6523,172.03804
