True,Pred
5750,475.4242
5399,475.388
6123,473.97986
5730,473.97934
6015,473.96597
5989,473.96597
6333,473.96585
6388,473.96585
6048,473.96585
6322,473.96585
6405,473.96585
6523,473.96585
