True,Pred
5750,113.170815
5399,111.57999
6123,101.73952
5730,101.43673
6015,100.43298
5989,100.382935
6333,100.27102
6388,100.26355
6048,100.25092
6322,100.249886
6405,100.24845
6523,100.248314
