True,Pred
4825,185.04483
4462,185.04483
4642,185.04483
4369,185.04483
4672,185.04483
4661,185.04483
4655,185.04483
4716,185.04483
4377,185.04483
4484,185.04483
4911,185.04483
5218,185.04483
5759,185.04483
5456,185.04483
5359,185.04483
5305,185.04483
5769,185.04483
5565,185.04483
5367,185.04483
5633,185.04483
5664,185.04483
6082,185.04483
6505,185.04483
5813,185.04483
6379,185.04483
6091,185.04483
6219,185.04483
6052,185.04483
6105,185.04483
6030,185.04483
5969,185.04483
5707,185.04483
5681,185.04483
6052,185.04483
5904,185.04483
5426,185.04483
6005,185.04483
5766,185.04483
5946,185.04483
5981,185.04483
6104,185.04483
5991,185.04483
5670,185.04483
5709,185.04483
5416,185.04483
5793,185.04483
