True,Pred
5750,275.53873
5399,275.49274
6123,273.67734
5730,273.67526
6015,273.63934
5989,273.6393
6333,273.63858
6388,273.63858
6048,273.63858
6322,273.63858
6405,273.63858
6523,273.63858
