True,Pred
5750,104.45906
5399,102.888084
6123,88.91896
5730,88.45496
6015,86.26737
5989,86.13721
6333,85.73167
6388,85.6981
6048,85.62043
6322,85.612305
6405,85.59731
6523,85.59541
