True,Pred
5750,135.81656
5399,135.75317
6123,131.31369
5730,131.2852
6015,131.05544
5989,131.0525
6333,131.04005
6388,131.03983
6048,131.03917
6322,131.03915
6405,131.03911
6523,131.0391
