True,Pred
5750,232.02763
5399,231.79398
6123,227.12129
5730,227.1092
6015,226.958
5989,226.95746
6333,226.95248
6388,226.95245
6048,226.9523
6322,226.9523
6405,226.9523
6523,226.9523
