True,Pred
5750,420.20856
5399,420.12512
6123,418.8037
5730,418.80182
6015,418.78574
5989,418.7857
6333,418.78558
6388,418.78558
6048,418.78558
6322,418.78558
6405,418.78558
6523,418.78558
