True,Pred
4825,235.75323
4462,235.75323
4642,235.75323
4369,235.75323
4672,235.75323
4661,235.75323
4655,235.75323
4716,235.75323
4377,235.75323
4484,235.75323
4911,235.75323
5218,235.75323
5759,235.75323
5456,235.75323
5359,235.75323
5305,235.75323
5769,235.75323
5565,235.75323
5367,235.75323
5633,235.75323
5664,235.75323
6082,235.75323
6505,235.75323
5813,235.75323
6379,235.75323
6091,235.75323
6219,235.75323
6052,235.75323
6105,235.75323
6030,235.75323
5969,235.75323
5707,235.75323
5681,235.75323
6052,235.75323
5904,235.75323
5426,235.75323
6005,235.75323
5766,235.75323
5946,235.75323
5981,235.75323
6104,235.75323
5991,235.75323
5670,235.75323
5709,235.75323
5416,235.75323
5793,235.75323
