True,Pred
5750,258.68146
5399,258.2505
6123,248.62352
5730,248.56656
6015,247.98471
5989,247.9792
6333,247.94292
6388,247.94243
6048,247.94016
6322,247.94014
6405,247.93997
6523,247.93997
