True,Pred
5750,147.96992
5399,147.64378
6123,140.56712
5730,140.49603
6015,139.9088
5989,139.89854
6333,139.84706
6388,139.8458
6048,139.84126
6322,139.84113
6405,139.84073
6523,139.84071
