True,Pred
4825,420.20856
4462,420.20856
4642,420.20856
4369,420.20856
4672,420.20856
4661,420.20856
4655,420.20856
4716,420.20856
4377,420.20856
4484,420.20856
4911,420.20856
5218,420.20856
5759,420.20856
5456,420.20856
5359,420.20856
5305,420.20856
5769,420.20856
5565,420.20856
5367,420.20856
5633,420.20856
5664,420.20856
6082,420.20856
6505,420.20856
5813,420.20856
6379,420.20856
6091,420.20856
6219,420.20856
6052,420.20856
6105,420.20856
6030,420.20856
5969,420.20856
5707,420.20856
5681,420.20856
6052,420.20856
5904,420.20856
5426,420.20856
6005,420.20856
5766,420.20856
5946,420.20856
5981,420.20856
6104,420.20856
5991,420.20856
5670,420.20856
5709,420.20856
5416,420.20856
5793,420.20856
