True,Pred
5750,199.95892
5399,199.43729
6123,190.03198
5730,189.9517
6015,189.20863
5989,189.1986
6333,189.13716
6388,189.13603
6048,189.13092
6322,189.13081
6405,189.1304
6523,189.1304
