,RMSE,MAE,MAPE,PI Width,CI Coverage,PI Overlap
mean,425.583909734471,368.8525010850695,5.9453434054511884,0.0,0.0,0.0
median,421.40287442361785,361.92333984375,5.82762648435431,0.0,0.0,0.0
std,42.33912309420158,40.257212750567774,0.6348384512091113,0.0,0.0,0.0
