,RMSE,MAE,MAPE,PI Width,CI Coverage,PI Overlap
mean,284.2287664683608,223.46190493203764,4.0828272930759795,0.0,0.0,0.0
std,16.124208790229638,13.726212511336007,0.2856488664630261,0.0,0.0,0.0
