,RMSE,MAE,MAPE,PI Width,CI Coverage,PI Overlap
mean,443.6961179954914,386.1267550998264,6.233053117073137,0.0,0.0,0.0
median,410.934789347938,355.9461466471354,5.764171733159232,0.0,0.0,0.0
std,124.52581346039199,113.39048115655636,1.7948292656434637,0.0,0.0,0.0
