,RMSE,MAE,MAPE,PI Width,CI Coverage,PI Overlap
mean,822.7223719038702,727.6731526692707,11.670117792113807,0.0,0.0,0.0
median,832.9097636557752,734.2864786783854,11.76793629260402,0.0,0.0,0.0
std,152.0857521022587,138.8555933659828,2.2253003403991483,0.0,0.0,0.0
