,RMSE,MAE,MAPE,PI Width,CI Coverage,PI Overlap
mean,233.22109412883546,193.8547383626302,3.266456871491109,0.0,0.0,0.0
median,222.70801555902216,183.73348999023438,3.101409578628569,0.0,0.0,0.0
std,27.550316265988346,28.026175507892056,0.4425274291331913,0.0,0.0,0.0
