,RMSE,MAE,MAPE,PI Width,CI Coverage,PI Overlap
mean,688.2801590254246,601.5779703776041,9.649407646400327,0.0,0.0,0.0
median,669.879552751443,586.5995483398438,9.402067398691123,0.0,0.0,0.0
std,202.182498065931,180.413329958363,2.865194051699881,0.0,0.0,0.0
