,RMSE,MAE,MAPE,PI Width,CI Coverage,PI Overlap
mean,1708.210221273287,1561.1731185913086,25.286346745120102,0.0,0.0,0.0
median,1406.5543427841735,1233.3233744303386,19.95465106778021,0.0,0.0,0.0
std,1076.3403915680635,1032.241954306995,16.781699527532083,0.0,0.0,0.0
