,RMSE,MAE,MAPE,PI Width,CI Coverage,PI Overlap
mean,2927.9482233481485,2814.720878431532,31.433547962402304,0.0,0.0,0.0
std,128.64081619630795,132.64904489244725,1.5197011117035355,0.0,0.0,0.0
