,RMSE,MAE,MAPE,PI Width,CI Coverage,PI Overlap
mean,357.3443174341927,306.7744791666666,4.964857412920087,0.0,0.0,0.0
median,345.5559505124271,296.4649658203125,4.805923399215816,0.0,0.0,0.0
std,21.012629384260816,18.582243333500077,0.28758121282404614,0.0,0.0,0.0
