,RMSE,MAE,MAPE,PI Width,CI Coverage,PI Overlap
mean,381.91068489905626,332.52506374782985,5.403255559465966,0.0,0.0,0.0
median,356.1405178771313,306.1414591471354,4.952954938118669,0.0,0.0,0.0
std,100.67628833247029,107.1774874291237,1.804305503037364,0.0,0.0,0.0
