,RMSE,MAE,MAPE,PI Width,CI Coverage,PI Overlap
mean,417.3495047670145,359.4060099283854,5.796493879074644,0.0,0.0,0.0
median,406.3704801548862,349.60575358072913,5.630689695713883,0.0,0.0,0.0
std,122.00860656491928,113.59041261008457,1.7998652688045353,0.0,0.0,0.0
