,RMSE,MAE,MAPE,PI Width,CI Coverage,PI Overlap
mean,254.12600811257198,205.51005700584352,3.6991079186975377,0.0,0.0,0.0
median,241.18228474743384,194.122451410061,3.4781196434556487,0.0,0.0,0.0
std,36.131825883818294,30.60827100839012,0.598161675021118,0.0,0.0,0.0
