,RMSE,MAE,MAPE,PI Width,CI Coverage,PI Overlap
mean,371.30704104721616,319.77524820963544,5.1751000840761865,0.0,0.0,0.0
median,372.03966504341713,321.70780436197913,5.199399475123222,0.0,0.0,0.0
std,22.87069660170264,25.527923166759486,0.3736267132697856,0.0,0.0,0.0
