,RMSE,MAE,MAPE,PI Width,CI Coverage,PI Overlap
mean,270.2891507176711,213.5501983917511,3.744110866230522,0.0,0.0,0.0
std,15.664020390120754,19.26948322488848,0.3725008969587183,0.0,0.0,0.0
