,RMSE,MAE,MAPE,PI Width,CI Coverage,PI Overlap
mean,5542.4232870522965,5533.036971728007,90.89533816424644,0.0,0.0,0.0
median,5645.0819065168935,5635.960662841797,92.59237109139801,0.0,0.0,0.0
std,371.0470144737318,371.67086746102126,6.124165557450704,0.0,0.0,0.0
