True,Pred
4642,482.09326
4369,482.09326
4672,482.09326
4661,482.09326
4655,482.09326
4716,482.09326
4377,482.09326
4484,482.09326
4911,482.09326
5218,482.09326
5759,482.09326
5456,482.09326
5359,482.09326
5305,482.09326
5769,482.09326
5565,482.09326
5367,482.09326
5633,482.09326
5664,482.09326
6082,482.09326
6505,482.09326
5813,482.09326
6379,482.09326
6091,482.09326
6219,482.09326
6052,482.09326
6105,482.09326
6030,482.09326
5969,482.09326
5707,482.09326
5681,482.09326
6052,482.09326
5904,482.09326
5426,482.09326
6005,482.09326
5766,482.09326
5946,482.09326
5981,482.09326
6104,482.09326
5991,482.09326
5670,482.09326
5709,482.09326
5416,482.09326
5793,482.09326
