True,Pred
5750,158.1252
5399,157.83614
6123,156.73972
5730,152.57909
6015,144.19923
5989,144.08806
6333,143.80232
6388,143.23465
6048,142.63943
6322,142.61449
6405,142.56796
6523,142.50508
