True,Pred
5750,567.4848
5399,567.4958
6123,567.5739
5730,567.8234
6015,567.32544
5989,567.32526
6333,567.3254
6388,567.3269
6048,567.3253
6322,567.3253
6405,567.3253
6523,567.3253
