True,Pred
5750,828.9702
5399,828.96704
6123,828.94476
5730,828.8224
6015,828.36487
5989,828.36487
6333,828.36475
6388,828.3641
6048,828.3626
6322,828.3626
6405,828.36255
6523,828.3626
