True,Pred
5750,609.8245
5399,609.8245
6123,609.8233
5730,609.7865
6015,608.9862
5989,608.9862
6333,608.98615
6388,608.98566
6048,608.98126
6322,608.98126
6405,608.98126
6523,608.98126
