True,Pred
5750,846.6192
5399,846.5791
6123,846.3207
5730,844.9983
6015,841.0158
5989,841.01105
6333,840.99384
6388,840.9455
6048,840.8722
6322,840.87195
6405,840.8712
6523,840.8699
