True,Pred
4642,630.84814
4369,630.84814
4672,630.84814
4661,630.84814
4655,630.84814
4716,630.84814
4377,630.84814
4484,630.84814
4911,630.84814
5218,630.84814
5759,630.84814
5456,630.84814
5359,630.84814
5305,630.84814
5769,630.84814
5565,630.84814
5367,630.84814
5633,630.84814
5664,630.84814
6082,630.84814
6505,630.84814
5813,630.84814
6379,630.84814
6091,630.84814
6219,630.84814
6052,630.84814
6105,630.84814
6030,630.84814
5969,630.84814
5707,630.84814
5681,630.84814
6052,630.84814
5904,630.84814
5426,630.84814
6005,630.84814
5766,630.84814
5946,630.84814
5981,630.84814
6104,630.84814
5991,630.84814
5670,630.84814
5709,630.84814
5416,630.84814
5793,630.84814
