True,Pred
4642,339.54932
4369,339.54932
4672,339.54932
4661,339.54932
4655,339.54932
4716,339.54932
4377,339.54932
4484,339.54932
4911,339.54932
5218,339.54932
5759,339.54932
5456,339.54932
5359,339.54932
5305,339.54932
5769,339.54932
5565,339.54932
5367,339.54932
5633,339.54932
5664,339.54932
6082,339.54932
6505,339.54932
5813,339.54932
6379,339.54932
6091,339.54932
6219,339.54932
6052,339.54932
6105,339.54932
6030,339.54932
5969,339.54932
5707,339.54932
5681,339.54932
6052,339.54932
5904,339.54932
5426,339.54932
6005,339.54932
5766,339.54932
5946,339.54932
5981,339.54932
6104,339.54932
5991,339.54932
5670,339.54932
5709,339.54932
5416,339.54932
5793,339.54932
