True,Pred
5750,339.54932
5399,339.49664
6123,339.2398
5730,338.0506
6015,334.9343
5989,334.92917
6333,334.91263
6388,334.87122
6048,334.81583
6322,334.81552
6405,334.8149
6523,334.81375
