True,Pred
4642,389.85617
4369,389.85617
4672,389.85617
4661,389.85617
4655,389.85617
4716,389.85617
4377,389.85617
4484,389.85617
4911,389.85617
5218,389.85617
5759,389.85617
5456,389.85617
5359,389.85617
5305,389.85617
5769,389.85617
5565,389.85617
5367,389.85617
5633,389.85617
5664,389.85617
6082,389.85617
6505,389.85617
5813,389.85617
6379,389.85617
6091,389.85617
6219,389.85617
6052,389.85617
6105,389.85617
6030,389.85617
5969,389.85617
5707,389.85617
5681,389.85617
6052,389.85617
5904,389.85617
5426,389.85617
6005,389.85617
5766,389.85617
5946,389.85617
5981,389.85617
6104,389.85617
5991,389.85617
5670,389.85617
5709,389.85617
5416,389.85617
5793,389.85617
