True,Pred
5750,624.53674
5399,624.5366
6123,624.54175
5730,624.5172
6015,623.57965
5989,623.57965
6333,623.57965
6388,623.5794
6048,623.5746
6322,623.5746
6405,623.5746
6523,623.5746
