True,Pred
5750,420.33014
5399,420.3225
6123,420.28476
5730,420.0367
6015,419.50394
5989,419.5036
6333,419.5026
6388,419.4998
6048,419.49667
6322,419.49667
6405,419.49667
6523,419.4966
