True,Pred
4642,315.64774
4369,315.64774
4672,315.64774
4661,315.64774
4655,315.64774
4716,315.64774
4377,315.64774
4484,315.64774
4911,315.64774
5218,315.64774
5759,315.64774
5456,315.64774
5359,315.64774
5305,315.64774
5769,315.64774
5565,315.64774
5367,315.64774
5633,315.64774
5664,315.64774
6082,315.64774
6505,315.64774
5813,315.64774
6379,315.64774
6091,315.64774
6219,315.64774
6052,315.64774
6105,315.64774
6030,315.64774
5969,315.64774
5707,315.64774
5681,315.64774
6052,315.64774
5904,315.64774
5426,315.64774
6005,315.64774
5766,315.64774
5946,315.64774
5981,315.64774
6104,315.64774
5991,315.64774
5670,315.64774
5709,315.64774
5416,315.64774
5793,315.64774
