True,Pred
5750,260.74268
5399,260.76297
6123,260.83972
5730,261.1773
6015,260.45062
5989,260.4505
6333,260.45084
6388,260.45493
6048,260.44943
6322,260.44943
6405,260.4494
6523,260.44946
