True,Pred
5750,322.40366
5399,322.40826
6123,322.4083
5730,322.1958
6015,318.04123
5989,318.04114
6333,318.03894
6388,318.01758
6048,317.87424
6322,317.8742
6405,317.874
6523,317.87268
