True,Pred
5750,389.85617
5399,389.82877
6123,389.72275
5730,389.24774
6015,385.9234
5989,385.92078
6333,385.91266
6388,385.88672
6048,385.80902
6322,385.80887
6405,385.80847
6523,385.80746
