True,Pred
5750,343.8367
5399,343.78268
6123,343.54718
5730,342.64572
6015,339.33945
5989,339.33344
6333,339.31488
6388,339.2679
6048,339.18018
6322,339.17972
6405,339.1787
6523,339.17685
