True,Pred
5750,968.2736
5399,968.27454
6123,968.27856
5730,968.2937
6015,968.18665
5989,968.18665
6333,968.18665
6388,968.18665
6048,968.18665
6322,968.18665
6405,968.18665
6523,968.18665
