,RMSE,MAE,MAPE,PI Width,CI Coverage,PI Overlap
mean,453.53193563367836,395.4366522894965,6.359314728241868,0.0,0.0,0.0
std,92.85849855779486,84.14186895293399,1.3270753177244263,0.0,0.0,0.0
