,RMSE,MAE,MAPE,PI Width,CI Coverage,PI Overlap
mean,268.03527220607236,215.23303657945738,3.8542518130618313,0.0,0.0,0.0
median,262.7240867628576,211.52205214389534,3.7945795848842634,0.0,0.0,0.0
std,27.88093624573308,21.940589044054658,0.36051017414369213,0.0,0.0,0.0
