,RMSE,MAE,MAPE,PI Width,CI Coverage,PI Overlap
mean,394.1827502126673,342.49173990885413,5.515822082418925,0.0,0.0,0.0
median,404.5261366569996,351.690185546875,5.658527788704141,0.0,0.0,0.0
std,74.10118184172978,66.52084336389711,1.052968853851194,0.0,0.0,0.0
