True,Pred
4672,37.273495
4661,37.273495
4655,37.273495
4716,37.273495
4377,37.273495
4484,37.273495
4911,37.273495
5218,37.273495
5759,37.273495
5456,37.273495
5359,37.273495
5305,37.273495
5769,37.273495
5565,37.273495
5367,37.273495
5633,37.273495
5664,37.273495
6082,37.273495
6505,37.273495
5813,37.273495
6379,37.273495
6091,37.273495
6219,37.273495
6052,37.273495
6105,37.273495
6030,37.273495
5969,37.273495
5707,37.273495
5681,37.273495
6052,37.273495
5904,37.273495
5426,37.273495
6005,37.273495
5766,37.273495
5946,37.273495
5981,37.273495
6104,37.273495
5991,37.273495
5670,37.273495
5709,37.273495
5416,37.273495
5793,37.273495
