True,Pred
5750,174.70929
5399,174.46384
6123,173.97794
5730,172.77933
6015,169.61009
5989,162.99724
6333,152.57193
6388,152.44058
6048,152.1894
6322,151.71808
6405,150.93095
6523,149.90833
