True,Pred
5750,9.150867
5399,8.443855
6123,7.2317047
5730,5.592302
6015,3.843838
5989,2.3860414
6333,1.1622373
6388,1.056259
6048,0.94022113
6322,0.8234934
6405,0.72559375
6523,0.6689566
