True,Pred
4672,145.59814
4661,145.59814
4655,145.59814
4716,145.59814
4377,145.59814
4484,145.59814
4911,145.59814
5218,145.59814
5759,145.59814
5456,145.59814
5359,145.59814
5305,145.59814
5769,145.59814
5565,145.59814
5367,145.59814
5633,145.59814
5664,145.59814
6082,145.59814
6505,145.59814
5813,145.59814
6379,145.59814
6091,145.59814
6219,145.59814
6052,145.59814
6105,145.59814
6030,145.59814
5969,145.59814
5707,145.59814
5681,145.59814
6052,145.59814
5904,145.59814
5426,145.59814
6005,145.59814
5766,145.59814
5946,145.59814
5981,145.59814
6104,145.59814
5991,145.59814
5670,145.59814
5709,145.59814
5416,145.59814
5793,145.59814
