True,Pred
5750,293.41672
5399,293.31265
6123,293.06845
5730,292.48853
6015,290.9511
5989,287.636
6333,280.15372
6388,280.12375
6048,280.06415
6322,279.9496
6405,279.74313
6523,279.44244
