True,Pred
5750,132.42082
5399,132.46184
6123,132.57283
5730,132.83165
6015,133.2199
5989,133.03365
6333,125.68672
6388,125.69361
6048,125.708
6322,125.727005
6405,125.70025
6523,125.468155
