True,Pred
5750,57.332775
5399,57.045998
6123,56.35029
5730,54.874226
6015,52.02926
5989,45.933426
6333,28.35226
6388,27.956436
6048,27.205084
6322,25.918749
6405,23.951265
6523,21.287441
