True,Pred
5750,251.42865
5399,251.35498
6123,251.17885
5730,250.7853
6015,249.87581
5989,247.96855
6333,243.8244
6388,243.80719
6048,243.77394
6322,243.71313
6405,243.6085
6523,243.45268
