True,Pred
5750,488.4339
5399,488.44037
6123,488.4733
5730,488.56915
6015,488.83377
5989,489.40314
6333,488.83096
6388,488.83057
6048,488.83002
6322,488.8292
6405,488.82956
6523,488.83365
