True,Pred
4672,27.152107
4661,27.152107
4655,27.152107
4716,27.152107
4377,27.152107
4484,27.152107
4911,27.152107
5218,27.152107
5759,27.152107
5456,27.152107
5359,27.152107
5305,27.152107
5769,27.152107
5565,27.152107
5367,27.152107
5633,27.152107
5664,27.152107
6082,27.152107
6505,27.152107
5813,27.152107
6379,27.152107
6091,27.152107
6219,27.152107
6052,27.152107
6105,27.152107
6030,27.152107
5969,27.152107
5707,27.152107
5681,27.152107
6052,27.152107
5904,27.152107
5426,27.152107
6005,27.152107
5766,27.152107
5946,27.152107
5981,27.152107
6104,27.152107
5991,27.152107
5670,27.152107
5709,27.152107
5416,27.152107
5793,27.152107
