True,Pred
4672,88.20504
4661,88.20504
4655,88.20504
4716,88.20504
4377,88.20504
4484,88.20504
4911,88.20504
5218,88.20504
5759,88.20504
5456,88.20504
5359,88.20504
5305,88.20504
5769,88.20504
5565,88.20504
5367,88.20504
5633,88.20504
5664,88.20504
6082,88.20504
6505,88.20504
5813,88.20504
6379,88.20504
6091,88.20504
6219,88.20504
6052,88.20504
6105,88.20504
6030,88.20504
5969,88.20504
5707,88.20504
5681,88.20504
6052,88.20504
5904,88.20504
5426,88.20504
6005,88.20504
5766,88.20504
5946,88.20504
5981,88.20504
6104,88.20504
5991,88.20504
5670,88.20504
5709,88.20504
5416,88.20504
5793,88.20504
