True,Pred
5750,201.81131
5399,201.74788
6123,201.62305
5730,201.39912
6015,201.00017
5989,200.14516
6333,197.85155
6388,197.84648
6048,197.83769
6322,197.82391
6405,197.80246
6523,197.7676
