True,Pred
5750,37.273495
5399,37.181683
6123,36.905075
5730,36.26473
6015,35.10298
5989,32.713223
6333,24.48055
6388,24.217571
6048,23.721334
6322,22.911495
6405,21.77467
6523,20.32671
