True,Pred
5750,85.12677
5399,85.04107
6123,84.91386
5730,84.642235
6015,84.07688
5989,82.981674
6333,80.572334
6388,80.54937
6048,80.51247
6322,80.449875
6405,80.35258
6523,80.219894
