True,Pred
5750,45.00728
5399,44.74007
6123,44.120026
5730,42.862045
6015,40.60392
5989,36.93538
6333,29.606842
6388,29.266287
6048,28.68324
6322,27.798037
6405,26.642141
6523,25.370867
