True,Pred
5750,56.620808
5399,56.636124
6123,56.71428
5730,56.863125
6015,57.07264
5989,57.22782
6333,54.525047
6388,54.52581
6048,54.530975
6322,54.536465
6405,54.534042
6523,54.498043
