True,Pred
5750,106.4798
5399,106.36915
6123,106.11317
5730,105.601265
6015,104.61922
5989,103.10851
6333,101.6191
6388,101.59935
6048,101.56666
6322,101.51928
6405,101.46023
6523,101.40318
