True,Pred
5750,127.0801
5399,126.97255
6123,126.74994
5730,126.234825
6015,125.15001
5989,123.1572
6333,117.30321
6388,117.258705
6048,117.17785
6322,117.03391
6405,116.80079
6523,116.46369
