True,Pred
5750,92.106224
5399,91.946304
6123,91.696236
5730,91.1893
6015,90.107925
5989,88.02779
6333,84.04714
6388,83.990204
6048,83.897804
6322,83.745834
6405,83.513824
6523,83.2093
