True,Pred
4672,8.998384
4661,8.998384
4655,8.998384
4716,8.998384
4377,8.998384
4484,8.998384
4911,8.998384
5218,8.998384
5759,8.998384
5456,8.998384
5359,8.998384
5305,8.998384
5769,8.998384
5565,8.998384
5367,8.998384
5633,8.998384
5664,8.998384
6082,8.998384
6505,8.998384
5813,8.998384
6379,8.998384
6091,8.998384
6219,8.998384
6052,8.998384
6105,8.998384
6030,8.998384
5969,8.998384
5707,8.998384
5681,8.998384
6052,8.998384
5904,8.998384
5426,8.998384
6005,8.998384
5766,8.998384
5946,8.998384
5981,8.998384
6104,8.998384
5991,8.998384
5670,8.998384
5709,8.998384
5416,8.998384
5793,8.998384
