True,Pred
4672,92.106224
4661,92.106224
4655,92.106224
4716,92.106224
4377,92.106224
4484,92.106224
4911,92.106224
5218,92.106224
5759,92.106224
5456,92.106224
5359,92.106224
5305,92.106224
5769,92.106224
5565,92.106224
5367,92.106224
5633,92.106224
5664,92.106224
6082,92.106224
6505,92.106224
5813,92.106224
6379,92.106224
6091,92.106224
6219,92.106224
6052,92.106224
6105,92.106224
6030,92.106224
5969,92.106224
5707,92.106224
5681,92.106224
6052,92.106224
5904,92.106224
5426,92.106224
6005,92.106224
5766,92.106224
5946,92.106224
5981,92.106224
6104,92.106224
5991,92.106224
5670,92.106224
5709,92.106224
5416,92.106224
5793,92.106224
