True,Pred
5750,160.4995
5399,160.4061
6123,160.19954
5730,159.67902
6015,158.28409
5989,155.44867
6333,149.72365
6388,149.68054
6048,149.59467
6322,149.43124
6405,149.15172
6523,148.7748
