True,Pred
5750,461.91916
5399,461.9192
6123,461.92072
5730,461.9241
6015,461.92932
5989,461.92365
6333,461.9366
6388,461.93658
6048,461.93658
6322,461.93658
6405,461.93658
6523,461.93658
