True,Pred
5750,338.05243
5399,338.04025
6123,337.96997
5730,337.78427
6015,337.40033
5989,336.79352
6333,335.4082
6388,335.40717
6048,335.4042
6322,335.39868
6405,335.38986
6523,335.37863
