True,Pred
5750,79.25236
5399,79.22346
6123,79.19832
5730,79.139786
6015,78.94808
5989,78.15981
6333,73.1266
6388,73.111565
6048,73.08622
6322,73.02905
6405,72.898224
6523,72.5996
