True,Pred
4672,164.22679
4661,164.22679
4655,164.22679
4716,164.22679
4377,164.22679
4484,164.22679
4911,164.22679
5218,164.22679
5759,164.22679
5456,164.22679
5359,164.22679
5305,164.22679
5769,164.22679
5565,164.22679
5367,164.22679
5633,164.22679
5664,164.22679
6082,164.22679
6505,164.22679
5813,164.22679
6379,164.22679
6091,164.22679
6219,164.22679
6052,164.22679
6105,164.22679
6030,164.22679
5969,164.22679
5707,164.22679
5681,164.22679
6052,164.22679
5904,164.22679
5426,164.22679
6005,164.22679
5766,164.22679
5946,164.22679
5981,164.22679
6104,164.22679
5991,164.22679
5670,164.22679
5709,164.22679
5416,164.22679
5793,164.22679
