True,Pred
5750,88.20504
5399,87.93549
6123,87.3217
5730,86.10116
6015,83.73826
5989,79.67302
6333,72.311646
6388,72.101234
6048,71.74645
6322,71.2007
6405,70.44403
6523,69.55615
