True,Pred
5750,219.23969
5399,219.28586
6123,219.37752
5730,219.56915
6015,220.00562
5989,219.89398
6333,209.18643
6388,209.19258
6048,209.20491
6322,209.22731
6405,209.25226
6523,209.17096
