True,Pred
4672,122.756874
4661,122.756874
4655,122.756874
4716,122.756874
4377,122.756874
4484,122.756874
4911,122.756874
5218,122.756874
5759,122.756874
5456,122.756874
5359,122.756874
5305,122.756874
5769,122.756874
5565,122.756874
5367,122.756874
5633,122.756874
5664,122.756874
6082,122.756874
6505,122.756874
5813,122.756874
6379,122.756874
6091,122.756874
6219,122.756874
6052,122.756874
6105,122.756874
6030,122.756874
5969,122.756874
5707,122.756874
5681,122.756874
6052,122.756874
5904,122.756874
5426,122.756874
6005,122.756874
5766,122.756874
5946,122.756874
5981,122.756874
6104,122.756874
5991,122.756874
5670,122.756874
5709,122.756874
5416,122.756874
5793,122.756874
