,RMSE,MAE,MAPE,PI Width,CI Coverage,PI Overlap
mean,510.03593023209004,445.7893174913194,7.172533974131129,0.0,0.0,0.0
median,507.2188755873967,438.4259033203125,7.03784654332182,0.0,0.0,0.0
std,111.4113111609176,103.34723701389545,1.6384581960671885,0.0,0.0,0.0
