,RMSE,MAE,MAPE,PI Width,CI Coverage,PI Overlap
mean,279.32360610220104,221.42355233651617,3.763288555788798,0.0,0.0,0.0
median,266.4172885245122,210.29673258463544,3.581129758274983,0.0,0.0,0.0
std,36.90734120872715,31.96931391163318,0.5121447719459125,0.0,0.0,0.0
