,RMSE,MAE,MAPE,PI Width,CI Coverage,PI Overlap
mean,437.31634326252424,377.59670274522557,6.079807078560454,0.0,0.0,0.0
median,438.6541048951564,377.94563802083337,6.076441160103559,0.0,0.0,0.0
std,15.451977462784816,17.014104022472363,0.30408331943982164,0.0,0.0,0.0
