,RMSE,MAE,MAPE,PI Width,CI Coverage,PI Overlap
mean,365.1314829202141,311.2027872721354,5.036909812154832,0.0,0.0,0.0
median,294.33065115473386,247.84556070963544,4.041742518745313,0.0,0.0,0.0
std,96.76477293497561,88.78019397458901,1.3954988875302754,0.0,0.0,0.0
