,RMSE,MAE,MAPE,PI Width,CI Coverage,PI Overlap
mean,381.9956434220654,328.72832166883677,5.329532298981382,0.0,0.0,0.0
median,359.83830311183635,310.56803385416663,5.049267210369509,0.0,0.0,0.0
std,92.03564586586403,85.64330230256641,1.3416941129476607,0.0,0.0,0.0
