,RMSE,MAE,MAPE,PI Width,CI Coverage,PI Overlap
mean,603.8816725063657,528.1524943033854,8.483888740804165,0.0,0.0,0.0
median,558.8207558501282,489.42415364583337,7.85417779047957,0.0,0.0,0.0
std,230.6301793378854,208.58414759028256,3.3239363077207433,0.0,0.0,0.0
