,RMSE,MAE,MAPE,PI Width,CI Coverage,PI Overlap
mean,266.71425307501045,201.39287197353602,3.5427936229395462,0.0,0.0,0.0
std,3.964004074411057,4.972515886832441,0.07280512512984359,0.0,0.0,0.0
