,RMSE,MAE,MAPE,PI Width,CI Coverage,PI Overlap
mean,336.1959633741143,290.1057535807292,4.686796233315473,0.0,0.0,0.0
std,13.35233991592426,12.657419724743042,0.19975592785652424,0.0,0.0,0.0
