True,Pred
5750,5155.6685
5399,4411.829
6123,3455.329
5730,2384.643
6015,2034.9315
5989,1450.0981
6333,1033.4823
6388,320.43933
6048,43.581936
6322,-63.494247
6405,80.27642
6523,429.3351
