True,Pred
5750,2471.122
5399,2645.2925
6123,-795.00934
5730,117.233604
6015,-3818.8088
5989,937.1722
6333,1782.7731
6388,4380.7603
6048,6380.13
6322,11638.138
6405,11060.225
6523,16427.678
