,RMSE,MAE,MAPE,PI Width,CI Coverage,PI Overlap
mean,297.1629140993919,253.07029351128475,4.1036296164349935,0.0,0.0,0.0
std,5.7965617614830345,5.552914355424186,0.08736262042031151,0.0,0.0,0.0
