,RMSE,MAE,MAPE,PI Width,CI Coverage,PI Overlap
mean,382.95265277653044,332.54872368706594,5.351233952867744,0.0,0.0,0.0
median,383.82759747971807,333.26511637369794,5.362689336446463,0.0,0.0,0.0
std,10.812800677299489,9.320157424782602,0.1471636654479451,0.0,0.0,0.0
