,RMSE,MAE,MAPE,PI Width,CI Coverage,PI Overlap
mean,480.2639891399202,420.09305148654516,6.776216684360285,0.0,0.0,0.0
median,445.8164043515105,382.2978108723958,6.139916811818018,0.0,0.0,0.0
std,175.59646165934774,163.48724984922794,2.596807028964741,0.0,0.0,0.0
