,RMSE,MAE,MAPE,PI Width,CI Coverage,PI Overlap
mean,633.6827540391332,570.1496988932291,9.156111115992926,0.0,0.0,0.0
median,633.6908285925049,570.1575113932291,9.15623667506158,0.0,0.0,0.0
std,0.25131910143470604,0.24267136368114098,0.0039001075728272608,0.0,0.0,0.0
