,RMSE,MAE,MAPE,PI Width,CI Coverage,PI Overlap
mean,274.5901986518168,225.46184480274823,4.123875719757043,0.0,0.0,0.0
median,271.8576694351659,223.7705909242021,4.0974991343908655,0.0,0.0,0.0
std,9.7176532880567,8.14581678244423,0.12717560680762027,0.0,0.0,0.0
