,RMSE,MAE,MAPE,PI Width,CI Coverage,PI Overlap
mean,814.9167122849025,726.3295871310762,11.654584528036771,0.0,0.0,0.0
median,815.2397975088211,726.6205444335938,11.659243726875548,0.0,0.0,0.0
std,10.679590938082757,9.543127330151634,0.1527528793225788,0.0,0.0,0.0
