,RMSE,MAE,MAPE,PI Width,CI Coverage,PI Overlap
mean,703.7093436527047,636.514879014757,10.222703142500432,0.0,0.0,0.0
median,699.2671288021983,632.4888509114584,10.157998587105421,0.0,0.0,0.0
std,28.370859984383312,26.549213996967453,0.4266873066170043,0.0,0.0,0.0
