,RMSE,MAE,MAPE,PI Width,CI Coverage,PI Overlap
mean,262.65088038041785,206.65772976345482,3.5695943152348573,0.0,0.0,0.0
median,262.3805357999722,205.46622043185764,3.5353661339130005,0.0,0.0,0.0
std,8.683665804866408,7.975899431513251,0.13863789774875176,0.0,0.0,0.0
