,RMSE,MAE,MAPE,PI Width,CI Coverage,PI Overlap
mean,577.2848105266938,511.74881727430545,8.216579509992515,0.0,0.0,0.0
std,111.10781043225037,105.60472637268617,1.6899879151454633,0.0,0.0,0.0
