,RMSE,MAE,MAPE,PI Width,CI Coverage,PI Overlap
mean,520.4242310418301,457.4575846354166,7.3628928931282696,0.0,0.0,0.0
median,484.4169351227647,416.8181355794271,6.693259259164215,0.0,0.0,0.0
std,158.97334556744062,149.1024201816286,2.385691669229489,0.0,0.0,0.0
