,RMSE,MAE,MAPE,PI Width,CI Coverage,PI Overlap
mean,397.6162455149484,340.78318549262156,5.5373084850193,0.0,0.0,0.0
median,366.7820510930652,311.66621907552087,5.053307990556817,0.0,0.0,0.0
std,124.52316684525351,115.6629158088617,1.7956759050446773,0.0,0.0,0.0
