,RMSE,MAE,MAPE,PI Width,CI Coverage,PI Overlap
mean,3062.579988160035,2937.655088297526,32.77564820678021,0.0,0.0,0.0
std,10.301425764132317,10.414111717994421,0.11844410438888686,0.0,0.0,0.0
