,RMSE,MAE,MAPE,PI Width,CI Coverage,PI Overlap
mean,553.9738890162887,491.1842041015625,7.887012366320565,0.0,0.0,0.0
median,554.2120645408024,491.42765299479163,7.890924970006788,0.0,0.0,0.0
std,0.8055360205823036,0.8233632421454377,0.013232732396469772,0.0,0.0,0.0
