,RMSE,MAE,MAPE,PI Width,CI Coverage,PI Overlap
mean,474.68183422921084,413.601458062066,6.643037746582304,0.0,0.0,0.0
median,471.85286553649246,411.0820515950521,6.602728674944862,0.0,0.0,0.0
std,11.630262514197366,11.21479242028144,0.1795521307225927,0.0,0.0,0.0
