,RMSE,MAE,MAPE,PI Width,CI Coverage,PI Overlap
mean,1284.3279812273113,1229.4462893591985,20.19356926294982,0.0,0.0,0.0
median,794.0435104055862,726.845458984375,11.691790330577899,0.0,0.0,0.0
std,1391.098122165513,1411.652971088528,23.151120452364317,0.0,0.0,0.0
