,RMSE,MAE,MAPE,PI Width,CI Coverage,PI Overlap
mean,464.66432024139635,406.9293484157986,6.576153119762661,0.0,0.0,0.0
median,432.46396206076,374.703857421875,6.039885835788679,0.0,0.0,0.0
std,118.18868419136106,112.0744231380419,1.763449757228925,0.0,0.0,0.0
