,RMSE,MAE,MAPE,PI Width,CI Coverage,PI Overlap
mean,522.2964377394798,460.79186469184026,7.4122807791954965,0.0,0.0,0.0
median,502.64315816752253,437.3405354817708,7.021660573066662,0.0,0.0,0.0
std,103.10780454541377,98.38307409289662,1.5625937135849277,0.0,0.0,0.0
