,RMSE,MAE,MAPE,PI Width,CI Coverage,PI Overlap
mean,344.5625335593553,295.2844373914931,4.7796238480719815,0.0,0.0,0.0
median,344.5832378778116,295.44844563802087,4.781536570869168,0.0,0.0,0.0
std,0.6196165145249306,0.5621230541331805,0.008658283939472964,0.0,0.0,0.0
