,RMSE,MAE,MAPE,PI Width,CI Coverage,PI Overlap
mean,243.13292452224198,183.94718478732642,3.1472614094066222,0.0,0.0,0.0
median,243.15311155092104,184.00087076822916,3.148344522299789,0.0,0.0,0.0
std,0.382629650862102,0.44736230526069315,0.007091342766280081,0.0,0.0,0.0
