,RMSE,MAE,MAPE,PI Width,CI Coverage,PI Overlap
mean,376.75068312163205,325.50057101779515,5.259455570790248,0.0,0.0,0.0
median,377.71560995795693,326.3668009440104,5.2706192996826635,0.0,0.0,0.0
std,26.501850134107023,23.821599246746946,0.36818356704305644,0.0,0.0,0.0
