,RMSE,MAE,MAPE,PI Width,CI Coverage,PI Overlap
mean,269.3058631537533,224.900836859809,3.6912597530300117,0.0,0.0,0.0
median,272.96698105716337,225.23881022135416,3.690926612533165,0.0,0.0,0.0
std,18.848468703951582,14.964741514658758,0.22131715808048452,0.0,0.0,0.0
