,RMSE,MAE,MAPE,PI Width,CI Coverage,PI Overlap
mean,675.7375572450924,590.3866753472222,9.467040090267465,0.0,0.0,0.0
median,649.4493021476812,566.6713053385417,9.087095462253933,0.0,0.0,0.0
std,178.40038405351345,154.42583499227794,2.4525398971824535,0.0,0.0,0.0
