,RMSE,MAE,MAPE,PI Width,CI Coverage,PI Overlap
mean,3027.2048150325395,2917.5395721435552,32.61387662805471,0.0,0.0,0.0
std,65.03820504035092,67.41748090381824,0.774987091294181,0.0,0.0,0.0
