,RMSE,MAE,MAPE,PI Width,CI Coverage,PI Overlap
mean,396.56716338237396,346.70230712890617,5.609176114033486,0.0,0.0,0.0
std,46.98403543203917,42.011755656367484,0.680685528207759,0.0,0.0,0.0
