,RMSE,MAE,MAPE,PI Width,CI Coverage,PI Overlap
mean,285.0744011244737,218.13782194804372,3.935187782562584,0.0,0.0,0.0
std,24.099534122799646,26.300890960544574,0.48272023959438115,0.0,0.0,0.0
