,RMSE,MAE,MAPE,PI Width,CI Coverage,PI Overlap
mean,403.4213849894704,348.17624511718753,5.645066735699262,0.0,0.0,0.0
std,73.50381086995442,67.52859928906338,1.0458184807385322,0.0,0.0,0.0
