,RMSE,MAE,MAPE,PI Width,CI Coverage,PI Overlap
mean,288.9808067601798,225.0512545072115,4.072076789698599,0.0,0.0,0.0
median,290.1358283615431,225.55137595152246,4.086093309169309,0.0,0.0,0.0
std,5.481578067698022,7.255190333032525,0.14184489567790326,0.0,0.0,0.0
