,RMSE,MAE,MAPE,PI Width,CI Coverage,PI Overlap
mean,3039.2550708052486,2932.0133911132816,32.78896693622217,0.0,0.0,0.0
std,99.31091992387367,103.15995258708841,1.1859983046639213,0.0,0.0,0.0
