,RMSE,MAE,MAPE,PI Width,CI Coverage,PI Overlap
mean,383.43138267923246,331.5570678710938,5.353458941996577,0.0,0.0,0.0
median,381.52124200541414,330.394775390625,5.3367330559156265,0.0,0.0,0.0
std,14.164987221084798,11.717479575238741,0.18202022023777167,0.0,0.0,0.0
