,RMSE,MAE,MAPE,PI Width,CI Coverage,PI Overlap
mean,281.9471180104848,217.5032456808943,3.960391829108566,0.0,0.0,0.0
std,13.361251159087695,13.698820591561015,0.26659527764344554,0.0,0.0,0.0
