,RMSE,MAE,MAPE,PI Width,CI Coverage,PI Overlap
mean,436.5078971517636,380.76026204427086,6.154712416934033,0.0,0.0,0.0
median,403.0473649185075,350.59427897135413,5.667909835432898,0.0,0.0,0.0
std,106.44669915700554,96.91321258621402,1.5229891373817983,0.0,0.0,0.0
