,RMSE,MAE,MAPE,PI Width,CI Coverage,PI Overlap
mean,463.17915891155246,404.2266696506077,6.5034289462411445,0.0,0.0,0.0
std,175.56361399878602,161.40721783676932,2.5730354171885135,0.0,0.0,0.0
