,RMSE,MAE,MAPE,PI Width,CI Coverage,PI Overlap
mean,370.41194555471884,314.3534301757812,5.152260983947998,0.0,0.0,0.0
median,318.92953191515835,255.43613688151044,4.270495136432083,0.0,0.0,0.0
std,146.78650527251423,132.99856867319386,2.0732975018693023,0.0,0.0,0.0
