,RMSE,MAE,MAPE,PI Width,CI Coverage,PI Overlap
mean,451.73312177716554,388.85912950303816,6.262289614297229,0.0,0.0,0.0
median,464.5202676325939,400.13201904296875,6.426045279179139,0.0,0.0,0.0
std,38.08115251424352,35.553445881801785,0.5156668643788483,0.0,0.0,0.0
