,RMSE,MAE,MAPE,PI Width,CI Coverage,PI Overlap
mean,261.09032703627776,202.5574476453993,3.4151650656178405,0.0,0.0,0.0
median,255.0860386114622,197.1576639811198,3.314654521236652,0.0,0.0,0.0
std,24.099407681509057,24.266082991687117,0.4356195783115865,0.0,0.0,0.0
