,RMSE,MAE,MAPE,PI Width,CI Coverage,PI Overlap
mean,490.83178296562875,427.0673936631944,6.857750346174382,0.0,0.0,0.0
median,493.2266654641709,429.40476481119794,6.895136550674037,0.0,0.0,0.0
std,17.32365059316517,16.83855293090408,0.26970942797061626,0.0,0.0,0.0
