,RMSE,MAE,MAPE,PI Width,CI Coverage,PI Overlap
mean,3705.713387913385,2902.3671495437625,46.813963212379356,0.0,0.0,0.0
median,1988.6671058896804,1650.033706665039,26.862293373809578,0.0,0.0,0.0
std,5369.439039403701,3786.2672458373027,60.18792536288701,0.0,0.0,0.0
