True,Pred
5750,3737.8975
5399,3902.0652
6123,1907.2509
5730,3970.5073
6015,3361.341
5989,7002.35
6333,4509.0
6388,5471.236
6048,848.13025
6322,-549.07495
6405,-2527.9497
6523,2452.6482
