,RMSE,MAE,MAPE,PI Width,CI Coverage,PI Overlap
mean,523.9160764951321,454.70599355771554,8.087778326421857,0.0,0.0,0.0
std,213.61509806210893,209.86287891922348,3.7600176081869554,0.0,0.0,0.0
