,RMSE,MAE,MAPE,PI Width,CI Coverage,PI Overlap
mean,634.4425861446508,558.5992092556423,8.976619064324758,0.0,0.0,0.0
median,656.9152689374428,576.6747639973959,9.249768490284785,0.0,0.0,0.0
std,169.5153478376252,155.5283459591424,2.461068239782554,0.0,0.0,0.0
