,RMSE,MAE,MAPE,PI Width,CI Coverage,PI Overlap
mean,392.875926098531,343.1076605902778,5.558001572241415,0.0,0.0,0.0
median,380.4261249453033,332.08465576171875,5.3776542567523045,0.0,0.0,0.0
std,41.31814684290294,35.494114951393826,0.5516314766598568,0.0,0.0,0.0
