,RMSE,MAE,MAPE,PI Width,CI Coverage,PI Overlap
mean,304.6347599712333,233.91762654622394,4.251192332414663,0.0,0.0,0.0
median,301.57041436793844,230.211865234375,4.195167129800943,0.0,0.0,0.0
std,16.945969418232988,13.960171475900399,0.25868277055163635,0.0,0.0,0.0
