,RMSE,MAE,MAPE,PI Width,CI Coverage,PI Overlap
mean,5852.6258459988685,5843.721337646907,96.01451857741469,0.0,0.0,0.0
median,5858.132809500876,5849.1630242665615,96.10294041197255,0.0,0.0,0.0
std,126.35575677827919,126.49705316912294,2.083685459712965,0.0,0.0,0.0
