True,Pred
5750,305.4683
5399,305.61432
6123,304.7271
5730,304.72833
6015,304.71942
5989,304.71945
6333,304.71933
6388,304.7193
6048,304.71933
6322,304.71933
6405,304.71933
6523,304.71933
