True,Pred
5750,213.13841
5399,211.46231
6123,197.80003
5730,197.44176
6015,195.8666
5989,195.80106
6333,195.60645
6388,195.59563
6048,195.57135
6322,195.56963
6405,195.56662
6523,195.56635
