True,Pred
4825,116.31279
4462,116.31279
4642,116.31279
4369,116.31279
4672,116.31279
4661,116.31279
4655,116.31279
4716,116.31279
4377,116.31279
4484,116.31279
4911,116.31279
5218,116.31279
5759,116.31279
5456,116.31279
5359,116.31279
5305,116.31279
5769,116.31279
5565,116.31279
5367,116.31279
5633,116.31279
5664,116.31279
6082,116.31279
6505,116.31279
5813,116.31279
6379,116.31279
6091,116.31279
6219,116.31279
6052,116.31279
6105,116.31279
6030,116.31279
5969,116.31279
5707,116.31279
5681,116.31279
6052,116.31279
5904,116.31279
5426,116.31279
6005,116.31279
5766,116.31279
5946,116.31279
5981,116.31279
6104,116.31279
5991,116.31279
5670,116.31279
5709,116.31279
5416,116.31279
5793,116.31279
