True,Pred
5750,85.492256
5399,84.17594
6123,77.37378
5730,77.10346
6015,76.30506
5989,76.254105
6333,76.150536
6388,76.14174
6048,76.12808
6322,76.12666
6405,76.12485
6523,76.124626
