True,Pred
5750,206.71873
5399,205.34192
6123,198.45258
5730,198.32332
6015,197.96936
5989,197.95929
6333,197.94044
6388,197.93977
6048,197.93878
6322,197.9387
6405,197.93866
6523,197.93866
