True,Pred
5750,335.86697
5399,335.65765
6123,332.81253
5730,332.80554
6015,332.7551
5989,332.75488
6333,332.75397
6388,332.75397
6048,332.75394
6322,332.75394
6405,332.75394
6523,332.75394
