True,Pred
5750,631.1672
5399,631.0751
6123,629.40063
5730,629.39856
6015,629.3799
5989,629.3799
6333,629.3797
6388,629.3797
6048,629.3797
6322,629.3797
6405,629.3797
6523,629.3797
