True,Pred
5750,759.3409
5399,759.30316
6123,758.8463
5730,758.846
6015,758.84454
5989,758.84454
6333,758.84454
6388,758.84454
6048,758.84454
6322,758.84454
6405,758.84454
6523,758.84454
