True,Pred
4825,141.22752
4462,141.22752
4642,141.22752
4369,141.22752
4672,141.22752
4661,141.22752
4655,141.22752
4716,141.22752
4377,141.22752
4484,141.22752
4911,141.22752
5218,141.22752
5759,141.22752
5456,141.22752
5359,141.22752
5305,141.22752
5769,141.22752
5565,141.22752
5367,141.22752
5633,141.22752
5664,141.22752
6082,141.22752
6505,141.22752
5813,141.22752
6379,141.22752
6091,141.22752
6219,141.22752
6052,141.22752
6105,141.22752
6030,141.22752
5969,141.22752
5707,141.22752
5681,141.22752
6052,141.22752
5904,141.22752
5426,141.22752
6005,141.22752
5766,141.22752
5946,141.22752
5981,141.22752
6104,141.22752
5991,141.22752
5670,141.22752
5709,141.22752
5416,141.22752
5793,141.22752
