True,Pred
4825,153.33441
4462,153.33441
4642,153.33441
4369,153.33441
4672,153.33441
4661,153.33441
4655,153.33441
4716,153.33441
4377,153.33441
4484,153.33441
4911,153.33441
5218,153.33441
5759,153.33441
5456,153.33441
5359,153.33441
5305,153.33441
5769,153.33441
5565,153.33441
5367,153.33441
5633,153.33441
5664,153.33441
6082,153.33441
6505,153.33441
5813,153.33441
6379,153.33441
6091,153.33441
6219,153.33441
6052,153.33441
6105,153.33441
6030,153.33441
5969,153.33441
5707,153.33441
5681,153.33441
6052,153.33441
5904,153.33441
5426,153.33441
6005,153.33441
5766,153.33441
5946,153.33441
5981,153.33441
6104,153.33441
5991,153.33441
5670,153.33441
5709,153.33441
5416,153.33441
5793,153.33441
