True,Pred
5750,193.76044
5399,192.49472
6123,186.58928
5730,186.45177
6015,186.11688
5989,186.10483
6333,186.08507
6388,186.0841
6048,186.08295
6322,186.08289
6405,186.08281
6523,186.08281
