True,Pred
5750,241.10193
5399,241.06233
6123,238.03261
5730,238.02405
6015,237.90016
5989,237.89954
6333,237.89433
6388,237.8943
6048,237.89409
6322,237.89407
6405,237.89407
6523,237.89407
