True,Pred
5750,256.76575
5399,255.80275
6123,243.08855
5730,242.91043
6015,241.71956
5989,241.69293
6333,241.57524
6388,241.57176
6048,241.56007
6322,241.55962
6405,241.55846
6523,241.5584
