True,Pred
5750,252.65141
5399,251.91736
6123,245.98611
5730,245.9201
6015,245.66444
5989,245.65991
6333,245.64862
6388,245.64835
6048,245.64784
6322,245.64784
6405,245.64783
6523,245.64783
