True,Pred
5750,258.22046
5399,257.06174
6123,244.2957
5730,244.07904
6015,242.91747
5989,242.88571
6333,242.7747
6388,242.77058
6048,242.75992
6322,242.75943
6405,242.7584
6523,242.75832
