True,Pred
4825,151.41718
4462,151.41718
4642,151.41718
4369,151.41718
4672,151.41718
4661,151.41718
4655,151.41718
4716,151.41718
4377,151.41718
4484,151.41718
4911,151.41718
5218,151.41718
5759,151.41718
5456,151.41718
5359,151.41718
5305,151.41718
5769,151.41718
5565,151.41718
5367,151.41718
5633,151.41718
5664,151.41718
6082,151.41718
6505,151.41718
5813,151.41718
6379,151.41718
6091,151.41718
6219,151.41718
6052,151.41718
6105,151.41718
6030,151.41718
5969,151.41718
5707,151.41718
5681,151.41718
6052,151.41718
5904,151.41718
5426,151.41718
6005,151.41718
5766,151.41718
5946,151.41718
5981,151.41718
6104,151.41718
5991,151.41718
5670,151.41718
5709,151.41718
5416,151.41718
5793,151.41718
