True,Pred
5750,294.30832
5399,294.22577
6123,292.46838
5730,292.46512
6015,292.43604
5989,292.43594
6333,292.43552
6388,292.43552
6048,292.43552
6322,292.43552
6405,292.43552
6523,292.43552
