True,Pred
4825,207.92278
4462,207.92278
4642,207.92278
4369,207.92278
4672,207.92278
4661,207.92278
4655,207.92278
4716,207.92278
4377,207.92278
4484,207.92278
4911,207.92278
5218,207.92278
5759,207.92278
5456,207.92278
5359,207.92278
5305,207.92278
5769,207.92278
5565,207.92278
5367,207.92278
5633,207.92278
5664,207.92278
6082,207.92278
6505,207.92278
5813,207.92278
6379,207.92278
6091,207.92278
6219,207.92278
6052,207.92278
6105,207.92278
6030,207.92278
5969,207.92278
5707,207.92278
5681,207.92278
6052,207.92278
5904,207.92278
5426,207.92278
6005,207.92278
5766,207.92278
5946,207.92278
5981,207.92278
6104,207.92278
5991,207.92278
5670,207.92278
5709,207.92278
5416,207.92278
5793,207.92278
