True,Pred
5750,125.185135
5399,124.96889
6123,123.76538
5730,123.75186
6015,123.71102
5989,123.71032
6333,123.708916
6388,123.70888
6048,123.70882
6322,123.70882
6405,123.70882
6523,123.70882
