True,Pred
5750,219.54689
5399,219.43431
6123,218.39339
5730,218.38988
6015,218.37047
5989,218.3704
6333,218.37006
6388,218.37006
6048,218.37006
6322,218.37006
6405,218.37006
6523,218.37006
