True,Pred
5750,170.65392
5399,168.9192
6123,155.28065
5730,155.03793
6015,153.94768
5989,153.91759
6333,153.82457
6388,153.82118
6048,153.81319
6322,153.81284
6405,153.81215
6523,153.8121
