True,Pred
4825,232.69409
4462,232.69409
4642,232.69409
4369,232.69409
4672,232.69409
4661,232.69409
4655,232.69409
4716,232.69409
4377,232.69409
4484,232.69409
4911,232.69409
5218,232.69409
5759,232.69409
5456,232.69409
5359,232.69409
5305,232.69409
5769,232.69409
5565,232.69409
5367,232.69409
5633,232.69409
5664,232.69409
6082,232.69409
6505,232.69409
5813,232.69409
6379,232.69409
6091,232.69409
6219,232.69409
6052,232.69409
6105,232.69409
6030,232.69409
5969,232.69409
5707,232.69409
5681,232.69409
6052,232.69409
5904,232.69409
5426,232.69409
6005,232.69409
5766,232.69409
5946,232.69409
5981,232.69409
6104,232.69409
5991,232.69409
5670,232.69409
5709,232.69409
5416,232.69409
5793,232.69409
