True,Pred
4825,198.59904
4462,198.59904
4642,198.59904
4369,198.59904
4672,198.59904
4661,198.59904
4655,198.59904
4716,198.59904
4377,198.59904
4484,198.59904
4911,198.59904
5218,198.59904
5759,198.59904
5456,198.59904
5359,198.59904
5305,198.59904
5769,198.59904
5565,198.59904
5367,198.59904
5633,198.59904
5664,198.59904
6082,198.59904
6505,198.59904
5813,198.59904
6379,198.59904
6091,198.59904
6219,198.59904
6052,198.59904
6105,198.59904
6030,198.59904
5969,198.59904
5707,198.59904
5681,198.59904
6052,198.59904
5904,198.59904
5426,198.59904
6005,198.59904
5766,198.59904
5946,198.59904
5981,198.59904
6104,198.59904
5991,198.59904
5670,198.59904
5709,198.59904
5416,198.59904
5793,198.59904
