True,Pred
4825,266.28998
4462,266.28998
4642,266.28998
4369,266.28998
4672,266.28998
4661,266.28998
4655,266.28998
4716,266.28998
4377,266.28998
4484,266.28998
4911,266.28998
5218,266.28998
5759,266.28998
5456,266.28998
5359,266.28998
5305,266.28998
5769,266.28998
5565,266.28998
5367,266.28998
5633,266.28998
5664,266.28998
6082,266.28998
6505,266.28998
5813,266.28998
6379,266.28998
6091,266.28998
6219,266.28998
6052,266.28998
6105,266.28998
6030,266.28998
5969,266.28998
5707,266.28998
5681,266.28998
6052,266.28998
5904,266.28998
5426,266.28998
6005,266.28998
5766,266.28998
5946,266.28998
5981,266.28998
6104,266.28998
5991,266.28998
5670,266.28998
5709,266.28998
5416,266.28998
5793,266.28998
