True,Pred
5750,98.4322
5399,97.78662
6123,91.912674
5730,91.82007
6015,91.42032
5989,91.41009
6333,91.38138
6388,91.38039
6048,91.3783
6322,91.378204
6405,91.37806
6523,91.37806
