True,Pred
4825,184.22488
4462,184.22488
4642,184.22488
4369,184.22488
4672,184.22488
4661,184.22488
4655,184.22488
4716,184.22488
4377,184.22488
4484,184.22488
4911,184.22488
5218,184.22488
5759,184.22488
5456,184.22488
5359,184.22488
5305,184.22488
5769,184.22488
5565,184.22488
5367,184.22488
5633,184.22488
5664,184.22488
6082,184.22488
6505,184.22488
5813,184.22488
6379,184.22488
6091,184.22488
6219,184.22488
6052,184.22488
6105,184.22488
6030,184.22488
5969,184.22488
5707,184.22488
5681,184.22488
6052,184.22488
5904,184.22488
5426,184.22488
6005,184.22488
5766,184.22488
5946,184.22488
5981,184.22488
6104,184.22488
5991,184.22488
5670,184.22488
5709,184.22488
5416,184.22488
5793,184.22488
