,RMSE,MAE,MAPE,PI Width,CI Coverage,PI Overlap
mean,433.5503670696396,375.7143229166667,6.055216110553695,0.0,0.0,0.0
median,433.42394282760426,375.6563720703125,6.054336909430992,0.0,0.0,0.0
std,6.0376682857304145,4.466377659185089,0.06776163765370134,0.0,0.0,0.0
