,RMSE,MAE,MAPE,PI Width,CI Coverage,PI Overlap
mean,1254.3792285778688,1208.185710144043,19.760181773635956,0.0,0.0,0.0
median,547.9726159574116,482.7622884114583,7.751659036358461,0.0,0.0,0.0
std,1405.3103499596214,1422.0366766359682,23.344607225802186,0.0,0.0,0.0
