,RMSE,MAE,MAPE,PI Width,CI Coverage,PI Overlap
mean,2276.440458927512,2018.0297546386716,32.41220150763221,0.0,0.0,0.0
median,2296.8300847052806,2023.7685241699219,32.46875389547917,0.0,0.0,0.0
std,717.5131064348226,667.1764017044019,10.778385597823311,0.0,0.0,0.0
