,RMSE,MAE,MAPE,PI Width,CI Coverage,PI Overlap
mean,319.95960010440047,272.7104641384548,4.419556503806237,0.0,0.0,0.0
median,264.84815702218395,221.44868977864581,3.6067079216693916,0.0,0.0,0.0
std,109.83606943987483,101.22838982830392,1.6024212440422023,0.0,0.0,0.0
