,RMSE,MAE,MAPE,PI Width,CI Coverage,PI Overlap
mean,367.81833989334274,316.3751003689237,5.11310497188387,0.0,0.0,0.0
median,366.71620090220597,315.38521321614587,5.097736932590642,0.0,0.0,0.0
std,5.965597071712655,5.328186556537515,0.08316559422665197,0.0,0.0,0.0
