,RMSE,MAE,MAPE,PI Width,CI Coverage,PI Overlap
mean,301.5920667454397,250.4225735134549,4.1146646566965295,0.0,0.0,0.0
median,297.66520768476664,244.86907958984375,4.031787573732002,0.0,0.0,0.0
std,11.320715277833246,12.198582690921583,0.18032179717479818,0.0,0.0,0.0
