,RMSE,MAE,MAPE,PI Width,CI Coverage,PI Overlap
mean,424.0368101740083,368.0337646484375,5.9142395690757485,0.0,0.0,0.0
median,425.2400245881872,368.97857666015625,5.928474461329424,0.0,0.0,0.0
std,7.573468073098524,6.4290357421306235,0.10147827585538748,0.0,0.0,0.0
