,RMSE,MAE,MAPE,PI Width,CI Coverage,PI Overlap
mean,304.6877402549678,261.1236056857639,4.281380719512819,0.0,0.0,0.0
median,279.81011109478357,235.9872029622396,3.8795250975160758,0.0,0.0,0.0
std,54.76340051276104,51.66643563397323,0.8258113305983482,0.0,0.0,0.0
