,RMSE,MAE,MAPE,PI Width,CI Coverage,PI Overlap
mean,2768.828799890033,2642.1162665473094,29.421884513006137,0.0,0.0,0.0
std,134.09302405151948,136.55004041761,1.5542809295145477,0.0,0.0,0.0
