,RMSE,MAE,MAPE,PI Width,CI Coverage,PI Overlap
mean,455.13191500835933,395.8896402994791,6.374426623169262,0.0,0.0,0.0
median,454.70524838114284,394.90496826171875,6.361553202404405,0.0,0.0,0.0
std,114.02200814152538,104.99711958242874,1.667819831819505,0.0,0.0,0.0
