,RMSE,MAE,MAPE,PI Width,CI Coverage,PI Overlap
mean,405.30863362141156,352.75695800781244,5.673730152809745,0.0,0.0,0.0
median,405.3611163827694,352.8193359375,5.6744613843055625,0.0,0.0,0.0
std,7.867976120360576,6.597579173677588,0.10405925878950137,0.0,0.0,0.0
