,RMSE,MAE,MAPE,PI Width,CI Coverage,PI Overlap
mean,407.61657643616843,352.98390028211804,5.713701821140451,0.0,0.0,0.0
median,392.78844475933136,342.34202067057294,5.542153045403143,0.0,0.0,0.0
std,72.34288553986245,64.76867641694591,1.0035058341803293,0.0,0.0,0.0
