,RMSE,MAE,MAPE,PI Width,CI Coverage,PI Overlap
mean,355.15620963347203,305.5494425455729,4.945957123809919,0.0,0.0,0.0
median,357.39632415260127,307.65787760416663,4.977983999696301,0.0,0.0,0.0
std,25.808271514054077,22.686224978329502,0.34602917619216034,0.0,0.0,0.0
