,RMSE,MAE,MAPE,PI Width,CI Coverage,PI Overlap
mean,350.8453857433828,302.73121473524304,4.92669557534978,0.0,0.0,0.0
median,333.76075015070415,285.05301920572913,4.627293846975457,0.0,0.0,0.0
std,72.37309521019162,76.64008348823086,1.2942467587610922,0.0,0.0,0.0
