,RMSE,MAE,MAPE,PI Width,CI Coverage,PI Overlap
mean,263.1814829720176,220.62059868706598,3.6313747125335047,0.0,0.0,0.0
std,24.17528423263486,18.667447477113658,0.27370323828675336,0.0,0.0,0.0
