,RMSE,MAE,MAPE,PI Width,CI Coverage,PI Overlap
mean,244.95492028756306,185.481103515625,3.1729844512078076,0.0,0.0,0.0
median,245.11014886617818,185.50358072916669,3.173222693864332,0.0,0.0,0.0
std,0.5904660418465532,0.8078983736265585,0.013846321207748329,0.0,0.0,0.0
