,RMSE,MAE,MAPE,PI Width,CI Coverage,PI Overlap
mean,347.22843291710706,298.5656005859375,4.834664672534995,0.0,0.0,0.0
median,347.36247243581266,298.6616414388021,4.837882359205853,0.0,0.0,0.0
std,4.0709216562888635,3.6244696112026435,0.05639148936852849,0.0,0.0,0.0
