,RMSE,MAE,MAPE,PI Width,CI Coverage,PI Overlap
mean,2080.58408298113,1828.9989935557048,29.585109183620936,0.0,0.0,0.0
median,1915.0158142161763,1579.5885314941406,25.29419072222889,0.0,0.0,0.0
std,1295.1367247372857,1075.2472502360831,17.331993543032564,0.0,0.0,0.0
