True,Pred
5750,4613.7812
5399,3783.4294
6123,3608.8713
5730,3392.09
6015,2908.2385
5989,2086.4075
6333,1191.3168
6388,1211.8024
6048,1849.6024
6322,1795.261
6405,806.05914
6523,260.20853
