,RMSE,MAE,MAPE,PI Width,CI Coverage,PI Overlap
mean,358.7976232048205,311.8936862521701,5.102740382113052,0.0,0.0,0.0
median,333.39028353216116,284.4705607096354,4.633190711210702,0.0,0.0,0.0
std,87.71978027360205,94.63312519494471,1.5965265367178378,0.0,0.0,0.0
