,RMSE,MAE,MAPE,PI Width,CI Coverage,PI Overlap
mean,3047.1689432157555,2939.6050628662106,32.87316260019898,0.0,0.0,0.0
std,62.766868634105904,64.9870510161581,0.7468897496085969,0.0,0.0,0.0
