,RMSE,MAE,MAPE,PI Width,CI Coverage,PI Overlap
mean,633.934259849894,570.3924153645834,9.16001194851646,0.0,0.0,0.0
median,633.8330603134898,570.2948404947917,9.158443768065258,0.0,0.0,0.0
std,0.72000640057994,0.6950565182072368,0.01117064308323077,0.0,0.0,0.0
