,RMSE,MAE,MAPE,PI Width,CI Coverage,PI Overlap
mean,6093.201026568995,6084.7506208525765,99.98838252076055,0.0,0.0,0.0
median,6093.239899714952,6084.792005450775,99.98910690076563,0.0,0.0,0.0
std,0.2387733388256638,0.25566633371964587,0.004499875552553908,0.0,0.0,0.0
