True,Pred
5750,2.5737896
5399,1.6167818
6123,0.26122433
5730,0.18868041
6015,0.13883965
5989,0.1355937
6333,0.13391164
6388,0.1337733
6048,0.13371626
6322,0.13371067
6405,0.1337087
6523,0.13370849
