True,Pred
5750,2.628874
5399,1.7036084
6123,0.28567973
5730,0.22534287
6015,0.18284325
5989,0.18058726
6333,0.1794456
6388,0.17936932
6048,0.17933854
6322,0.1793361
6405,0.17933527
6523,0.17933519
