True,Pred
5750,1.1878285
5399,0.81794053
6123,0.15767294
5730,0.13891402
6015,0.122807465
5989,0.12207751
6333,0.12164689
6388,0.12162099
6048,0.1216094
6322,0.121608526
6405,0.12160822
6523,0.12160818
