True,Pred
5750,1.9037863
5399,1.1729034
6123,0.24406852
5730,0.20507579
6015,0.17992574
5989,0.17863275
6333,0.17801471
6388,0.17797522
6048,0.17795996
6322,0.17795882
6405,0.17795843
6523,0.1779584
