True,Pred
5750,1.5570834
5399,0.9061443
6123,0.15435761
5730,0.12243369
6015,0.101528384
5989,0.10030185
6333,0.09974035
6388,0.099699214
6048,0.099684015
6322,0.0996827
6405,0.09968229
6523,0.09968224
