True,Pred
4825,2.540123
4462,2.540123
4642,2.540123
4369,2.540123
4672,2.540123
4661,2.540123
4655,2.540123
4716,2.540123
4377,2.540123
4484,2.540123
4911,2.540123
5218,2.540123
5759,2.540123
5456,2.540123
5359,2.540123
5305,2.540123
5769,2.540123
5565,2.540123
5367,2.540123
5633,2.540123
5664,2.540123
6082,2.540123
6505,2.540123
5813,2.540123
6379,2.540123
6091,2.540123
6219,2.540123
6052,2.540123
6105,2.540123
6030,2.540123
5969,2.540123
5707,2.540123
5681,2.540123
6052,2.540123
5904,2.540123
5426,2.540123
6005,2.540123
5766,2.540123
5946,2.540123
5981,2.540123
6104,2.540123
5991,2.540123
5670,2.540123
5709,2.540123
5416,2.540123
5793,2.540123
