True,Pred
5750,2.8285174
5399,1.8357648
6123,0.3132272
5730,0.23810776
6015,0.18701242
5989,0.18408029
6333,0.18265638
6388,0.18255492
6048,0.18251517
6322,0.18251182
6405,0.1825107
6523,0.1825106
