True,Pred
4825,3.66035
4462,3.66035
4642,3.66035
4369,3.66035
4672,3.66035
4661,3.66035
4655,3.66035
4716,3.66035
4377,3.66035
4484,3.66035
4911,3.66035
5218,3.66035
5759,3.66035
5456,3.66035
5359,3.66035
5305,3.66035
5769,3.66035
5565,3.66035
5367,3.66035
5633,3.66035
5664,3.66035
6082,3.66035
6505,3.66035
5813,3.66035
6379,3.66035
6091,3.66035
6219,3.66035
6052,3.66035
6105,3.66035
6030,3.66035
5969,3.66035
5707,3.66035
5681,3.66035
6052,3.66035
5904,3.66035
5426,3.66035
6005,3.66035
5766,3.66035
5946,3.66035
5981,3.66035
6104,3.66035
5991,3.66035
5670,3.66035
5709,3.66035
5416,3.66035
5793,3.66035
