True,Pred
4825,4.315804
4462,4.315804
4642,4.315804
4369,4.315804
4672,4.315804
4661,4.315804
4655,4.315804
4716,4.315804
4377,4.315804
4484,4.315804
4911,4.315804
5218,4.315804
5759,4.315804
5456,4.315804
5359,4.315804
5305,4.315804
5769,4.315804
5565,4.315804
5367,4.315804
5633,4.315804
5664,4.315804
6082,4.315804
6505,4.315804
5813,4.315804
6379,4.315804
6091,4.315804
6219,4.315804
6052,4.315804
6105,4.315804
6030,4.315804
5969,4.315804
5707,4.315804
5681,4.315804
6052,4.315804
5904,4.315804
5426,4.315804
6005,4.315804
5766,4.315804
5946,4.315804
5981,4.315804
6104,4.315804
5991,4.315804
5670,4.315804
5709,4.315804
5416,4.315804
5793,4.315804
