True,Pred
4825,6.822438
4462,6.822438
4642,6.822438
4369,6.822438
4672,6.822438
4661,6.822438
4655,6.822438
4716,6.822438
4377,6.822438
4484,6.822438
4911,6.822438
5218,6.822438
5759,6.822438
5456,6.822438
5359,6.822438
5305,6.822438
5769,6.822438
5565,6.822438
5367,6.822438
5633,6.822438
5664,6.822438
6082,6.822438
6505,6.822438
5813,6.822438
6379,6.822438
6091,6.822438
6219,6.822438
6052,6.822438
6105,6.822438
6030,6.822438
5969,6.822438
5707,6.822438
5681,6.822438
6052,6.822438
5904,6.822438
5426,6.822438
6005,6.822438
5766,6.822438
5946,6.822438
5981,6.822438
6104,6.822438
5991,6.822438
5670,6.822438
5709,6.822438
5416,6.822438
5793,6.822438
