True,Pred
5750,6.2498493
5399,4.342533
6123,0.8980848
5730,0.5567608
6015,0.27401435
5989,0.23980778
6333,0.21994223
6388,0.21702549
6048,0.21564753
6322,0.21541145
6405,0.21531487
6523,0.21529631
