True,Pred
5750,1.9179045
5399,1.2360872
6123,0.18640548
5730,0.16722281
6015,0.15079314
5989,0.15027072
6333,0.14995947
6388,0.14994664
6048,0.14994073
6322,0.14994043
6405,0.14994031
6523,0.1499403
