True,Pred
5750,2.5002918
5399,1.5412707
6123,0.25021386
5730,0.18674578
6015,0.14437008
5989,0.14178751
6333,0.14055097
6388,0.14045665
6048,0.14042047
6322,0.1404172
6405,0.14041613
6523,0.14041603
