True,Pred
5750,4.9033427
5399,3.0727758
6123,0.58058566
5730,0.3289172
6015,0.17134443
5989,0.1544368
6333,0.14653316
6388,0.14554395
6048,0.14515886
6322,0.14510402
6405,0.1450851
6523,0.14508215
