True,Pred
5750,2.540123
5399,1.5645185
6123,0.233197
5730,0.1716619
6015,0.13210553
5989,0.12995154
6333,0.1289675
6388,0.12889999
6048,0.12887543
6322,0.12887344
6405,0.12887283
6523,0.12887278
