True,Pred
5750,4.155718
5399,2.5166547
6123,0.37397584
5730,0.24334145
6015,0.16846144
5989,0.16379471
6333,0.16172667
6388,0.16157117
6048,0.16151406
6322,0.16150907
6405,0.16150749
6523,0.16150732
