True,Pred
5750,3.3864732
5399,2.2067275
6123,0.38166645
5730,0.27394274
6015,0.1932062
5989,0.18721113
6333,0.18397719
6388,0.18367667
6048,0.18354659
6322,0.18353225
6405,0.18352698
6523,0.18352634
