True,Pred
4825,4.1557183
4462,4.155718
4642,4.1557183
4369,4.155718
4672,4.155718
4661,4.155718
4655,4.1557183
4716,4.1557183
4377,4.1557183
4484,4.155718
4911,4.1557183
5218,4.1557183
5759,4.1557183
5456,4.155718
5359,4.155718
5305,4.1557183
5769,4.1557183
5565,4.155718
5367,4.155718
5633,4.1557183
5664,4.155718
6082,4.155718
6505,4.155718
5813,4.155718
6379,4.155718
6091,4.155718
6219,4.155718
6052,4.155718
6105,4.155718
6030,4.155718
5969,4.155718
5707,4.155718
5681,4.155718
6052,4.155718
5904,4.155718
5426,4.155718
6005,4.155718
5766,4.155718
5946,4.155718
5981,4.155718
6104,4.155718
5991,4.155718
5670,4.155718
5709,4.155718
5416,4.155718
5793,4.1557183
