True,Pred
5750,3.66035
5399,2.2590582
6123,0.36840907
5730,0.2253359
6015,0.1387249
5989,0.13148923
6333,0.12814479
6388,0.12780106
6048,0.1276694
6322,0.12765327
6405,0.12764794
6523,0.12764718
