True,Pred
5750,6.1779275
5399,4.1495643
6123,0.8143206
5730,0.49244687
6015,0.2456778
5989,0.21807224
6333,0.20290866
6388,0.20085394
6048,0.19993109
6322,0.19978547
6405,0.19972873
6523,0.19971871
