True,Pred
5750,2.7074854
5399,1.7469981
6123,0.27156332
5730,0.19904184
6015,0.14404021
5989,0.14043818
6333,0.13849744
6388,0.13833462
6048,0.13826543
6322,0.13825846
6405,0.13825595
6523,0.13825567
