True,Pred
5750,3.0384858
5399,1.7834446
6123,0.2874167
5730,0.20311192
6015,0.14738426
5989,0.14344063
6333,0.14147472
6388,0.1413023
6048,0.14123254
6322,0.14122534
6405,0.14122283
6523,0.14122255
