True,Pred
4825,4.9033427
4462,4.9033427
4642,4.9033427
4369,4.9033427
4672,4.9033427
4661,4.9033427
4655,4.9033427
4716,4.9033427
4377,4.9033427
4484,4.9033427
4911,4.9033427
5218,4.9033427
5759,4.9033427
5456,4.9033427
5359,4.9033427
5305,4.9033427
5769,4.9033427
5565,4.9033427
5367,4.9033427
5633,4.9033427
5664,4.9033427
6082,4.9033427
6505,4.9033427
5813,4.9033427
6379,4.9033427
6091,4.9033427
6219,4.9033427
6052,4.9033427
6105,4.9033427
6030,4.9033427
5969,4.9033427
5707,4.9033427
5681,4.9033427
6052,4.9033427
5904,4.9033427
5426,4.9033427
6005,4.9033427
5766,4.9033427
5946,4.9033427
5981,4.9033427
6104,4.9033427
5991,4.9033427
5670,4.9033427
5709,4.9033427
5416,4.9033427
5793,4.9033427
