True,Pred
4825,3.3509438
4462,3.3509438
4642,3.3509438
4369,3.3509438
4672,3.3509438
4661,3.3509438
4655,3.3509438
4716,3.3509438
4377,3.3509438
4484,3.3509438
4911,3.3509438
5218,3.3509438
5759,3.3509438
5456,3.3509438
5359,3.3509438
5305,3.3509438
5769,3.3509438
5565,3.3509438
5367,3.3509438
5633,3.3509438
5664,3.3509438
6082,3.3509438
6505,3.3509438
5813,3.3509438
6379,3.3509438
6091,3.3509438
6219,3.3509438
6052,3.3509438
6105,3.3509438
6030,3.3509438
5969,3.3509438
5707,3.3509438
5681,3.3509438
6052,3.3509438
5904,3.3509438
5426,3.3509438
6005,3.3509438
5766,3.3509438
5946,3.3509438
5981,3.3509438
6104,3.3509438
5991,3.3509438
5670,3.3509438
5709,3.3509438
5416,3.3509438
5793,3.3509438
