True,Pred
5750,2.9076295
5399,1.8738712
6123,0.31446993
5730,0.22547616
6015,0.16057144
5989,0.15574728
6333,0.15319757
6388,0.15296185
6048,0.15286133
6322,0.15285031
6405,0.15284634
6523,0.15284584
