True,Pred
4825,2.5737896
4462,2.5737896
4642,2.5737896
4369,2.5737896
4672,2.5737896
4661,2.5737896
4655,2.5737896
4716,2.5737896
4377,2.5737896
4484,2.5737896
4911,2.5737896
5218,2.5737896
5759,2.5737896
5456,2.5737896
5359,2.5737896
5305,2.5737896
5769,2.5737896
5565,2.5737896
5367,2.5737896
5633,2.5737896
5664,2.5737896
6082,2.5737896
6505,2.5737896
5813,2.5737896
6379,2.5737896
6091,2.5737896
6219,2.5737896
6052,2.5737896
6105,2.5737896
6030,2.5737896
5969,2.5737896
5707,2.5737896
5681,2.5737896
6052,2.5737896
5904,2.5737896
5426,2.5737896
6005,2.5737896
5766,2.5737896
5946,2.5737896
5981,2.5737896
6104,2.5737896
5991,2.5737896
5670,2.5737896
5709,2.5737896
5416,2.5737896
5793,2.5737896
