True,Pred
4825,2.982815
4462,2.982815
4642,2.982815
4369,2.982815
4672,2.982815
4661,2.982815
4655,2.982815
4716,2.982815
4377,2.982815
4484,2.982815
4911,2.982815
5218,2.982815
5759,2.982815
5456,2.982815
5359,2.982815
5305,2.982815
5769,2.982815
5565,2.982815
5367,2.982815
5633,2.982815
5664,2.982815
6082,2.982815
6505,2.982815
5813,2.982815
6379,2.982815
6091,2.982815
6219,2.982815
6052,2.982815
6105,2.982815
6030,2.982815
5969,2.982815
5707,2.982815
5681,2.982815
6052,2.982815
5904,2.982815
5426,2.982815
6005,2.982815
5766,2.982815
5946,2.982815
5981,2.982815
6104,2.982815
5991,2.982815
5670,2.982815
5709,2.982815
5416,2.982815
5793,2.982815
