True,Pred
4825,5.5144224
4462,5.5144224
4642,5.5144224
4369,5.5144224
4672,5.5144224
4661,5.5144224
4655,5.5144224
4716,5.5144224
4377,5.5144224
4484,5.5144224
4911,5.5144224
5218,5.5144224
5759,5.5144224
5456,5.5144224
5359,5.5144224
5305,5.5144224
5769,5.5144224
5565,5.5144224
5367,5.5144224
5633,5.5144224
5664,5.5144224
6082,5.5144224
6505,5.5144224
5813,5.5144224
6379,5.5144224
6091,5.5144224
6219,5.5144224
6052,5.5144224
6105,5.5144224
6030,5.5144224
5969,5.5144224
5707,5.5144224
5681,5.5144224
6052,5.5144224
5904,5.5144224
5426,5.5144224
6005,5.5144224
5766,5.5144224
5946,5.5144224
5981,5.5144224
6104,5.5144224
5991,5.5144224
5670,5.5144224
5709,5.5144224
5416,5.5144224
5793,5.5144224
