True,Pred
5750,3.8201592
5399,2.526206
6123,0.46497446
5730,0.30279815
6015,0.18195017
5989,0.17105728
6333,0.16520616
6388,0.16456227
6048,0.16427988
6322,0.16424352
6405,0.16422977
6523,0.16422775
