True,Pred
5750,3.1455958
5399,1.7605722
6123,0.25574455
5730,0.16770367
6015,0.120476395
5989,0.117267594
6333,0.1159502
6388,0.11584076
6048,0.115803555
6322,0.11579996
6405,0.115798905
6523,0.11579879
