True,Pred
5750,4.0899487
5399,2.680966
6123,0.51728565
5730,0.32541752
6015,0.18760005
5989,0.17330173
6333,0.16582909
6388,0.16488276
6048,0.16447714
6322,0.1644173
6405,0.16439503
6523,0.16439135
