True,Pred
4825,6.2498493
4462,6.2498493
4642,6.2498493
4369,6.2498493
4672,6.2498493
4661,6.2498493
4655,6.2498493
4716,6.2498493
4377,6.2498493
4484,6.2498493
4911,6.2498493
5218,6.2498493
5759,6.2498493
5456,6.2498493
5359,6.2498493
5305,6.2498493
5769,6.2498493
5565,6.2498493
5367,6.2498493
5633,6.2498493
5664,6.2498493
6082,6.2498493
6505,6.2498493
5813,6.2498493
6379,6.2498493
6091,6.2498493
6219,6.2498493
6052,6.2498493
6105,6.2498493
6030,6.2498493
5969,6.2498493
5707,6.2498493
5681,6.2498493
6052,6.2498493
5904,6.2498493
5426,6.2498493
6005,6.2498493
5766,6.2498493
5946,6.2498493
5981,6.2498493
6104,6.2498493
5991,6.2498493
5670,6.2498493
5709,6.2498493
5416,6.2498493
5793,6.2498493
