,RMSE,MAE,MAPE,PI Width,CI Coverage,PI Overlap
mean,466.5141343558902,405.1652492947049,6.5360975685405895,0.0,0.0,0.0
median,422.9293818872703,364.3002726236979,5.865351853286968,0.0,0.0,0.0
std,154.10399021883038,139.4531549226837,2.1998657499800376,0.0,0.0,0.0
