,RMSE,MAE,MAPE,PI Width,CI Coverage,PI Overlap
mean,252.16027465268215,204.38242332175926,3.7538097812698608,0.0,0.0,0.0
median,248.27318587188546,201.70648328993056,3.6867884445991863,0.0,0.0,0.0
std,12.555398425553921,12.441109169925769,0.2609253652166767,0.0,0.0,0.0
