,RMSE,MAE,MAPE,PI Width,CI Coverage,PI Overlap
mean,521.248337274542,451.6339735243055,7.264726027761887,0.0,0.0,0.0
median,467.3215680942135,401.52701822916663,6.454526270614123,0.0,0.0,0.0
std,211.4824996236736,188.02673305668506,2.991346396416354,0.0,0.0,0.0
