,RMSE,MAE,MAPE,PI Width,CI Coverage,PI Overlap
mean,841.4199136647522,755.0063469964106,13.110440229436858,0.0,0.0,0.0
std,389.856189587403,410.5677288261716,7.10767558177148,0.0,0.0,0.0
