,RMSE,MAE,MAPE,PI Width,CI Coverage,PI Overlap
mean,602.4757521396992,530.0714409722223,8.513904712771394,0.0,0.0,0.0
median,555.7355128800452,489.10400390625,7.8488754548481765,0.0,0.0,0.0
std,202.8955709685861,184.4125686247982,2.941690282115254,0.0,0.0,0.0
