,RMSE,MAE,MAPE,PI Width,CI Coverage,PI Overlap
mean,304.2249415628558,241.1376159667969,4.3891064674191815,0.0,0.0,0.0
median,309.7810759967456,238.06546020507812,4.416799015661092,0.0,0.0,0.0
std,34.620620949351604,25.37559683078798,0.46223121925226324,0.0,0.0,0.0
