,RMSE,MAE,MAPE,PI Width,CI Coverage,PI Overlap
mean,342.71140094328535,294.19194607204855,4.766832497595991,0.0,0.0,0.0
median,342.50096146516137,294.06136067708337,4.765350687296131,0.0,0.0,0.0
std,0.6039229051871161,0.4590042739269327,0.006677697709216103,0.0,0.0,0.0
