,RMSE,MAE,MAPE,PI Width,CI Coverage,PI Overlap
mean,5251.3097213129195,5241.424885813395,86.09045761504022,0.0,0.0,0.0
median,5356.367226056964,5346.786173502604,87.82727440852963,0.0,0.0,0.0
std,471.0741291173757,471.9934772360954,7.777841287790193,0.0,0.0,0.0
