,RMSE,MAE,MAPE,PI Width,CI Coverage,PI Overlap
mean,5329.889603190555,5320.04878531562,87.38598716441241,0.0,0.0,0.0
median,5561.327846570273,5552.081146240234,91.21022409452735,0.0,0.0,0.0
std,615.0085348844806,616.5111452400423,10.159505485194652,0.0,0.0,0.0
