,RMSE,MAE,MAPE,PI Width,CI Coverage,PI Overlap
mean,4755.840190824933,4722.280636134293,84.64573488916342,0.0,0.0,0.0
median,4861.259655501288,4828.772577459162,86.57985271865303,0.0,0.0,0.0
std,466.9514533760222,470.5722041853121,8.546581824445344,0.0,0.0,0.0
