True,Pred
5750,731.62225
5399,731.6221
6123,731.63226
5730,731.64813
6015,731.3293
5989,731.3293
6333,731.32935
6388,731.32947
6048,731.329
6322,731.329
6405,731.329
6523,731.329
