True,Pred
5750,303.0044
5399,302.8931
6123,302.44266
5730,300.63257
6015,294.7513
5989,294.73697
6333,294.69318
6388,294.57733
6048,294.3653
6322,294.36392
6405,294.36078
6523,294.35458
