True,Pred
4642,512.31506
4369,512.31506
4672,512.31506
4661,512.31506
4655,512.31506
4716,512.31506
4377,512.31506
4484,512.31506
4911,512.31506
5218,512.31506
5759,512.31506
5456,512.31506
5359,512.31506
5305,512.31506
5769,512.31506
5565,512.31506
5367,512.31506
5633,512.31506
5664,512.31506
6082,512.31506
6505,512.31506
5813,512.31506
6379,512.31506
6091,512.31506
6219,512.31506
6052,512.31506
6105,512.31506
6030,512.31506
5969,512.31506
5707,512.31506
5681,512.31506
6052,512.31506
5904,512.31506
5426,512.31506
6005,512.31506
5766,512.31506
5946,512.31506
5981,512.31506
6104,512.31506
5991,512.31506
5670,512.31506
5709,512.31506
5416,512.31506
5793,512.31506
