True,Pred
5750,814.1968
5399,814.1903
6123,814.1611
5730,814.0382
6015,813.6819
5989,813.6819
6333,813.68146
6388,813.68085
6048,813.6801
6322,813.6801
6405,813.6801
6523,813.6801
