True,Pred
5750,926.34735
5399,926.3428
6123,926.32513
5730,926.23596
6015,925.64764
5989,925.64764
6333,925.64734
6388,925.6468
6048,925.6449
6322,925.6449
6405,925.6449
6523,925.6449
