True,Pred
5750,323.38406
5399,323.37384
6123,323.3204
5730,323.01532
6015,320.01035
5989,320.00928
6333,320.00507
6388,319.98755
6048,319.91507
6322,319.915
6405,319.9148
6523,319.91412
