True,Pred
4642,410.03613
4369,410.03613
4672,410.03613
4661,410.03613
4655,410.03613
4716,410.03613
4377,410.03613
4484,410.03613
4911,410.03613
5218,410.03613
5759,410.03613
5456,410.03613
5359,410.03613
5305,410.03613
5769,410.03613
5565,410.03613
5367,410.03613
5633,410.03613
5664,410.03613
6082,410.03613
6505,410.03613
5813,410.03613
6379,410.03613
6091,410.03613
6219,410.03613
6052,410.03613
6105,410.03613
6030,410.03613
5969,410.03613
5707,410.03613
5681,410.03613
6052,410.03613
5904,410.03613
5426,410.03613
6005,410.03613
5766,410.03613
5946,410.03613
5981,410.03613
6104,410.03613
5991,410.03613
5670,410.03613
5709,410.03613
5416,410.03613
5793,410.03613
