True,Pred
5750,208.1753
5399,208.11905
6123,207.90005
5730,206.95204
6015,202.58089
5989,202.56978
6333,202.53728
6388,202.45142
6048,202.28664
6322,202.28539
6405,202.28255
6523,202.27725
