True,Pred
5750,238.54468
5399,238.51347
6123,238.40063
5730,237.81526
6015,234.45793
5989,234.4534
6333,234.43994
6388,234.3989
6048,234.30734
6322,234.30698
6405,234.30609
6523,234.30424
