True,Pred
4642,281.77365
4369,281.77365
4672,281.77365
4661,281.77365
4655,281.77365
4716,281.77365
4377,281.77365
4484,281.77365
4911,281.77365
5218,281.77365
5759,281.77365
5456,281.77365
5359,281.77365
5305,281.77365
5769,281.77365
5565,281.77365
5367,281.77365
5633,281.77365
5664,281.77365
6082,281.77365
6505,281.77365
5813,281.77365
6379,281.77365
6091,281.77365
6219,281.77365
6052,281.77365
6105,281.77365
6030,281.77365
5969,281.77365
5707,281.77365
5681,281.77365
6052,281.77365
5904,281.77365
5426,281.77365
6005,281.77365
5766,281.77365
5946,281.77365
5981,281.77365
6104,281.77365
5991,281.77365
5670,281.77365
5709,281.77365
5416,281.77365
5793,281.77365
