True,Pred
5750,540.0994
5399,540.0555
6123,539.8229
5730,538.6448
6015,533.2475
5989,533.24335
6333,533.22705
6388,533.1721
6048,533.0364
6322,533.03613
6405,533.0354
6523,533.0333
