True,Pred
4642,731.62225
4369,731.62225
4672,731.62225
4661,731.62225
4655,731.62225
4716,731.62225
4377,731.62225
4484,731.62225
4911,731.62225
5218,731.62225
5759,731.62225
5456,731.62225
5359,731.62225
5305,731.62225
5769,731.62225
5565,731.62225
5367,731.62225
5633,731.62225
5664,731.62225
6082,731.62225
6505,731.62225
5813,731.62225
6379,731.62225
6091,731.62225
6219,731.62225
6052,731.62225
6105,731.62225
6030,731.62225
5969,731.62225
5707,731.62225
5681,731.62225
6052,731.62225
5904,731.62225
5426,731.62225
6005,731.62225
5766,731.62225
5946,731.62225
5981,731.62225
6104,731.62225
5991,731.62225
5670,731.62225
5709,731.62225
5416,731.62225
5793,731.62225
