True,Pred
5750,621.5174
5399,621.4987
6123,621.40515
5730,620.94666
6015,618.9484
5989,618.9473
6333,618.9434
6388,618.931
6048,618.90356
6322,618.90356
6405,618.90344
6523,618.903
