True,Pred
4642,601.21484
4369,601.21484
4672,601.21484
4661,601.21484
4655,601.21484
4716,601.21484
4377,601.21484
4484,601.21484
4911,601.21484
5218,601.21484
5759,601.21484
5456,601.21484
5359,601.21484
5305,601.21484
5769,601.21484
5565,601.21484
5367,601.21484
5633,601.21484
5664,601.21484
6082,601.21484
6505,601.21484
5813,601.21484
6379,601.21484
6091,601.21484
6219,601.21484
6052,601.21484
6105,601.21484
6030,601.21484
5969,601.21484
5707,601.21484
5681,601.21484
6052,601.21484
5904,601.21484
5426,601.21484
6005,601.21484
5766,601.21484
5946,601.21484
5981,601.21484
6104,601.21484
5991,601.21484
5670,601.21484
5709,601.21484
5416,601.21484
5793,601.21484
