True,Pred
5750,563.1548
5399,563.142
6123,563.08075
5730,562.8586
6015,562.05914
5989,562.05896
6333,562.05817
6388,562.0563
6048,562.0524
6322,562.0524
6405,562.0524
6523,562.0524
