True,Pred
5750,815.59406
5399,815.5915
6123,815.5786
5730,815.5204
6015,815.3343
5989,815.3343
6333,815.33417
6388,815.3341
6048,815.33386
6322,815.33386
6405,815.33386
6523,815.33386
