True,Pred
5750,885.19403
5399,885.19403
6123,885.194
5730,885.19366
6015,885.1905
5989,885.1905
6333,885.1905
6388,885.19055
6048,885.19055
6322,885.19055
6405,885.19055
6523,885.1905
