True,Pred
5750,943.7911
5399,943.79144
6123,943.7939
5730,943.80273
6015,943.7891
5989,943.7891
6333,943.7891
6388,943.7891
6048,943.7891
6322,943.7891
6405,943.7891
6523,943.7891
