True,Pred
5750,617.99835
5399,617.99585
6123,617.9854
5730,617.93994
6015,617.7136
5989,617.71356
6333,617.71356
6388,617.7134
6048,617.71295
6322,617.71295
6405,617.71295
6523,617.71295
