,RMSE,MAE,MAPE,PI Width,CI Coverage,PI Overlap
mean,349.0225432882866,298.9528781467014,4.833877945585154,0.0,0.0,0.0
median,350.518360054803,300.12939453125,4.850797626307966,0.0,0.0,0.0
std,4.4103807324141435,3.948500303371049,0.061066670546608075,0.0,0.0,0.0
