,RMSE,MAE,MAPE,PI Width,CI Coverage,PI Overlap
mean,705.2276840253198,618.4682535807292,9.924859544559261,0.0,0.0,0.0
median,746.4011060595662,656.9243977864584,10.52005193294724,0.0,0.0,0.0
std,247.45194028845168,223.12117694059506,3.5500249906479473,0.0,0.0,0.0
