,RMSE,MAE,MAPE,PI Width,CI Coverage,PI Overlap
mean,284.9425735304482,223.62103490584934,4.039598325583289,0.0,0.0,0.0
std,4.4962608632209236,4.691305514761435,0.10077877609242805,0.0,0.0,0.0
