,RMSE,MAE,MAPE,PI Width,CI Coverage,PI Overlap
mean,276.41273283251604,221.9758467511433,4.003931898137447,0.0,0.0,0.0
std,10.490100115262711,13.751392898855135,0.2686246969658371,0.0,0.0,0.0
