,RMSE,MAE,MAPE,PI Width,CI Coverage,PI Overlap
mean,417.66007142160703,360.5319837782117,5.8201717422841845,0.0,0.0,0.0
median,419.9576952870875,361.58780924479163,5.850392580477072,0.0,0.0,0.0
std,29.282470769650754,26.144815917912062,0.40518887704813716,0.0,0.0,0.0
