,RMSE,MAE,MAPE,PI Width,CI Coverage,PI Overlap
mean,612.5990364272836,537.3174818250868,8.628548871835248,0.0,0.0,0.0
median,593.3514923880584,519.2269287109375,8.329635640604508,0.0,0.0,0.0
std,144.31337831094942,130.20427208931085,2.0650348830199876,0.0,0.0,0.0
