,RMSE,MAE,MAPE,PI Width,CI Coverage,PI Overlap
mean,622.0585100899485,541.1136271158855,8.679146825066852,0.0,0.0,0.0
median,619.0813555559615,538.246337890625,8.633101160412881,0.0,0.0,0.0
std,21.16922676717221,19.999045998081254,0.32042424839105915,0.0,0.0,0.0
