,RMSE,MAE,MAPE,PI Width,CI Coverage,PI Overlap
mean,349.95969373507484,301.43837619357635,4.91073845753221,0.0,0.0,0.0
median,344.01888061661845,295.5326944986979,4.789360159069586,0.0,0.0,0.0
std,31.00446508690517,34.57663178800976,0.5902831514003961,0.0,0.0,0.0
