,RMSE,MAE,MAPE,PI Width,CI Coverage,PI Overlap
mean,471.8176944278594,410.63075764973956,6.607659416993449,0.0,0.0,0.0
median,455.7855445494931,393.8606770833333,6.325864332960144,0.0,0.0,0.0
std,104.6635730189393,95.45357480214456,1.5111410070659,0.0,0.0,0.0
