,RMSE,MAE,MAPE,PI Width,CI Coverage,PI Overlap
mean,614.0996678360526,542.8439127604166,8.72554133239945,0.0,0.0,0.0
median,595.0048065344852,527.8932698567709,8.470380129715416,0.0,0.0,0.0
std,195.93576723620544,180.71948239443213,2.8785344109094857,0.0,0.0,0.0
