,RMSE,MAE,MAPE,PI Width,CI Coverage,PI Overlap
mean,2074.943779190292,1834.949133300781,29.4709894221386,0.0,0.0,0.0
median,2072.6175577265894,1813.4635009765625,29.0652361778387,0.0,0.0,0.0
std,816.0139892228746,749.2796133279959,12.071845487270707,0.0,0.0,0.0
