,RMSE,MAE,MAPE,PI Width,CI Coverage,PI Overlap
mean,541.95435747683,481.5093668619792,7.742124907079761,0.0,0.0,0.0
median,543.747363715263,483.0942586263021,7.767270539875956,0.0,0.0,0.0
std,14.54395514472919,13.726052814285747,0.22010763079445017,0.0,0.0,0.0
