,RMSE,MAE,MAPE,PI Width,CI Coverage,PI Overlap
mean,275.85554896313295,225.42859804410458,4.119896024417599,0.0,0.0,0.0
median,272.1154098674785,226.57416680518617,4.134369375872219,0.0,0.0,0.0
std,13.078197511122758,7.272236099879185,0.1318310821793207,0.0,0.0,0.0
