,RMSE,MAE,MAPE,PI Width,CI Coverage,PI Overlap
mean,437.07973110119127,373.70756564670137,6.051656762414504,0.0,0.0,0.0
median,310.92159444539294,259.0827840169271,4.236205560227543,0.0,0.0,0.0
std,221.959671311905,200.83346824635004,3.1795284881294195,0.0,0.0,0.0
