,RMSE,MAE,MAPE,PI Width,CI Coverage,PI Overlap
mean,265.4812685172576,218.5439735243056,3.717519889918238,0.0,0.0,0.0
median,264.46659468165547,217.400537109375,3.715018281914488,0.0,0.0,0.0
std,10.676408732229179,11.160264796163032,0.17436111570144783,0.0,0.0,0.0
