,RMSE,MAE,MAPE,PI Width,CI Coverage,PI Overlap
mean,403.1125915832278,348.4429511176214,5.636249759572952,0.0,0.0,0.0
median,406.230578639186,354.8253173828125,5.739373933888626,0.0,0.0,0.0
std,33.62808343674625,30.448787153190917,0.4696197601213982,0.0,0.0,0.0
