,RMSE,MAE,MAPE,PI Width,CI Coverage,PI Overlap
mean,365.8190554681119,311.88678385416665,5.03362304860244,0.0,0.0,0.0
median,424.5161720989725,366.23004150390625,5.888421346485684,0.0,0.0,0.0
std,86.36389113966048,79.46354669103046,1.2503249649851815,0.0,0.0,0.0
