,RMSE,MAE,MAPE,PI Width,CI Coverage,PI Overlap
mean,229.76259194362783,193.22647705078128,3.1754839428943487,0.0,0.0,0.0
median,222.96996462203788,187.51192220052084,3.0868138258967255,0.0,0.0,0.0
std,41.65384586273697,37.14382864261263,0.5824983038003239,0.0,0.0,0.0
