,RMSE,MAE,MAPE,PI Width,CI Coverage,PI Overlap
mean,605.1967083383072,528.712660047743,8.541031797666895,0.0,0.0,0.0
median,590.7522259473399,514.3131306966145,8.307094891998315,0.0,0.0,0.0
std,202.6297778236145,184.34870673953216,2.9035136629550364,0.0,0.0,0.0
