,RMSE,MAE,MAPE,PI Width,CI Coverage,PI Overlap
mean,438.40101033910815,379.66532796223964,6.127140174026504,0.0,0.0,0.0
median,442.5305128386352,380.86488850911456,6.127965952029012,0.0,0.0,0.0
std,69.77883376653268,63.321941425479594,0.9829917222329799,0.0,0.0,0.0
