,RMSE,MAE,MAPE,PI Width,CI Coverage,PI Overlap
mean,249.90337059468857,199.81655361416105,3.5093157272817854,0.0,0.0,0.0
median,242.42469222752663,192.5205276076858,3.37102872620519,0.0,0.0,0.0
std,29.960521644156724,26.63698727993013,0.4557148853405656,0.0,0.0,0.0
