,RMSE,MAE,MAPE,PI Width,CI Coverage,PI Overlap
mean,244.75687385317102,189.33648546006944,3.280628175587457,0.0,0.0,0.0
std,0.587597507349929,0.26498198850485555,0.007491693837902069,0.0,0.0,0.0
