,RMSE,MAE,MAPE,PI Width,CI Coverage,PI Overlap
mean,545.9496774888902,481.80851236979163,7.736330366726997,0.0,0.0,0.0
median,528.7153604888938,465.078369140625,7.4674508528330925,0.0,0.0,0.0
std,51.31202251202558,52.01903759567138,0.8360271248346937,0.0,0.0,0.0
