,RMSE,MAE,MAPE,PI Width,CI Coverage,PI Overlap
mean,2324.666069820424,2050.475069745381,33.218523174611484,0.0,0.0,0.0
median,1984.3331520117822,1819.2999369303386,29.39233028458838,0.0,0.0,0.0
std,1634.3246642199422,1460.094307972722,23.72552887321852,0.0,0.0,0.0
