True,Pred
5750,4016.8389
5399,2053.6533
6123,792.37714
5730,1373.7678
6015,1854.528
5989,935.56006
6333,-905.569
6388,-1477.9423
6048,349.1452
6322,525.233
6405,-1651.9423
6523,869.72003
