True,Pred
5750,2292.824
5399,1574.4117
6123,1899.4303
5730,-900.36804
6015,-1774.6797
5989,-968.1387
6333,-6062.449
6388,-608.63873
6048,-1464.7197
6322,-7286.328
6405,1202.708
6523,7577.929
