,RMSE,MAE,MAPE,PI Width,CI Coverage,PI Overlap
mean,522.6474319841166,407.81416015625,7.6847553402699855,0.0,0.0,0.0
median,522.582620094258,407.7412341889881,7.683575530317407,0.0,0.0,0.0
std,0.3749600068324461,2.148086934326095,0.02631373827967691,0.0,0.0,0.0
