,RMSE,MAE,MAPE,PI Width,CI Coverage,PI Overlap
mean,372.62577366397716,324.26824137369806,5.259544457957634,0.0,0.0,0.0
median,372.76085181197175,324.24965413411456,5.247117901698427,0.0,0.0,0.0
std,37.25608226499903,33.54578835621968,0.5248969368706362,0.0,0.0,0.0
