,RMSE,MAE,MAPE,PI Width,CI Coverage,PI Overlap
mean,348.76753903985167,282.19139268663196,4.741681659617147,0.0,0.0,0.0
std,126.51217979341682,109.55803917033722,1.7845879011527808,0.0,0.0,0.0
