,RMSE,MAE,MAPE,PI Width,CI Coverage,PI Overlap
mean,253.8763529576889,188.9760789659288,3.202158457125315,0.0,0.0,0.0
median,251.17114623891905,185.42298380533856,3.151029914329576,0.0,0.0,0.0
std,4.80139913461045,6.772739204621803,0.098665725934192,0.0,0.0,0.0
