,RMSE,MAE,MAPE,PI Width,CI Coverage,PI Overlap
mean,351.05106891908974,294.56307508680555,4.853580890981769,0.0,0.0,0.0
median,322.28115314757576,273.469482421875,4.4577177890546,0.0,0.0,0.0
std,104.84568627781941,98.99650683388538,1.5470696356414086,0.0,0.0,0.0
