,RMSE,MAE,MAPE,PI Width,CI Coverage,PI Overlap
mean,487.62683353061294,426.1325792100694,6.845002506211163,0.0,0.0,0.0
median,494.1386345723994,431.9583740234375,6.936673620882999,0.0,0.0,0.0
std,46.75984851752762,43.56221614312599,0.689796598697698,0.0,0.0,0.0
