,RMSE,MAE,MAPE,PI Width,CI Coverage,PI Overlap
mean,489.49913068792654,380.53207682291657,7.039555969678741,0.0,0.0,0.0
median,489.66992843075195,381.5793823242187,7.053567178642967,0.0,0.0,0.0
std,0.4163716768257588,2.419575419586543,0.03304801275902898,0.0,0.0,0.0
