,RMSE,MAE,MAPE,PI Width,CI Coverage,PI Overlap
mean,6008.451092225516,5999.85197678672,98.58880180971029,0.0,0.0,0.0
median,6014.728390878125,6006.140558560689,98.69247654041862,0.0,0.0,0.0
std,27.648038156234186,27.679575419850085,0.4560208527667873,0.0,0.0,0.0
