True,Pred
4323,55.91848
4825,55.91848
4462,55.91848
4642,55.91848
4369,55.91848
4672,55.91848
4661,55.91848
4655,55.91848
4716,55.91848
4377,55.91848
4484,55.91848
4911,55.91848
5218,55.91848
5759,55.91848
5456,55.91848
5359,55.91848
5305,55.91848
5769,55.91848
5565,55.91848
5367,55.91848
5633,55.91848
5664,55.91848
6082,55.91848
6505,55.91848
5813,55.91848
6379,55.91848
6091,55.91848
6219,55.91848
6052,55.91848
6105,55.91848
6030,55.91848
5969,55.91848
5707,55.91848
5681,55.91848
6052,55.91848
5904,55.91848
5426,55.91848
6005,55.91848
5766,55.91848
5946,55.91848
5981,55.91848
6104,55.91848
5991,55.91848
5670,55.91848
5709,55.91848
5416,55.91848
5793,55.91848
