True,Pred
4323,123.95412
4825,123.95412
4462,123.95412
4642,123.95412
4369,123.95412
4672,123.95412
4661,123.95412
4655,123.95412
4716,123.95412
4377,123.95412
4484,123.95412
4911,123.95412
5218,123.95412
5759,123.95412
5456,123.95412
5359,123.95412
5305,123.95412
5769,123.95412
5565,123.95412
5367,123.95412
5633,123.95412
5664,123.95412
6082,123.95412
6505,123.95412
5813,123.95412
6379,123.95412
6091,123.95412
6219,123.95412
6052,123.95412
6105,123.95412
6030,123.95412
5969,123.95412
5707,123.95412
5681,123.95412
6052,123.95412
5904,123.95412
5426,123.95412
6005,123.95412
5766,123.95412
5946,123.95412
5981,123.95412
6104,123.95412
5991,123.95412
5670,123.95412
5709,123.95412
5416,123.95412
5793,123.95412
