True,Pred
4323,154.64815
4825,154.64815
4462,154.64815
4642,154.64815
4369,154.64815
4672,154.64815
4661,154.64815
4655,154.64815
4716,154.64815
4377,154.64815
4484,154.64815
4911,154.64815
5218,154.64815
5759,154.64815
5456,154.64815
5359,154.64815
5305,154.64815
5769,154.64815
5565,154.64815
5367,154.64815
5633,154.64815
5664,154.64815
6082,154.64815
6505,154.64815
5813,154.64815
6379,154.64815
6091,154.64815
6219,154.64815
6052,154.64815
6105,154.64815
6030,154.64815
5969,154.64815
5707,154.64815
5681,154.64815
6052,154.64815
5904,154.64815
5426,154.64815
6005,154.64815
5766,154.64815
5946,154.64815
5981,154.64815
6104,154.64815
5991,154.64815
5670,154.64815
5709,154.64815
5416,154.64815
5793,154.64815
