True,Pred
5750,76.96996
5399,57.300606
6123,53.043644
5730,51.887226
6015,51.553978
5989,51.456314
6333,51.427555
6388,51.41907
6048,51.416573
6322,51.415833
6405,51.415615
6523,51.415554
