True,Pred
4323,92.98175
4825,92.98175
4462,92.98175
4642,92.98175
4369,92.98175
4672,92.98175
4661,92.98175
4655,92.98175
4716,92.98175
4377,92.98175
4484,92.98175
4911,92.98175
5218,92.98175
5759,92.98175
5456,92.98175
5359,92.98175
5305,92.98175
5769,92.98175
5565,92.98175
5367,92.98175
5633,92.98175
5664,92.98175
6082,92.98175
6505,92.98175
5813,92.98175
6379,92.98175
6091,92.98175
6219,92.98175
6052,92.98175
6105,92.98175
6030,92.98175
5969,92.98175
5707,92.98175
5681,92.98175
6052,92.98175
5904,92.98175
5426,92.98175
6005,92.98175
5766,92.98175
5946,92.98175
5981,92.98175
6104,92.98175
5991,92.98175
5670,92.98175
5709,92.98175
5416,92.98175
5793,92.98175
