True,Pred
4323,136.71428
4825,136.71428
4462,136.71428
4642,136.71428
4369,136.71428
4672,136.71428
4661,136.71428
4655,136.71428
4716,136.71428
4377,136.71428
4484,136.71428
4911,136.71428
5218,136.71428
5759,136.71428
5456,136.71428
5359,136.71428
5305,136.71428
5769,136.71428
5565,136.71428
5367,136.71428
5633,136.71428
5664,136.71428
6082,136.71428
6505,136.71428
5813,136.71428
6379,136.71428
6091,136.71428
6219,136.71428
6052,136.71428
6105,136.71428
6030,136.71428
5969,136.71428
5707,136.71428
5681,136.71428
6052,136.71428
5904,136.71428
5426,136.71428
6005,136.71428
5766,136.71428
5946,136.71428
5981,136.71428
6104,136.71428
5991,136.71428
5670,136.71428
5709,136.71428
5416,136.71428
5793,136.71428
