True,Pred
5750,77.51003
5399,73.32711
6123,73.00593
5730,72.97953
6015,72.97734
5989,72.977165
6333,72.97715
6388,72.97715
6048,72.97715
6322,72.97715
6405,72.97715
6523,72.97715
