True,Pred
5750,134.14442
5399,130.771
6123,130.65746
5730,130.65349
6015,130.65335
5989,130.65335
6333,130.65335
6388,130.65335
6048,130.65335
6322,130.65335
6405,130.65335
6523,130.65335
