True,Pred
5750,72.77415
5399,65.4326
6123,64.33699
5730,64.15375
6015,64.122536
5989,64.117195
6333,64.11628
6388,64.11613
6048,64.116104
6322,64.116104
6405,64.116104
6523,64.116104
