True,Pred
5750,69.66044
5399,63.851177
6123,62.896584
5730,62.723858
6015,62.692093
5989,62.68623
6333,62.685154
6388,62.68495
6048,62.684917
6322,62.684906
6405,62.684906
6523,62.684906
