True,Pred
5750,123.65062
5399,116.98155
6123,116.353355
5730,116.29053
6015,116.2842
5989,116.28357
6333,116.2835
6388,116.2835
6048,116.2835
6322,116.2835
6405,116.2835
6523,116.2835
