True,Pred
4323,123.73271
4825,123.73271
4462,123.73271
4642,123.73271
4369,123.73271
4672,123.73271
4661,123.73271
4655,123.73271
4716,123.73271
4377,123.73271
4484,123.73271
4911,123.73271
5218,123.73271
5759,123.73271
5456,123.73271
5359,123.73271
5305,123.73271
5769,123.73271
5565,123.73271
5367,123.73271
5633,123.73271
5664,123.73271
6082,123.73271
6505,123.73271
5813,123.73271
6379,123.73271
6091,123.73271
6219,123.73271
6052,123.73271
6105,123.73271
6030,123.73271
5969,123.73271
5707,123.73271
5681,123.73271
6052,123.73271
5904,123.73271
5426,123.73271
6005,123.73271
5766,123.73271
5946,123.73271
5981,123.73271
6104,123.73271
5991,123.73271
5670,123.73271
5709,123.73271
5416,123.73271
5793,123.73271
