True,Pred
5750,135.88167
5399,122.6482
6123,121.055435
5730,120.84556
6015,120.81757
5989,120.81385
6333,120.81334
6388,120.81327
6048,120.81326
6322,120.81326
6405,120.81326
6523,120.81326
