True,Pred
4323,115.33087
4825,115.33087
4462,115.33087
4642,115.33087
4369,115.33087
4672,115.33087
4661,115.33087
4655,115.33087
4716,115.33087
4377,115.33087
4484,115.33087
4911,115.33087
5218,115.33087
5759,115.33087
5456,115.33087
5359,115.33087
5305,115.33087
5769,115.33087
5565,115.33087
5367,115.33087
5633,115.33087
5664,115.33087
6082,115.33087
6505,115.33087
5813,115.33087
6379,115.33087
6091,115.33087
6219,115.33087
6052,115.33087
6105,115.33087
6030,115.33087
5969,115.33087
5707,115.33087
5681,115.33087
6052,115.33087
5904,115.33087
5426,115.33087
6005,115.33087
5766,115.33087
5946,115.33087
5981,115.33087
6104,115.33087
5991,115.33087
5670,115.33087
5709,115.33087
5416,115.33087
5793,115.33087
