True,Pred
5750,92.98175
5399,91.82082
6123,91.77403
5730,91.7721
6015,91.77201
5989,91.77201
6333,91.77201
6388,91.77201
6048,91.77201
6322,91.77201
6405,91.77201
6523,91.77201
