True,Pred
5750,128.2768
5399,118.74662
6123,117.90489
5730,117.82587
6015,117.81841
5989,117.8177
6333,117.81764
6388,117.817635
6048,117.817635
6322,117.817635
6405,117.817635
6523,117.817635
