True,Pred
4323,196.01091
4825,196.01091
4462,196.01091
4642,196.01091
4369,196.01091
4672,196.01091
4661,196.01091
4655,196.01091
4716,196.01091
4377,196.01091
4484,196.01091
4911,196.01091
5218,196.01091
5759,196.01091
5456,196.01091
5359,196.01091
5305,196.01091
5769,196.01091
5565,196.01091
5367,196.01091
5633,196.01091
5664,196.01091
6082,196.01091
6505,196.01091
5813,196.01091
6379,196.01091
6091,196.01091
6219,196.01091
6052,196.01091
6105,196.01091
6030,196.01091
5969,196.01091
5707,196.01091
5681,196.01091
6052,196.01091
5904,196.01091
5426,196.01091
6005,196.01091
5766,196.01091
5946,196.01091
5981,196.01091
6104,196.01091
5991,196.01091
5670,196.01091
5709,196.01091
5416,196.01091
5793,196.01091
