True,Pred
5750,83.598076
5399,71.88753
6123,69.64459
5730,69.13519
6015,69.01531
5989,68.98687
6333,68.980095
6388,68.97849
6048,68.97811
6322,68.97801
6405,68.978
6523,68.978
