True,Pred
5750,64.16122
5399,55.929165
6123,54.348312
5730,53.992226
6015,53.90928
5989,53.889816
6333,53.885242
6388,53.884167
6048,53.88391
6322,53.883846
6405,53.88384
6523,53.883835
