True,Pred
5750,87.45994
5399,69.61277
6123,66.35957
5730,65.65764
6015,65.50092
5989,65.46567
6333,65.45772
6388,65.45594
6048,65.455536
6322,65.45544
6405,65.45541
6523,65.45541
