True,Pred
5750,77.0761
5399,69.63661
6123,68.40023
5730,68.16895
6015,68.124794
5989,68.116325
6333,68.11469
6388,68.11438
6048,68.11432
6322,68.11431
6405,68.11431
6523,68.11431
