True,Pred
4323,111.292015
4825,111.292015
4462,111.292015
4642,111.292015
4369,111.292015
4672,111.292015
4661,111.292015
4655,111.292015
4716,111.292015
4377,111.292015
4484,111.292015
4911,111.292015
5218,111.292015
5759,111.292015
5456,111.292015
5359,111.292015
5305,111.292015
5769,111.292015
5565,111.292015
5367,111.292015
5633,111.292015
5664,111.292015
6082,111.292015
6505,111.292015
5813,111.292015
6379,111.292015
6091,111.292015
6219,111.292015
6052,111.292015
6105,111.292015
6030,111.292015
5969,111.292015
5707,111.292015
5681,111.292015
6052,111.292015
5904,111.292015
5426,111.292015
6005,111.292015
5766,111.292015
5946,111.292015
5981,111.292015
6104,111.292015
5991,111.292015
5670,111.292015
5709,111.292015
5416,111.292015
5793,111.292015
