True,Pred
5750,152.6272
5399,135.21718
6123,133.03735
5730,132.7412
6015,132.70053
5989,132.69493
6333,132.69414
6388,132.69405
6048,132.69403
6322,132.69403
6405,132.69403
6523,132.69403
