True,Pred
5750,82.3024
5399,75.20283
6123,74.35562
5730,74.24542
6015,74.23094
5989,74.22903
6333,74.228775
6388,74.22874
6048,74.22874
6322,74.22874
6405,74.22874
6523,74.22874
