True,Pred
5750,64.65005
5399,49.15012
6123,45.380474
5730,44.148506
6015,43.708977
5989,43.54734
6333,43.48724
6388,43.464806
6048,43.456417
6322,43.45328
6405,43.452103
6523,43.451664
