True,Pred
5750,108.45925
5399,100.378624
6123,99.29309
5730,99.13206
6015,99.10784
5989,99.1042
6333,99.10365
6388,99.10356
6048,99.10355
6322,99.10355
6405,99.10355
6523,99.10355
