True,Pred
5750,111.292015
5399,101.51056
6123,100.44347
5730,100.316696
6015,100.30149
5989,100.29966
6333,100.29945
6388,100.29942
6048,100.299416
6322,100.299416
6405,100.299416
6523,100.299416
