True,Pred
4323,83.598076
4825,83.598076
4462,83.598076
4642,83.598076
4369,83.598076
4672,83.598076
4661,83.598076
4655,83.598076
4716,83.598076
4377,83.598076
4484,83.598076
4911,83.598076
5218,83.598076
5759,83.598076
5456,83.598076
5359,83.598076
5305,83.598076
5769,83.598076
5565,83.598076
5367,83.598076
5633,83.598076
5664,83.598076
6082,83.598076
6505,83.598076
5813,83.598076
6379,83.598076
6091,83.598076
6219,83.598076
6052,83.598076
6105,83.598076
6030,83.598076
5969,83.598076
5707,83.598076
5681,83.598076
6052,83.598076
5904,83.598076
5426,83.598076
6005,83.598076
5766,83.598076
5946,83.598076
5981,83.598076
6104,83.598076
5991,83.598076
5670,83.598076
5709,83.598076
5416,83.598076
5793,83.598076
