True,Pred
4323,104.80204
4825,104.80204
4462,104.80204
4642,104.80204
4369,104.80204
4672,104.80204
4661,104.80204
4655,104.80204
4716,104.80204
4377,104.80204
4484,104.80204
4911,104.80204
5218,104.80204
5759,104.80204
5456,104.80204
5359,104.80204
5305,104.80204
5769,104.80204
5565,104.80204
5367,104.80204
5633,104.80204
5664,104.80204
6082,104.80204
6505,104.80204
5813,104.80204
6379,104.80204
6091,104.80204
6219,104.80204
6052,104.80204
6105,104.80204
6030,104.80204
5969,104.80204
5707,104.80204
5681,104.80204
6052,104.80204
5904,104.80204
5426,104.80204
6005,104.80204
5766,104.80204
5946,104.80204
5981,104.80204
6104,104.80204
5991,104.80204
5670,104.80204
5709,104.80204
5416,104.80204
5793,104.80204
