True,Pred
5750,61.64442
5399,49.52628
6123,47.03177
5730,46.420734
6015,46.2647
5989,46.22444
6333,46.214012
6388,46.211315
6048,46.210617
6322,46.210438
6405,46.210396
6523,46.21038
