True,Pred
5750,67.459694
5399,61.023254
6123,60.112457
5730,59.96814
6015,59.944885
5989,59.941124
6333,59.940517
6388,59.94042
6048,59.940395
6322,59.940395
6405,59.940395
6523,59.940395
