True,Pred
5750,80.07789
5399,68.21464
6123,66.018845
5730,65.54887
6015,65.44526
5989,65.42228
6333,65.417175
6388,65.41602
6048,65.41578
6322,65.41572
6405,65.41571
6523,65.4157
