True,Pred
5750,71.27183
5399,56.95339
6123,55.036507
5730,54.71856
6015,54.663975
5989,54.65455
6333,54.652916
6388,54.652634
6048,54.65258
6322,54.652576
6405,54.652576
6523,54.652576
