True,Pred
5750,90.11684
5399,77.844536
6123,75.341385
5730,74.754265
6015,74.612274
5989,74.57767
6333,74.56923
6388,74.56716
6048,74.566666
6322,74.56655
6405,74.56653
6523,74.56651
