,RMSE,MAE,MAPE,PI Width,CI Coverage,PI Overlap
mean,433.8313144768519,373.9045043945312,6.038075035801035,0.0,0.0,0.0
median,445.6365397898665,385.48173014322913,6.206743721054481,0.0,0.0,0.0
std,90.1800041204851,82.17585082715476,1.2788790254015516,0.0,0.0,0.0
