,RMSE,MAE,MAPE,PI Width,CI Coverage,PI Overlap
mean,354.1554009882571,305.10173746744783,4.926145077095534,0.0,0.0,0.0
median,354.2385846683858,305.172119140625,4.927328744110655,0.0,0.0,0.0
std,1.7152869669087003,1.7712357663179454,0.027942146854322183,0.0,0.0,0.0
