,RMSE,MAE,MAPE,PI Width,CI Coverage,PI Overlap
mean,402.2453536520759,304.2428321993041,4.8378785183591715,0.0,0.0,0.0
std,1.7344551487745132e-13,5.78151716258171e-14,9.033620566533923e-16,0.0,0.0,0.0
