,RMSE,MAE,MAPE,PI Width,CI Coverage,PI Overlap
mean,1508.5879192030106,916.4409023381812,19.212454626012327,0.0,0.0,0.0
std,2.312606865032684e-13,0.0,3.613448226613569e-15,0.0,0.0,0.0
