,RMSE,MAE,MAPE,PI Width,CI Coverage,PI Overlap
mean,219.27224249044517,185.4489461263021,3.1052310840909514,0.0,0.0,0.0
median,218.5329546327942,185.50555419921875,3.1041712558344914,0.0,0.0,0.0
std,3.0747694653952333,3.4863847855186307,0.045731483848278236,0.0,0.0,0.0
