,RMSE,MAE,MAPE,PI Width,CI Coverage,PI Overlap
mean,467.3705378643983,346.9024000901442,6.444127989451942,0.0,0.0,0.0
median,467.47038315690384,346.228759765625,6.437437665050817,0.0,0.0,0.0
std,0.36270327638616634,1.3727839748772517,0.012590999782051134,0.0,0.0,0.0
