,RMSE,MAE,MAPE,PI Width,CI Coverage,PI Overlap
mean,492.25986801020116,426.0039469401042,6.839463901194511,0.0,0.0,0.0
median,488.78178391121503,422.22823079427087,6.778782249639782,0.0,0.0,0.0
std,7.994733942126797,8.730652887644766,0.14031521859979074,0.0,0.0,0.0
