,RMSE,MAE,MAPE,PI Width,CI Coverage,PI Overlap
mean,272.2886405453841,217.41260469453832,3.8452641114034862,0.0,0.0,0.0
median,262.3248462111741,212.79039537584458,3.7569931403981096,0.0,0.0,0.0
std,40.896398427319056,33.567164600772365,0.6006148919432959,0.0,0.0,0.0
