,RMSE,MAE,MAPE,PI Width,CI Coverage,PI Overlap
mean,341.9951263987658,275.85057373046874,4.789161371744736,0.0,0.0,0.0
median,333.54720216676054,268.1628892686632,4.63973018578476,0.0,0.0,0.0
std,38.6781878992664,36.93913080471048,0.5835243796516046,0.0,0.0,0.0
