,RMSE,MAE,MAPE,PI Width,CI Coverage,PI Overlap
mean,581.7788565876801,506.05198296440966,8.176104807436113,0.0,0.0,0.0
median,590.8683984019196,519.4512532552083,8.350682960103722,0.0,0.0,0.0
std,257.69301360400897,235.37004886143382,3.7101761534865814,0.0,0.0,0.0
