,RMSE,MAE,MAPE,PI Width,CI Coverage,PI Overlap
mean,454.1329986199743,396.82247856987846,6.444513047592282,0.0,0.0,0.0
median,432.2008609021151,377.31351725260413,6.097739883711247,0.0,0.0,0.0
std,145.8746758629014,132.74300748968716,2.077468202505225,0.0,0.0,0.0
