,RMSE,MAE,MAPE,PI Width,CI Coverage,PI Overlap
mean,332.5454278772547,284.5603122287327,4.598735400628811,0.0,0.0,0.0
median,354.7785438571075,303.1976521809896,4.8952776530562,0.0,0.0,0.0
std,44.75938320857946,40.213553832322276,0.6367199431384569,0.0,0.0,0.0
