,RMSE,MAE,MAPE,PI Width,CI Coverage,PI Overlap
mean,263.78903695561297,208.490654296875,3.8050300834256774,0.0,0.0,0.0
median,258.69337791573435,204.75249565972223,3.728873207979993,0.0,0.0,0.0
std,11.982436645314845,10.428869005010881,0.2075569910835135,0.0,0.0,0.0
