,RMSE,MAE,MAPE,PI Width,CI Coverage,PI Overlap
mean,324.3035458348148,264.4470147026909,4.399317753603819,0.0,0.0,0.0
median,264.0067313671261,206.82147216796875,3.547181844030133,0.0,0.0,0.0
std,110.12366628740148,104.41348976508193,1.5880143262574145,0.0,0.0,0.0
