,RMSE,MAE,MAPE,PI Width,CI Coverage,PI Overlap
mean,2912.606565781188,2791.0669257269974,31.128760769954017,0.0,0.0,0.0
std,125.4040724999596,128.19109762577727,1.4637738478698832,0.0,0.0,0.0
