,RMSE,MAE,MAPE,PI Width,CI Coverage,PI Overlap
mean,425.03763846254765,364.7148546006944,5.928284735075717,0.0,0.0,0.0
median,401.46446909851863,341.71042887369794,5.525652929073961,0.0,0.0,0.0
std,174.76122282714977,163.13132592842737,2.540144521139997,0.0,0.0,0.0
