,RMSE,MAE,MAPE,PI Width,CI Coverage,PI Overlap
mean,311.23299217230294,241.50252278645834,4.393657797556461,0.0,0.0,0.0
std,20.390579764390914,18.718828228626865,0.3163467751180542,0.0,0.0,0.0
