,RMSE,MAE,MAPE,PI Width,CI Coverage,PI Overlap
mean,335.79564357231425,286.67578938802075,4.660807367807864,0.0,0.0,0.0
median,335.7020016308783,286.63028971354163,4.660374955927079,0.0,0.0,0.0
std,1.3734149689914135,1.4397946075704862,0.022186814586996038,0.0,0.0,0.0
