,RMSE,MAE,MAPE,PI Width,CI Coverage,PI Overlap
mean,1800.3475938685851,1610.8134865654838,25.960030192297495,0.0,0.0,0.0
std,1427.7679975480467,1307.327240079702,21.119951064275174,0.0,0.0,0.0
