,RMSE,MAE,MAPE,PI Width,CI Coverage,PI Overlap
mean,436.9067674132982,380.12844238281247,6.123349641346837,0.0,0.0,0.0
median,419.34972202112726,362.47532145182294,5.831292395341607,0.0,0.0,0.0
std,89.17729368768582,90.32995917363164,1.4994151282373787,0.0,0.0,0.0
