,RMSE,MAE,MAPE,PI Width,CI Coverage,PI Overlap
mean,429.27257060645775,372.1891153971354,5.998551280207832,0.0,0.0,0.0
median,418.4851387273143,360.84879557291663,5.825891959671852,0.0,0.0,0.0
std,39.62017512598031,36.18355383264577,0.5658313266027449,0.0,0.0,0.0
