,RMSE,MAE,MAPE,PI Width,CI Coverage,PI Overlap
mean,319.339483812244,268.86177707248265,4.394481833376415,0.0,0.0,0.0
std,3.605142165470777,4.0732818698840765,0.0628627531210933,0.0,0.0,0.0
