,RMSE,MAE,MAPE,PI Width,CI Coverage,PI Overlap
mean,482.5521827668747,425.58907199435765,6.84732248095222,0.0,0.0,0.0
median,481.786244274644,424.68998209635413,6.832637923191653,0.0,0.0,0.0
std,12.51011603860414,11.837667338528206,0.18925598119333795,0.0,0.0,0.0
