,RMSE,MAE,MAPE,PI Width,CI Coverage,PI Overlap
mean,648.0340737092101,576.7829210069444,9.257420012503047,0.0,0.0,0.0
median,636.2187200997637,566.8074137369792,9.099842732444468,0.0,0.0,0.0
std,77.16348023404947,70.9768538383094,1.1370431197030884,0.0,0.0,0.0
