,RMSE,MAE,MAPE,PI Width,CI Coverage,PI Overlap
mean,330.87459774303625,282.1630750868055,4.648186744907478,0.0,0.0,0.0
median,292.4863344465731,241.82499186197916,3.981784728613516,0.0,0.0,0.0
std,100.45455883569069,93.30814077878239,1.4760744111587651,0.0,0.0,0.0
