,RMSE,MAE,MAPE,PI Width,CI Coverage,PI Overlap
mean,439.5759083167639,379.12271592881945,6.094260493085012,0.0,0.0,0.0
median,441.28857465008025,380.51944986979163,6.116300901282658,0.0,0.0,0.0
std,5.46562496676309,4.749278855570119,0.07488607229178668,0.0,0.0,0.0
