,RMSE,MAE,MAPE,PI Width,CI Coverage,PI Overlap
mean,3067.8717658380724,2961.578996446398,33.128137541276075,0.0,0.0,0.0
std,70.20901780912622,72.61412984086273,0.834430779532439,0.0,0.0,0.0
