,RMSE,MAE,MAPE,PI Width,CI Coverage,PI Overlap
mean,312.583266768401,262.2290622287326,4.295244783284985,0.0,0.0,0.0
median,312.1618036209328,261.7039794921875,4.287658831758618,0.0,0.0,0.0
std,6.323420614544636,7.140519257171613,0.10941099452723317,0.0,0.0,0.0
