,RMSE,MAE,MAPE,PI Width,CI Coverage,PI Overlap
mean,3281.2133373702245,3136.037682088216,34.96535235813341,0.0,0.0,0.0
std,559.3182175876847,548.9415992499411,6.189048492427651,0.0,0.0,0.0
