,RMSE,MAE,MAPE,PI Width,CI Coverage,PI Overlap
mean,401.33533228843993,346.2143581814236,5.594055066737138,0.0,0.0,0.0
median,402.5540067910001,348.45255533854163,5.619056208003815,0.0,0.0,0.0
std,34.14908162792362,30.608201871540686,0.4670758650721819,0.0,0.0,0.0
