,RMSE,MAE,MAPE,PI Width,CI Coverage,PI Overlap
mean,416.0575002075569,360.0923461914062,5.811255920002858,0.0,0.0,0.0
median,412.176457824434,357.5800984700521,5.7672665032248664,0.0,0.0,0.0
std,50.28651647083647,46.973969790852486,0.732454805131502,0.0,0.0,0.0
