,RMSE,MAE,MAPE,PI Width,CI Coverage,PI Overlap
mean,3154.98863783562,3033.2269385443797,33.87531833433594,0.0,0.0,0.0
std,181.33246323388803,179.21635721727856,2.0275086293222517,0.0,0.0,0.0
