True,Pred
5750,4339.4585
5399,3386.45
6123,3837.1377
5730,2800.1978
6015,2508.8992
5989,2697.4658
6333,923.61755
6388,1508.716
6048,2750.0266
6322,-84.83235
6405,712.5398
6523,1899.7147
