,RMSE,MAE,MAPE,PI Width,CI Coverage,PI Overlap
mean,334.38617602763424,277.686927625868,4.563636905564092,0.0,0.0,0.0
median,310.3867360292497,265.9080810546875,4.338970226528552,0.0,0.0,0.0
std,76.02001434842751,75.66458018468701,1.1394268676819423,0.0,0.0,0.0
