,RMSE,MAE,MAPE,PI Width,CI Coverage,PI Overlap
mean,263.3911929682848,217.88205566406253,3.5627455763006792,0.0,0.0,0.0
median,264.779427084075,219.01399739583334,3.5786937268719745,0.0,0.0,0.0
std,11.066774376880062,9.873129706193065,0.14305415222131232,0.0,0.0,0.0
