,RMSE,MAE,MAPE,PI Width,CI Coverage,PI Overlap
mean,326.8674886662169,277.3866997612847,4.527461418687264,0.0,0.0,0.0
median,318.9128936427097,268.2954508463542,4.365472007109047,0.0,0.0,0.0
std,64.79690075191844,59.95509979045344,0.9187783119015772,0.0,0.0,0.0
