,RMSE,MAE,MAPE,PI Width,CI Coverage,PI Overlap
mean,553.9895406806439,486.31134440104165,7.815048429846892,0.0,0.0,0.0
median,541.0121130062603,473.03584798177087,7.594975934323235,0.0,0.0,0.0
std,148.52709015907638,137.41878221268223,2.1933104653304536,0.0,0.0,0.0
