,RMSE,MAE,MAPE,PI Width,CI Coverage,PI Overlap
mean,242.51303551993857,183.1190549045139,3.1339260692301694,0.0,0.0,0.0
median,242.53070557264587,183.06046549479166,3.133104684612281,0.0,0.0,0.0
std,0.39120041178723175,0.3517024214799814,0.005587886835615284,0.0,0.0,0.0
