,RMSE,MAE,MAPE,PI Width,CI Coverage,PI Overlap
mean,620.0424081808463,539.6307210286459,8.657929358386996,0.0,0.0,0.0
median,694.2008708205872,608.0352172851562,9.750872663185575,0.0,0.0,0.0
std,130.27437223067642,117.44188875544916,1.8729314153594343,0.0,0.0,0.0
