,RMSE,MAE,MAPE,PI Width,CI Coverage,PI Overlap
mean,599.6263454549528,520.9473388671875,8.36484444173226,0.0,0.0,0.0
median,617.3413999752687,539.9264322916667,8.661975493322096,0.0,0.0,0.0
std,150.09784471659418,135.15473214135662,2.1446388125376594,0.0,0.0,0.0
