,RMSE,MAE,MAPE,PI Width,CI Coverage,PI Overlap
mean,264.72622368726286,215.38607910156253,3.6652493582188317,0.0,0.0,0.0
median,267.8894924679203,216.57006022135417,3.6611066641430874,0.0,0.0,0.0
std,13.902729423926468,12.014198170310593,0.19431608822686142,0.0,0.0,0.0
