,RMSE,MAE,MAPE,PI Width,CI Coverage,PI Overlap
mean,459.45049892164917,398.12723253038183,6.397254799055362,0.0,0.0,0.0
median,460.99925136073057,397.98675537109375,6.392077549869335,0.0,0.0,0.0
std,35.78211200190788,32.68863722695692,0.5188953420686042,0.0,0.0,0.0
