,RMSE,MAE,MAPE,PI Width,CI Coverage,PI Overlap
mean,417.2737249736173,361.24545491536463,5.821770433892005,0.0,0.0,0.0
median,449.02566744392055,389.63201904296875,6.259820295937011,0.0,0.0,0.0
std,73.15857162383115,69.28655751625823,1.0894758565201152,0.0,0.0,0.0
