,RMSE,MAE,MAPE,PI Width,CI Coverage,PI Overlap
mean,341.7670348283035,293.4696438259549,4.756838068814886,0.0,0.0,0.0
median,341.83987698452796,293.48095703125,4.756796617960491,0.0,0.0,0.0
std,0.5872407179057118,0.5036333349382834,0.007799414588665682,0.0,0.0,0.0
