,RMSE,MAE,MAPE,PI Width,CI Coverage,PI Overlap
mean,342.25252664399943,298.1956366644965,4.833743928174025,0.0,0.0,0.0
median,342.15783319918194,298.2107950846354,4.834352936260109,0.0,0.0,0.0
std,4.752565615565354,4.292565903161995,0.06706044522795901,0.0,0.0,0.0
