,RMSE,MAE,MAPE,PI Width,CI Coverage,PI Overlap
mean,432.48097969310766,381.8020602756077,6.157680580206002,0.0,0.0,0.0
median,493.5757754943386,435.7750244140625,7.009892896233364,0.0,0.0,0.0
std,91.72364649020169,82.6271344003725,1.3090143220688348,0.0,0.0,0.0
