,RMSE,MAE,MAPE,PI Width,CI Coverage,PI Overlap
mean,436.98511623139217,379.5461710611979,6.11224263693597,0.0,0.0,0.0
median,463.5011252845677,403.2868855794271,6.478138499728185,0.0,0.0,0.0
std,61.775378789997326,58.89560951360674,0.9163355504545192,0.0,0.0,0.0
