,RMSE,MAE,MAPE,PI Width,CI Coverage,PI Overlap
mean,363.23446750690437,316.15575358072914,5.162300324669197,0.0,0.0,0.0
median,333.7548910535181,284.6057332356771,4.629230451617531,0.0,0.0,0.0
std,99.59325586840299,105.9957491559429,1.7799294365767933,0.0,0.0,0.0
