,RMSE,MAE,MAPE,PI Width,CI Coverage,PI Overlap
mean,469.73085197595174,412.68044297960074,6.6457608435706055,0.0,0.0,0.0
median,448.5793655013026,388.01987711588544,6.241999919751992,0.0,0.0,0.0
std,85.8850997710469,81.45089126331057,1.2970258481178063,0.0,0.0,0.0
