,RMSE,MAE,MAPE,PI Width,CI Coverage,PI Overlap
mean,291.0623030822596,240.63561469184026,3.986061997545969,0.0,0.0,0.0
median,259.58822634293597,217.73799641927081,3.62601600868845,0.0,0.0,0.0
std,72.37479023314218,66.43701316797977,1.0136696538913972,0.0,0.0,0.0
