,RMSE,MAE,MAPE,PI Width,CI Coverage,PI Overlap
mean,351.56169475247407,300.57883165147564,4.875470389155699,0.0,0.0,0.0
median,318.99359939203976,271.49165852864587,4.413861280360504,0.0,0.0,0.0
std,82.14908416888144,77.52862680979399,1.219627448201628,0.0,0.0,0.0
