,RMSE,MAE,MAPE,PI Width,CI Coverage,PI Overlap
mean,411.6541684831991,329.7046557825854,5.826168424871564,0.0,0.0,0.0
std,45.60743174182044,41.06853854448271,0.7197392432447424,0.0,0.0,0.0
