True,Pred
5750,3942.3032
5399,1657.816
6123,1199.2203
5730,-364.09607
6015,-398.46265
5989,311.9623
6333,-1535.0039
6388,1390.6626
6048,753.14844
6322,-1519.5132
6405,2143.2332
6523,-398.74576
