,RMSE,MAE,MAPE,PI Width,CI Coverage,PI Overlap
mean,303.109062797802,259.5471516927083,4.233635227544268,0.0,0.0,0.0
std,9.641154588478289,9.617000393972429,0.1478667061426364,0.0,0.0,0.0
