,RMSE,MAE,MAPE,PI Width,CI Coverage,PI Overlap
mean,270.73940205136734,220.11212565104168,3.672090295134031,0.0,0.0,0.0
median,261.04006704386285,216.15891520182294,3.598890869586208,0.0,0.0,0.0
std,19.65615347047579,21.77053733480228,0.3029301557734413,0.0,0.0,0.0
