,RMSE,MAE,MAPE,PI Width,CI Coverage,PI Overlap
mean,2644.1133301135746,2514.3203114827475,27.96624967362642,0.0,0.0,0.0
std,185.2445638855978,184.6058663422467,2.0841507236423675,0.0,0.0,0.0
