,RMSE,MAE,MAPE,PI Width,CI Coverage,PI Overlap
mean,258.7110139320712,205.87259476273147,3.7539839010172056,0.0,0.0,0.0
median,259.45764556821763,204.87403971354166,3.738728993887306,0.0,0.0,0.0
std,4.478195960216693,4.880497445938435,0.09392275732707867,0.0,0.0,0.0
