,RMSE,MAE,MAPE,PI Width,CI Coverage,PI Overlap
mean,276.05947237562197,216.4632541232639,3.8401798204799804,0.0,0.0,0.0
std,3.1523308371069017,2.7888994997955834,0.04494497881446536,0.0,0.0,0.0
