,RMSE,MAE,MAPE,PI Width,CI Coverage,PI Overlap
mean,511.04984109964215,443.4099731445312,7.118326067525765,0.0,0.0,0.0
std,20.924826497561636,19.837132762973766,0.31652663360173805,0.0,0.0,0.0
