,RMSE,MAE,MAPE,PI Width,CI Coverage,PI Overlap
mean,426.767887346462,373.0888007269965,6.033779827959239,0.0,0.0,0.0
median,394.4824976114654,343.75126139322913,5.562450598737538,0.0,0.0,0.0
std,118.71060865903404,107.74603428897429,1.7030870158295353,0.0,0.0,0.0
