,RMSE,MAE,MAPE,PI Width,CI Coverage,PI Overlap
mean,401.49922183857177,346.1758110894097,5.586737395943924,0.0,0.0,0.0
std,122.06115599361412,113.52072107957065,1.7858603655903564,0.0,0.0,0.0
