,RMSE,MAE,MAPE,PI Width,CI Coverage,PI Overlap
mean,365.8533383659897,317.58702256944446,5.120527540613844,0.0,0.0,0.0
median,336.69917953944196,292.3137410481771,4.7218102781013425,0.0,0.0,0.0
std,45.78934469195439,39.79689935078941,0.627788184468225,0.0,0.0,0.0
