,RMSE,MAE,MAPE,PI Width,CI Coverage,PI Overlap
mean,1688.491429109967,1512.188854895698,24.37564863256758,0.0,0.0,0.0
std,904.898741605258,808.7764337085473,13.01444590624994,0.0,0.0,0.0
