,RMSE,MAE,MAPE,PI Width,CI Coverage,PI Overlap
mean,2703.324103228105,2574.8666120741104,28.67524449791519,0.0,0.0,0.0
std,510.5121119424244,519.6931466220587,5.867191274575202,0.0,0.0,0.0
