,RMSE,MAE,MAPE,PI Width,CI Coverage,PI Overlap
mean,280.19107865560454,220.6586584368323,3.954123789761838,0.0,0.0,0.0
std,6.589782519654497,7.004504036149349,0.1625890339521634,0.0,0.0,0.0
