,RMSE,MAE,MAPE,PI Width,CI Coverage,PI Overlap
mean,289.9471907830284,218.16990823831642,3.8210608306352527,0.0,0.0,0.0
std,82.77806369563325,80.23334298627667,1.3993605847683803,0.0,0.0,0.0
