,RMSE,MAE,MAPE,PI Width,CI Coverage,PI Overlap
mean,283.687446361241,243.4608642578125,3.986138944946334,0.0,0.0,0.0
median,233.39001486755413,197.82489013671875,3.261295549460935,0.0,0.0,0.0
std,150.85996600551212,139.1378101413931,2.208534938480468,0.0,0.0,0.0
