,RMSE,MAE,MAPE,PI Width,CI Coverage,PI Overlap
mean,533.2269570523965,469.79001193576386,7.543174306424934,0.0,0.0,0.0
median,533.3217337613281,469.88936360677087,7.544771042844879,0.0,0.0,0.0
std,1.0671446930395752,1.1120351686419476,0.017872140810851055,0.0,0.0,0.0
