,RMSE,MAE,MAPE,PI Width,CI Coverage,PI Overlap
mean,483.6316129996014,422.0220174153646,6.799202427291655,0.0,0.0,0.0
median,481.26085893089,419.58457438151044,6.736724010408648,0.0,0.0,0.0
std,157.11994715361573,142.97902927661252,2.2639213590627008,0.0,0.0,0.0
