,RMSE,MAE,MAPE,PI Width,CI Coverage,PI Overlap
mean,311.54928374261686,239.37935054194818,4.222009172641011,0.0,0.0,0.0
median,311.07581965064173,239.08888698268584,4.205134250237395,0.0,0.0,0.0
std,20.88929085225385,17.42395433875847,0.311442161538485,0.0,0.0,0.0
