,RMSE,MAE,MAPE,PI Width,CI Coverage,PI Overlap
mean,503.24095070549,442.2959228515625,7.106203287901153,0.0,0.0,0.0
median,480.38657905945547,419.09228515625,6.729015654549372,0.0,0.0,0.0
std,81.60959607863434,79.40619142697457,1.2661488311757256,0.0,0.0,0.0
