,RMSE,MAE,MAPE,PI Width,CI Coverage,PI Overlap
mean,345.7062235024952,266.309424268018,4.732587089284426,0.0,0.0,0.0
median,349.91377808909067,263.20193728885135,4.77975941003058,0.0,0.0,0.0
std,32.94172383317805,30.043026286768118,0.478869444214436,0.0,0.0,0.0
