,RMSE,MAE,MAPE,PI Width,CI Coverage,PI Overlap
mean,1772.7960345965716,1574.696851264106,25.35153409907054,0.0,0.0,0.0
median,1779.795497935981,1559.7298278808594,25.09177924936806,0.0,0.0,0.0
std,1075.0706630984048,984.1584187853015,15.823409455749497,0.0,0.0,0.0
