,RMSE,MAE,MAPE,PI Width,CI Coverage,PI Overlap
mean,445.47979467939206,385.4739976671007,6.20817180740535,0.0,0.0,0.0
median,449.5569166058806,386.9213663736979,6.22260449924297,0.0,0.0,0.0
std,36.03993771015379,29.956941962320876,0.463238930048665,0.0,0.0,0.0
