,RMSE,MAE,MAPE,PI Width,CI Coverage,PI Overlap
mean,329.9572722753972,284.3581895616319,4.593484769402783,0.0,0.0,0.0
std,12.5290853183037,11.976768775817773,0.18866929394471293,0.0,0.0,0.0
