,RMSE,MAE,MAPE,PI Width,CI Coverage,PI Overlap
mean,290.3299578924374,231.67234302662038,4.154700981618939,0.0,0.0,0.0
std,27.163536868582437,18.692865005967526,0.2902039411432386,0.0,0.0,0.0
