,RMSE,MAE,MAPE,PI Width,CI Coverage,PI Overlap
mean,267.7072785804424,209.94091124603716,3.856569608252802,0.0,0.0,0.0
median,267.69580952496307,209.844922936481,3.854276129835074,0.0,0.0,0.0
std,0.5929174967834682,0.584931716051114,0.01170521286590295,0.0,0.0,0.0
