,RMSE,MAE,MAPE,PI Width,CI Coverage,PI Overlap
mean,668.1212519848982,593.5259535047745,9.532013035427646,0.0,0.0,0.0
median,647.4424687794262,574.712626139323,9.220967337157894,0.0,0.0,0.0
std,198.88302730122422,186.41383342154384,2.990143189421088,0.0,0.0,0.0
