,RMSE,MAE,MAPE,PI Width,CI Coverage,PI Overlap
mean,400.51913915048567,350.32307128906257,5.721166484004922,0.0,0.0,0.0
median,405.37386464519386,350.043212890625,5.644672888202334,0.0,0.0,0.0
std,120.56439736693035,116.03195263704738,1.884485344198152,0.0,0.0,0.0
