,RMSE,MAE,MAPE,PI Width,CI Coverage,PI Overlap
mean,418.266758691679,362.1056355794271,5.8669866759221145,0.0,0.0,0.0
median,383.6493864041322,333.5202840169271,5.392055040288081,0.0,0.0,0.0
std,156.85129654269977,143.33341220988285,2.2538083053119355,0.0,0.0,0.0
