,RMSE,MAE,MAPE,PI Width,CI Coverage,PI Overlap
mean,501.399271971209,435.8427788628471,7.013491926265013,0.0,0.0,0.0
std,243.4016057238458,218.70395564594813,3.485974404949195,0.0,0.0,0.0
