,RMSE,MAE,MAPE,PI Width,CI Coverage,PI Overlap
mean,270.47176643657065,214.22585250289356,3.8938836501373784,0.0,0.0,0.0
std,15.750237401644231,13.028239772342658,0.2097139158158205,0.0,0.0,0.0
