,RMSE,MAE,MAPE,PI Width,CI Coverage,PI Overlap
mean,488.22684384631617,426.28719889322923,6.86150774143642,0.0,0.0,0.0
median,505.9325825031543,440.98659261067706,7.081889283393137,0.0,0.0,0.0
std,137.17718675787285,127.32103414078888,2.0178591629257734,0.0,0.0,0.0
