,RMSE,MAE,MAPE,PI Width,CI Coverage,PI Overlap
mean,499.3155425178807,433.72467176649303,6.980649059516888,0.0,0.0,0.0
median,517.8245252653751,447.0125732421875,7.175926434212118,0.0,0.0,0.0
std,104.28949788964468,95.3681054550003,1.5014300139080763,0.0,0.0,0.0
