,RMSE,MAE,MAPE,PI Width,CI Coverage,PI Overlap
mean,289.83944921443003,232.49656437001332,4.245921748701771,0.0,0.0,0.0
median,289.674597483173,232.14148728390956,4.237486222622373,0.0,0.0,0.0
std,1.723198769957241,1.835689868021722,0.039499214523219424,0.0,0.0,0.0
