,RMSE,MAE,MAPE,PI Width,CI Coverage,PI Overlap
mean,6092.263407542091,6083.7776613179185,99.97179053918941,0.0,0.0,0.0
median,6092.411181563868,6083.94065356503,99.97462912618604,0.0,0.0,0.0
std,0.4669661377070627,0.4954670649931166,0.00863979156598202,0.0,0.0,0.0
