,RMSE,MAE,MAPE,PI Width,CI Coverage,PI Overlap
mean,6092.133495405242,6083.6421836329,99.96946607378341,0.0,0.0,0.0
median,6092.305278436106,6083.822446537515,99.97257415580638,0.0,0.0,0.0
std,0.669285531456112,0.7092757791632668,0.012353565655289424,0.0,0.0,0.0
