,RMSE,MAE,MAPE,PI Width,CI Coverage,PI Overlap
mean,5524.110864010912,5491.330961776286,99.80590370984939,0.0,0.0,0.0
median,5524.742813800318,5491.966692670862,99.81760929505066,0.0,0.0,0.0
std,2.9576296745659323,2.975286531752329,0.054783354443707806,0.0,0.0,0.0
