True,Pred
5750,11.45434
5399,4.3196597
6123,1.8119177
5730,1.0074209
6015,0.7991096
5989,0.7500887
6333,0.7388575
6388,0.7363006
6048,0.73571944
6322,0.73558736
6405,0.7355573
6523,0.7355505
