True,Pred
5750,15.316235
5399,4.923283
6123,1.6954949
5730,0.8564483
6015,0.6905402
5989,0.6607511
6333,0.65551
6388,0.65459126
6048,0.6544304
6322,0.65440214
6405,0.6543972
6523,0.6543963
