True,Pred
5750,9.364951
5399,2.0271022
6123,0.81266725
5730,0.64402217
6015,0.6229797
5989,0.6203997
6333,0.620084
6388,0.62004536
6048,0.6200407
6322,0.6200402
6405,0.62004006
6523,0.62004006
