True,Pred
5750,8.085478
5399,1.8075051
6123,0.68590134
5730,0.5558708
6015,0.5426041
5989,0.5412715
6333,0.5411379
6388,0.5411245
6048,0.54112315
6322,0.541123
6405,0.541123
6523,0.541123
