True,Pred
5750,13.282276
5399,4.1382804
6123,1.3680149
5730,0.7381052
6015,0.62998754
5989,0.61283416
6333,0.61015046
6388,0.60973144
6048,0.60966605
6322,0.6096558
6405,0.6096542
6523,0.60965395
