True,Pred
4323,8.050076
4825,8.050076
4462,8.050076
4642,8.050076
4369,8.050076
4672,8.050076
4661,8.050076
4655,8.050076
4716,8.050076
4377,8.050076
4484,8.050076
4911,8.050076
5218,8.050076
5759,8.050076
5456,8.050076
5359,8.050076
5305,8.050076
5769,8.050076
5565,8.050076
5367,8.050076
5633,8.050076
5664,8.050076
6082,8.050076
6505,8.050076
5813,8.050076
6379,8.050076
6091,8.050076
6219,8.050076
6052,8.050076
6105,8.050076
6030,8.050076
5969,8.050076
5707,8.050076
5681,8.050076
6052,8.050076
5904,8.050076
5426,8.050076
6005,8.050076
5766,8.050076
5946,8.050076
5981,8.050076
6104,8.050076
5991,8.050076
5670,8.050076
5709,8.050076
5416,8.050076
5793,8.050076
