True,Pred
5750,12.924069
5399,4.072828
6123,1.2957326
5730,0.6380013
6015,0.52970076
5989,0.51369345
6333,0.5113575
6388,0.51101744
6048,0.5109681
6322,0.5109609
6405,0.51095986
6523,0.5109597
