True,Pred
5750,14.289972
5399,5.48647
6123,1.8266107
5730,0.7279574
6015,0.5249439
5989,0.4935214
6333,0.4888203
6388,0.48812068
6048,0.48801666
6322,0.48800117
6405,0.48799878
6523,0.4879985
