True,Pred
4323,9.364951
4825,9.364951
4462,9.364951
4642,9.364951
4369,9.364951
4672,9.364951
4661,9.364951
4655,9.364951
4716,9.364951
4377,9.364951
4484,9.364951
4911,9.364951
5218,9.364951
5759,9.364951
5456,9.364951
5359,9.364951
5305,9.364951
5769,9.364951
5565,9.364951
5367,9.364951
5633,9.364951
5664,9.364951
6082,9.364951
6505,9.364951
5813,9.364951
6379,9.364951
6091,9.364951
6219,9.364951
6052,9.364951
6105,9.364951
6030,9.364951
5969,9.364951
5707,9.364951
5681,9.364951
6052,9.364951
5904,9.364951
5426,9.364951
6005,9.364951
5766,9.364951
5946,9.364951
5981,9.364951
6104,9.364951
5991,9.364951
5670,9.364951
5709,9.364951
5416,9.364951
5793,9.364951
