True,Pred
5750,12.111781
5399,4.5227547
6123,1.5759332
5730,0.7509645
6015,0.5922538
5989,0.5653554
6333,0.5609113
6388,0.5601802
6048,0.56006
6322,0.5600403
6405,0.560037
6523,0.5600365
