True,Pred
5750,11.536695
5399,3.6284397
6123,1.2221384
5730,0.75494224
6015,0.68404907
5989,0.673864
6333,0.67241293
6388,0.67220646
6048,0.67217714
6322,0.67217296
6405,0.67217237
6523,0.67217225
