True,Pred
5750,12.392469
5399,3.7641869
6123,1.1047325
5730,0.58595884
6015,0.5122185
5989,0.50244427
6333,0.5011617
6388,0.50099367
6048,0.50097156
6322,0.5009687
6405,0.50096834
6523,0.50096834
