True,Pred
5750,5.9241705
5399,0.94087803
6123,0.4857794
5730,0.45784575
6015,0.45622507
5989,0.45613143
6333,0.45612606
6388,0.45612574
6048,0.45612574
6322,0.45612574
6405,0.45612574
6523,0.45612574
