True,Pred
4323,15.316235
4825,15.316235
4462,15.316235
4642,15.316235
4369,15.316235
4672,15.316235
4661,15.316235
4655,15.316235
4716,15.316235
4377,15.316235
4484,15.316235
4911,15.316235
5218,15.316235
5759,15.316235
5456,15.316235
5359,15.316235
5305,15.316235
5769,15.316235
5565,15.316235
5367,15.316235
5633,15.316235
5664,15.316235
6082,15.316235
6505,15.316235
5813,15.316235
6379,15.316235
6091,15.316235
6219,15.316235
6052,15.316235
6105,15.316235
6030,15.316235
5969,15.316235
5707,15.316235
5681,15.316235
6052,15.316235
5904,15.316235
5426,15.316235
6005,15.316235
5766,15.316235
5946,15.316235
5981,15.316235
6104,15.316235
5991,15.316235
5670,15.316235
5709,15.316235
5416,15.316235
5793,15.316235
