True,Pred
5750,8.761493
5399,1.6122718
6123,0.65028083
5730,0.5695988
6015,0.5634986
5989,0.5630417
6333,0.5630075
6388,0.56300503
6048,0.56300473
6322,0.56300473
6405,0.56300473
6523,0.56300473
