True,Pred
5750,9.156652
5399,2.3695524
6123,0.7232877
5730,0.483457
6015,0.4557314
5989,0.4526323
6333,0.45228747
6388,0.4522491
6048,0.45224482
6322,0.45224434
6405,0.45224425
6523,0.45224422
