True,Pred
5750,13.338911
5399,4.848708
6123,1.7469591
5730,0.8761629
6015,0.70352125
5989,0.6730063
6333,0.66773295
6388,0.6668257
6048,0.6666697
6322,0.6666429
6405,0.6666383
6523,0.6666375
