True,Pred
5750,7.8693385
5399,1.7968011
6123,0.63404477
5730,0.4829306
6015,0.46582958
5989,0.46393102
6333,0.4637207
6388,0.46369737
6048,0.46369487
6322,0.46369454
6405,0.46369448
6523,0.46369448
