True,Pred
4323,8.726574
4825,8.726574
4462,8.726574
4642,8.726574
4369,8.726574
4672,8.726574
4661,8.726574
4655,8.726574
4716,8.726574
4377,8.726574
4484,8.726574
4911,8.726574
5218,8.726574
5759,8.726574
5456,8.726574
5359,8.726574
5305,8.726574
5769,8.726574
5565,8.726574
5367,8.726574
5633,8.726574
5664,8.726574
6082,8.726574
6505,8.726574
5813,8.726574
6379,8.726574
6091,8.726574
6219,8.726574
6052,8.726574
6105,8.726574
6030,8.726574
5969,8.726574
5707,8.726574
5681,8.726574
6052,8.726574
5904,8.726574
5426,8.726574
6005,8.726574
5766,8.726574
5946,8.726574
5981,8.726574
6104,8.726574
5991,8.726574
5670,8.726574
5709,8.726574
5416,8.726574
5793,8.726574
