True,Pred
5750,12.145881
5399,4.829165
6123,1.9582727
5730,1.0307378
6015,0.8109122
5989,0.76516896
6333,0.7559555
6388,0.7541126
6048,0.7537444
6322,0.75367093
6405,0.75365615
6523,0.7536533
