True,Pred
5750,9.143036
5399,2.3598783
6123,0.83864504
5730,0.5928878
6015,0.5596203
5989,0.5552598
6333,0.55469084
6388,0.5546166
6048,0.554607
6322,0.55460566
6405,0.5546055
6523,0.5546055
