True,Pred
5750,9.098162
5399,1.9363849
6123,0.5916631
5730,0.4398885
6015,0.42531878
5989,0.42394727
6333,0.42381844
6388,0.42380628
6048,0.42380515
6322,0.42380506
6405,0.42380506
6523,0.42380506
