True,Pred
4323,9.963522
4825,9.963522
4462,9.963522
4642,9.963522
4369,9.963522
4672,9.963522
4661,9.963522
4655,9.963522
4716,9.963522
4377,9.963522
4484,9.963522
4911,9.963522
5218,9.963522
5759,9.963522
5456,9.963522
5359,9.963522
5305,9.963522
5769,9.963522
5565,9.963522
5367,9.963522
5633,9.963522
5664,9.963522
6082,9.963522
6505,9.963522
5813,9.963522
6379,9.963522
6091,9.963522
6219,9.963522
6052,9.963522
6105,9.963522
6030,9.963522
5969,9.963522
5707,9.963522
5681,9.963522
6052,9.963522
5904,9.963522
5426,9.963522
6005,9.963522
5766,9.963522
5946,9.963522
5981,9.963522
6104,9.963522
5991,9.963522
5670,9.963522
5709,9.963522
5416,9.963522
5793,9.963522
