True,Pred
5750,12.871776
5399,4.2529206
6123,1.6187744
5730,0.8673756
6015,0.6933265
5989,0.6560693
6333,0.64825195
6388,0.6466187
6048,0.64627796
6322,0.64620686
6405,0.64619195
6523,0.6461889
