True,Pred
5750,9.750727
5399,2.2850585
6123,0.66581553
5730,0.46429977
6015,0.44409338
5989,0.44212627
6333,0.44193536
6388,0.44191682
6048,0.44191512
6322,0.44191492
6405,0.4419149
6523,0.4419149
