True,Pred
5750,12.087794
5399,3.5466928
6123,1.2129624
5730,0.771858
6015,0.70463824
5989,0.69487935
6333,0.6934732
6388,0.69327086
6048,0.6932417
6322,0.6932376
6405,0.693237
6523,0.69323695
