True,Pred
4323,19.158504
4825,19.158504
4462,19.158504
4642,19.158504
4369,19.158504
4672,19.158504
4661,19.158504
4655,19.158504
4716,19.158504
4377,19.158504
4484,19.158504
4911,19.158504
5218,19.158504
5759,19.158504
5456,19.158504
5359,19.158504
5305,19.158504
5769,19.158504
5565,19.158504
5367,19.158504
5633,19.158504
5664,19.158504
6082,19.158504
6505,19.158504
5813,19.158504
6379,19.158504
6091,19.158504
6219,19.158504
6052,19.158504
6105,19.158504
6030,19.158504
5969,19.158504
5707,19.158504
5681,19.158504
6052,19.158504
5904,19.158504
5426,19.158504
6005,19.158504
5766,19.158504
5946,19.158504
5981,19.158504
6104,19.158504
5991,19.158504
5670,19.158504
5709,19.158504
5416,19.158504
5793,19.158504
