True,Pred
4323,19.741114
4825,19.741114
4462,19.741114
4642,19.741114
4369,19.741114
4672,19.741114
4661,19.741114
4655,19.741114
4716,19.741114
4377,19.741114
4484,19.741114
4911,19.741114
5218,19.741114
5759,19.741114
5456,19.741114
5359,19.741114
5305,19.741114
5769,19.741114
5565,19.741114
5367,19.741114
5633,19.741114
5664,19.741114
6082,19.741114
6505,19.741114
5813,19.741114
6379,19.741114
6091,19.741114
6219,19.741114
6052,19.741114
6105,19.741114
6030,19.741114
5969,19.741114
5707,19.741114
5681,19.741114
6052,19.741114
5904,19.741114
5426,19.741114
6005,19.741114
5766,19.741114
5946,19.741114
5981,19.741114
6104,19.741114
5991,19.741114
5670,19.741114
5709,19.741114
5416,19.741114
5793,19.741114
