True,Pred
5750,8.082697
5399,2.4037695
6123,0.9476948
5730,0.6697914
6015,0.62495047
5989,0.61796904
6333,0.61688834
6388,0.6167213
6048,0.6166954
6322,0.61669147
6405,0.6166909
6523,0.61669075
