True,Pred
5750,13.164205
5399,4.8565445
6123,1.7481816
5730,0.90229
6015,0.7395414
5989,0.71160716
6333,0.7069144
6388,0.70612913
6048,0.70599777
6322,0.7059757
6405,0.70597214
6523,0.7059715
