True,Pred
5750,10.198191
5399,2.7517002
6123,0.7595498
5730,0.4530357
6015,0.41695267
5989,0.41287845
6333,0.41242087
6388,0.41236955
6048,0.41236377
6322,0.4123631
6405,0.4123631
6523,0.4123631
