True,Pred
5750,13.900942
5399,5.1608315
6123,1.7639763
5730,0.7984227
6015,0.6087551
5989,0.5762246
6333,0.5707993
6388,0.5698989
6048,0.5697496
6322,0.5697248
6405,0.56972075
6523,0.5697201
