True,Pred
4323,11.536695
4825,11.536695
4462,11.536695
4642,11.536695
4369,11.536695
4672,11.536695
4661,11.536695
4655,11.536695
4716,11.536695
4377,11.536695
4484,11.536695
4911,11.536695
5218,11.536695
5759,11.536695
5456,11.536695
5359,11.536695
5305,11.536695
5769,11.536695
5565,11.536695
5367,11.536695
5633,11.536695
5664,11.536695
6082,11.536695
6505,11.536695
5813,11.536695
6379,11.536695
6091,11.536695
6219,11.536695
6052,11.536695
6105,11.536695
6030,11.536695
5969,11.536695
5707,11.536695
5681,11.536695
6052,11.536695
5904,11.536695
5426,11.536695
6005,11.536695
5766,11.536695
5946,11.536695
5981,11.536695
6104,11.536695
5991,11.536695
5670,11.536695
5709,11.536695
5416,11.536695
5793,11.536695
