True,Pred
5750,8.726574
5399,1.9715407
6123,0.6372662
5730,0.46332234
6015,0.44364393
5989,0.44146436
6333,0.44122356
6388,0.44119698
6048,0.44119406
6322,0.44119376
6405,0.4411937
6523,0.4411937
