True,Pred
4323,13.338911
4825,13.338911
4462,13.338911
4642,13.338911
4369,13.338911
4672,13.338911
4661,13.338911
4655,13.338911
4716,13.338911
4377,13.338911
4484,13.338911
4911,13.338911
5218,13.338911
5759,13.338911
5456,13.338911
5359,13.338911
5305,13.338911
5769,13.338911
5565,13.338911
5367,13.338911
5633,13.338911
5664,13.338911
6082,13.338911
6505,13.338911
5813,13.338911
6379,13.338911
6091,13.338911
6219,13.338911
6052,13.338911
6105,13.338911
6030,13.338911
5969,13.338911
5707,13.338911
5681,13.338911
6052,13.338911
5904,13.338911
5426,13.338911
6005,13.338911
5766,13.338911
5946,13.338911
5981,13.338911
6104,13.338911
5991,13.338911
5670,13.338911
5709,13.338911
5416,13.338911
5793,13.338911
