,RMSE,MAE,MAPE,PI Width,CI Coverage,PI Overlap
mean,296.2499025732472,245.6237738715278,4.0260723274237105,0.0,0.0,0.0
median,292.2027647900592,241.04146321614581,3.9491306015002223,0.0,0.0,0.0
std,24.01446805131267,22.364556650651593,0.3435474294523592,0.0,0.0,0.0
