,RMSE,MAE,MAPE,PI Width,CI Coverage,PI Overlap
mean,288.1508843461269,241.4727199978298,3.9940807836781653,0.0,0.0,0.0
std,22.030742338664332,20.324585133320372,0.3056737839146638,0.0,0.0,0.0
