,RMSE,MAE,MAPE,PI Width,CI Coverage,PI Overlap
mean,566.7629898342445,495.91886393229163,7.9895257341292325,0.0,0.0,0.0
median,516.6895773372752,450.6269734700521,7.239903812880422,0.0,0.0,0.0
std,177.2449461458138,160.60941184027573,2.548870992021341,0.0,0.0,0.0
