,RMSE,MAE,MAPE,PI Width,CI Coverage,PI Overlap
mean,535.9110370766615,468.68141954210057,7.566321110943771,0.0,0.0,0.0
median,580.6363654274428,510.15852864583337,8.197511600389744,0.0,0.0,0.0
std,180.74100980241212,163.92143498059363,2.5853743399566196,0.0,0.0,0.0
