,RMSE,MAE,MAPE,PI Width,CI Coverage,PI Overlap
mean,213.74509283638653,181.04206407335067,2.9946091948514413,0.0,0.0,0.0
median,211.5687141113709,180.15871175130206,2.980274495825154,0.0,0.0,0.0
std,10.541707435240147,8.572808336517397,0.12805326325880412,0.0,0.0,0.0
