,RMSE,MAE,MAPE,PI Width,CI Coverage,PI Overlap
mean,462.02495645244227,399.7413953993056,6.42150641824575,0.0,0.0,0.0
median,467.2977440468735,404.3817138671875,6.494771706476694,0.0,0.0,0.0
std,17.143337337614124,15.388070506148706,0.244089260998949,0.0,0.0,0.0
