,RMSE,MAE,MAPE,PI Width,CI Coverage,PI Overlap
mean,355.64862177872885,303.62961832682294,4.909159613848904,0.0,0.0,0.0
median,360.25861915245116,307.75431315104163,4.972672328344522,0.0,0.0,0.0
std,96.74925762446526,88.26665779652107,1.388697580493199,0.0,0.0,0.0
