,RMSE,MAE,MAPE,PI Width,CI Coverage,PI Overlap
mean,440.6279142430514,381.86436360677084,6.151571392616931,0.0,0.0,0.0
median,433.9238080803858,373.9365234375,6.012565095242794,0.0,0.0,0.0
std,95.40261962589595,88.45179803064646,1.3932195873510202,0.0,0.0,0.0
