,RMSE,MAE,MAPE,PI Width,CI Coverage,PI Overlap
mean,3083.3500287272695,2977.787681410048,33.31544008915852,0.0,0.0,0.0
std,82.82056266490132,86.0782087378801,0.9909407152509415,0.0,0.0,0.0
