True,Pred
5750,4097.127
5399,3193.465
6123,2658.2046
5730,109.719215
6015,427.48447
5989,-934.19476
6333,-2095.6846
6388,-1030.2092
6048,-617.8529
6322,1282.5366
6405,844.0018
6523,-3446.328
