,RMSE,MAE,MAPE,PI Width,CI Coverage,PI Overlap
mean,439.7780942226535,379.36959499782984,6.098088903149816,0.0,0.0,0.0
std,7.101226436455919,6.163896128650715,0.09715372456419813,0.0,0.0,0.0
