,RMSE,MAE,MAPE,PI Width,CI Coverage,PI Overlap
mean,419.80684611689344,362.2608086480034,5.840836592081374,0.0,0.0,0.0
median,368.6690482618697,318.4950154622396,5.151470230209021,0.0,0.0,0.0
std,78.71642876777683,68.72310925421239,1.080463800225112,0.0,0.0,0.0
