,RMSE,MAE,MAPE,PI Width,CI Coverage,PI Overlap
mean,227.31171518676265,189.28209092881946,3.130321313907722,0.0,0.0,0.0
median,225.23385410494626,190.06795247395831,3.1417496102303852,0.0,0.0,0.0
std,24.74234776124461,22.839542686870647,0.34755966531870436,0.0,0.0,0.0
