,RMSE,MAE,MAPE,PI Width,CI Coverage,PI Overlap
mean,266.3301187982968,211.42960214120373,3.862713916250317,0.0,0.0,0.0
std,6.312243086582157,4.013583197140301,0.07302396878008449,0.0,0.0,0.0
