,RMSE,MAE,MAPE,PI Width,CI Coverage,PI Overlap
mean,378.75522445534955,327.6782077365452,5.281007099735262,0.0,0.0,0.0
std,67.8257680825118,62.33928883398141,0.9889961085293613,0.0,0.0,0.0
