,RMSE,MAE,MAPE,PI Width,CI Coverage,PI Overlap
mean,387.6132237864986,334.08853624131945,5.395482296026015,0.0,0.0,0.0
median,383.43721396011483,334.94258626302087,5.396667544892223,0.0,0.0,0.0
std,50.19576552459839,46.62367248632149,0.7365542584750375,0.0,0.0,0.0
