,RMSE,MAE,MAPE,PI Width,CI Coverage,PI Overlap
mean,277.11139357859514,227.14147772305253,4.2408215865792735,0.0,0.0,0.0
median,270.6047057940986,219.41277280061144,4.1067873719800065,0.0,0.0,0.0
std,31.427198501471793,28.780580808167947,0.5701459869321577,0.0,0.0,0.0
