,RMSE,MAE,MAPE,PI Width,CI Coverage,PI Overlap
mean,352.08022979469456,299.74865587022566,4.8502009882733415,0.0,0.0,0.0
median,275.88841113639796,231.7286580403646,3.7781873860674384,0.0,0.0,0.0
std,97.03732481051328,87.51683153201078,1.3737675605119404,0.0,0.0,0.0
