,RMSE,MAE,MAPE,PI Width,CI Coverage,PI Overlap
mean,481.09545436442545,419.32567138671874,6.760830421283189,0.0,0.0,0.0
median,407.1062579617751,352.1090087890625,5.670922441870961,0.0,0.0,0.0
std,236.5227425533854,215.17697297782271,3.4235351883918312,0.0,0.0,0.0
