,RMSE,MAE,MAPE,PI Width,CI Coverage,PI Overlap
mean,340.5602022612733,252.87984988190405,4.517328178692049,0.0,0.0,0.0
std,16.954549573367103,11.041515631671958,0.193297730453609,0.0,0.0,0.0
