,RMSE,MAE,MAPE,PI Width,CI Coverage,PI Overlap
mean,604.8872592207409,528.9577460394966,8.49255118909298,0.0,0.0,0.0
median,565.3498661435847,494.89251708984375,7.942568654578334,0.0,0.0,0.0
std,174.8250025606055,157.69061600719598,2.5128413450751417,0.0,0.0,0.0
