,RMSE,MAE,MAPE,PI Width,CI Coverage,PI Overlap
mean,356.42722573229014,308.4367933485243,4.979372741918058,0.0,0.0,0.0
median,357.60888383127565,309.84991455078125,5.001612575905288,0.0,0.0,0.0
std,6.3249301146917425,6.379815244066187,0.10055124557623585,0.0,0.0,0.0
