,RMSE,MAE,MAPE,PI Width,CI Coverage,PI Overlap
mean,490.58133825406725,424.13134765625,6.809427006144981,0.0,0.0,0.0
median,488.4212863161339,421.8304850260417,6.772389854347651,0.0,0.0,0.0
std,12.516504893473853,13.602347134657853,0.21854431998418783,0.0,0.0,0.0
