,RMSE,MAE,MAPE,PI Width,CI Coverage,PI Overlap
mean,444.1505870945356,384.909423828125,6.259215613343768,0.0,0.0,0.0
median,435.7151320341119,377.8975423177083,6.095169059651052,0.0,0.0,0.0
std,154.20765462714093,142.8959876643807,2.242965851527528,0.0,0.0,0.0
