,RMSE,MAE,MAPE,PI Width,CI Coverage,PI Overlap
mean,229.61279040566043,187.38102630876068,3.3374783514199367,0.0,0.0,0.0
median,227.6845550857306,187.65583683894232,3.3183128238125175,0.0,0.0,0.0
std,29.83998421408363,24.562811168119566,0.4572932009633626,0.0,0.0,0.0
