,RMSE,MAE,MAPE,PI Width,CI Coverage,PI Overlap
mean,426.6585059540492,368.6406521267361,5.94017082408863,0.0,0.0,0.0
median,431.1686432611225,371.5562540690104,5.987176699307383,0.0,0.0,0.0
std,28.300656987856787,24.35057060127153,0.3757524952656312,0.0,0.0,0.0
