,RMSE,MAE,MAPE,PI Width,CI Coverage,PI Overlap
mean,249.22481343862395,187.811451099537,3.2614569668569127,0.0,0.0,0.0
median,249.36395233277977,187.86475287543402,3.2625524074366723,0.0,0.0,0.0
std,1.6879084762597394,1.1080369935851184,0.021517644927614467,0.0,0.0,0.0
