,RMSE,MAE,MAPE,PI Width,CI Coverage,PI Overlap
mean,635.0184917257665,565.582938639323,9.079457363202163,0.0,0.0,0.0
median,645.6542975625098,577.5179036458333,9.270174859219768,0.0,0.0,0.0
std,99.53718610707806,96.56470877116139,1.5512851579430078,0.0,0.0,0.0
