,RMSE,MAE,MAPE,PI Width,CI Coverage,PI Overlap
mean,453.40543103326706,391.746750217014,6.306853324919868,0.0,0.0,0.0
median,459.3878849958252,396.95481363932294,6.3884697160653765,0.0,0.0,0.0
std,34.426351198126106,28.47046821737236,0.44681559131279663,0.0,0.0,0.0
