,RMSE,MAE,MAPE,PI Width,CI Coverage,PI Overlap
mean,567.5785561514004,504.9926350911458,8.10893540435194,0.0,0.0,0.0
median,567.6218572601413,505.03645833333337,8.109639712252667,0.0,0.0,0.0
std,0.5681662367252048,0.5733821850102774,0.009215146640957036,0.0,0.0,0.0
