,RMSE,MAE,MAPE,PI Width,CI Coverage,PI Overlap
mean,549.9879152383935,433.446576353561,8.247493053317799,0.0,0.0,0.0
median,549.9848777556524,433.4600290697674,8.247655346465677,0.0,0.0,0.0
std,0.03451899250166339,0.17601499632873396,0.0021234394147495667,0.0,0.0,0.0
