,RMSE,MAE,MAPE,PI Width,CI Coverage,PI Overlap
mean,704.263386940324,573.2524709065755,9.44499070898753,0.0,0.0,0.0
std,646.2821987207082,523.986587860822,8.498860611451564,0.0,0.0,0.0
