,RMSE,MAE,MAPE,PI Width,CI Coverage,PI Overlap
mean,736.6708391430667,603.9418887668186,10.470018503795519,0.0,0.0,0.0
std,468.51972818629065,417.002358660973,7.161555079372924,0.0,0.0,0.0
