,RMSE,MAE,MAPE,PI Width,CI Coverage,PI Overlap
mean,313.96756138551495,269.15298394097226,4.376869010443925,0.0,0.0,0.0
median,311.3510428700856,266.89449055989587,4.3398350462468755,0.0,0.0,0.0
std,9.26368777429225,8.735447417177465,0.13659038482887664,0.0,0.0,0.0
