,RMSE,MAE,MAPE,PI Width,CI Coverage,PI Overlap
mean,466.05429149659346,403.49621717664934,6.495317407187448,0.0,0.0,0.0
median,446.61121095624634,384.8797607421875,6.188632160157888,0.0,0.0,0.0
std,80.02890778181411,74.21626807886544,1.1746316265129275,0.0,0.0,0.0
