,RMSE,MAE,MAPE,PI Width,CI Coverage,PI Overlap
mean,287.9755757650984,214.58669746594552,3.8900161936543394,0.0,0.0,0.0
std,1.922201138402672,2.3362890316361975,0.04732165351948739,0.0,0.0,0.0
