,RMSE,MAE,MAPE,PI Width,CI Coverage,PI Overlap
mean,466.88567905912697,403.9649183485243,6.519929991630381,0.0,0.0,0.0
median,436.52602082337376,377.9510701497396,6.089858757218648,0.0,0.0,0.0
std,159.20893651360979,143.52397830495727,2.26721881273925,0.0,0.0,0.0
