,RMSE,MAE,MAPE,PI Width,CI Coverage,PI Overlap
mean,3041.462949473769,2930.6899522569443,32.75877176125768,0.0,0.0,0.0
std,149.0594982236927,153.7051932103659,1.7624457829503202,0.0,0.0,0.0
