,RMSE,MAE,MAPE,PI Width,CI Coverage,PI Overlap
mean,355.9829904771536,307.4253336588542,5.019169878254188,0.0,0.0,0.0
median,355.90962270825855,307.344970703125,5.017950651869313,0.0,0.0,0.0
std,0.7449425074252832,0.8388043003435295,0.012725917376323191,0.0,0.0,0.0
