,RMSE,MAE,MAPE,PI Width,CI Coverage,PI Overlap
mean,548.3586386061778,485.28276909722223,7.792792044166209,0.0,0.0,0.0
median,551.2210555506767,488.3683675130208,7.841757477419685,0.0,0.0,0.0
std,34.48863369630007,34.52236423384382,0.5528925243249865,0.0,0.0,0.0
