,RMSE,MAE,MAPE,PI Width,CI Coverage,PI Overlap
mean,330.30735820265437,262.8995727539063,4.395285692275913,0.0,0.0,0.0
std,100.64767674354812,92.36242170961896,1.451359885922598,0.0,0.0,0.0
