,RMSE,MAE,MAPE,PI Width,CI Coverage,PI Overlap
mean,419.61704330982195,335.8482997796474,5.9353384502111455,0.0,0.0,0.0
std,32.016315041180825,32.99176037759157,0.5757262234848805,0.0,0.0,0.0
