,RMSE,MAE,MAPE,PI Width,CI Coverage,PI Overlap
mean,2497.0813711103096,2223.81860555013,35.82305887269904,0.0,0.0,0.0
median,1945.390708132531,1751.5696411132812,28.169230434611016,0.0,0.0,0.0
std,2076.2640381768474,1751.9607575664324,28.110214384818924,0.0,0.0,0.0
