,RMSE,MAE,MAPE,PI Width,CI Coverage,PI Overlap
mean,950.6356416986187,880.1963128810977,15.561187149505662,0.0,0.0,0.0
std,489.1974368472375,501.85582833832405,8.892267825959586,0.0,0.0,0.0
