,RMSE,MAE,MAPE,PI Width,CI Coverage,PI Overlap
mean,2492.9319685236496,2230.0775686045486,35.98565522029703,0.0,0.0,0.0
std,1535.0281319767034,1287.2494527147678,20.662959962241246,0.0,0.0,0.0
