True,Pred
5750,4583.641
5399,4228.409
6123,3915.169
5730,3339.0032
6015,2603.0735
5989,2298.7783
6333,1676.7528
6388,1113.3217
6048,934.0981
6322,594.40125
6405,1.4554904
6523,245.5588
