,RMSE,MAE,MAPE,PI Width,CI Coverage,PI Overlap
mean,313.7353992583298,252.3552946867766,4.371102229914475,0.0,0.0,0.0
std,37.295318376707996,35.85803153557383,0.57246076392395,0.0,0.0,0.0
