,RMSE,MAE,MAPE,PI Width,CI Coverage,PI Overlap
mean,632.4355266162614,562.564118109809,9.036565615819264,0.0,0.0,0.0
median,641.7742307845992,571.375956217448,9.170936924808537,0.0,0.0,0.0
std,148.24259889833718,138.25993962924312,2.2081919318805134,0.0,0.0,0.0
