,RMSE,MAE,MAPE,PI Width,CI Coverage,PI Overlap
mean,386.532858649407,316.33663598459657,5.9775822978478415,0.0,0.0,0.0
median,371.18983123987897,304.0356601146941,5.6786899053477935,0.0,0.0,0.0
std,56.80286388870829,51.68361687007799,0.9966332280467114,0.0,0.0,0.0
