,RMSE,MAE,MAPE,PI Width,CI Coverage,PI Overlap
mean,405.8157941956143,350.31109619140625,5.639309426735435,0.0,0.0,0.0
median,406.41002768379684,350.97576904296875,5.649553965075315,0.0,0.0,0.0
std,5.17707693427932,4.555808481278518,0.07187239861683659,0.0,0.0,0.0
