,RMSE,MAE,MAPE,PI Width,CI Coverage,PI Overlap
mean,625.3684950101666,550.4070922851563,8.843100430940586,0.0,0.0,0.0
median,617.6339219607725,541.311543782552,8.691880525727978,0.0,0.0,0.0
std,143.495608510275,129.52793637165746,2.066461680516574,0.0,0.0,0.0
