,RMSE,MAE,MAPE,PI Width,CI Coverage,PI Overlap
mean,2936.2023007737694,2813.160054863824,31.372233073143246,0.0,0.0,0.0
std,16.896901232243994,17.198393157563853,0.19618519583383742,0.0,0.0,0.0
