,RMSE,MAE,MAPE,PI Width,CI Coverage,PI Overlap
mean,424.80678135142733,364.54253200954855,5.874234257746895,0.0,0.0,0.0
median,425.8920968405748,366.2922566731771,5.897109157960465,0.0,0.0,0.0
std,75.2315671044411,67.72470915517145,1.0571633574643193,0.0,0.0,0.0
