,RMSE,MAE,MAPE,PI Width,CI Coverage,PI Overlap
mean,540.5339103439878,472.5276489257812,7.5854807267527296,0.0,0.0,0.0
median,542.7918647816456,475.1674397786458,7.627873998876829,0.0,0.0,0.0
std,19.908290455564067,19.166947328811684,0.3069268094669341,0.0,0.0,0.0
