,RMSE,MAE,MAPE,PI Width,CI Coverage,PI Overlap
mean,243.6488236084191,205.97691921657983,3.3768880025236445,0.0,0.0,0.0
median,220.62646205773865,185.35626220703125,3.05127666421527,0.0,0.0,0.0
std,70.11982902175708,62.71019396274258,0.9838751546712465,0.0,0.0,0.0
