,RMSE,MAE,MAPE,PI Width,CI Coverage,PI Overlap
mean,341.6571985446061,284.78144666883685,4.67804956894374,0.0,0.0,0.0
median,289.40313778754796,225.2857869466146,3.8219192067048464,0.0,0.0,0.0
std,85.09446918937148,82.90968423972484,1.250208789176533,0.0,0.0,0.0
