,RMSE,MAE,MAPE,PI Width,CI Coverage,PI Overlap
mean,278.82083214334045,224.67741917555892,4.0462262063818955,0.0,0.0,0.0
median,266.8367221031467,216.52988638528964,3.88346514287972,0.0,0.0,0.0
std,22.844200674506613,25.579443794684884,0.48783802887711686,0.0,0.0,0.0
