,RMSE,MAE,MAPE,PI Width,CI Coverage,PI Overlap
mean,330.89725220853234,282.29018283420135,4.602697121641969,0.0,0.0,0.0
median,332.0496457804711,283.5624593098958,4.620525597973791,0.0,0.0,0.0
std,4.2505281109301585,4.436466482736904,0.06718461698560758,0.0,0.0,0.0
