,RMSE,MAE,MAPE,PI Width,CI Coverage,PI Overlap
mean,301.29738887546216,242.48785400390625,4.060720163096708,0.0,0.0,0.0
std,61.00243796845913,57.02213902420199,0.902349844486996,0.0,0.0,0.0
