,RMSE,MAE,MAPE,PI Width,CI Coverage,PI Overlap
mean,3305.93334212489,2836.066205512152,45.63911773211201,0.0,0.0,0.0
std,5736.355764071935,4396.06745900089,69.99227633238273,0.0,0.0,0.0
