,RMSE,MAE,MAPE,PI Width,CI Coverage,PI Overlap
mean,260.3308773779538,196.58849899704393,3.4402556473267896,0.0,0.0,0.0
median,260.45424780131697,196.40368322423984,3.4389664092382946,0.0,0.0,0.0
std,1.4965548250232534,0.8499625405005423,0.016209125340795872,0.0,0.0,0.0
