,RMSE,MAE,MAPE,PI Width,CI Coverage,PI Overlap
mean,506.10989896496903,443.29094509548617,7.125076694815021,0.0,0.0,0.0
median,542.2755797981497,476.712646484375,7.6523560515005755,0.0,0.0,0.0
std,126.65988986830205,116.76487325472097,1.8546055799560974,0.0,0.0,0.0
