,RMSE,MAE,MAPE,PI Width,CI Coverage,PI Overlap
mean,410.51534952858805,355.66868218315966,5.759085047884789,0.0,0.0,0.0
std,72.43877381799155,64.20713584701254,0.9909101642306587,0.0,0.0,0.0
