,RMSE,MAE,MAPE,PI Width,CI Coverage,PI Overlap
mean,442.04827087650284,383.32130940755206,6.1641005875958355,0.0,0.0,0.0
median,465.5965661727816,405.0253702799479,6.505713285561146,0.0,0.0,0.0
std,67.02513527054931,61.63383464245835,0.9715726386865167,0.0,0.0,0.0
