,RMSE,MAE,MAPE,PI Width,CI Coverage,PI Overlap
mean,344.44390589954986,294.7333943684896,4.769082600379959,0.0,0.0,0.0
median,344.49453930726463,294.79347737630206,4.769526547441298,0.0,0.0,0.0
std,0.4527063198172428,0.3585576032489188,0.005790818458355136,0.0,0.0,0.0
