,RMSE,MAE,MAPE,PI Width,CI Coverage,PI Overlap
mean,254.5598665574806,213.4492065429687,3.4927479039614284,0.0,0.0,0.0
median,243.97542576869787,203.95058186848956,3.345717795633889,0.0,0.0,0.0
std,32.03968190550476,29.803283273200435,0.46541191524785175,0.0,0.0,0.0
