,RMSE,MAE,MAPE,PI Width,CI Coverage,PI Overlap
mean,436.01767301286486,376.05355631510423,6.0458319187368765,0.0,0.0,0.0
median,434.46563447478013,374.7308146158854,6.024953601420891,0.0,0.0,0.0
std,6.809633767102409,5.923913826376672,0.09336951327447782,0.0,0.0,0.0
