,RMSE,MAE,MAPE,PI Width,CI Coverage,PI Overlap
mean,3228.875604871986,2778.3977720472544,44.816979967872705,0.0,0.0,0.0
median,1675.1271697314996,1495.400166829427,24.060457615313474,0.0,0.0,0.0
std,3186.9005721270096,2560.971155079152,41.10538300267014,0.0,0.0,0.0
