True,Pred
5750,4333.7437
5399,3518.9514
6123,2171.9038
5730,1870.8298
6015,512.5584
5989,1007.2882
6333,513.59735
6388,589.00244
6048,-223.49057
6322,201.52917
6405,-552.95776
6523,377.7275
