True,Pred
5750,3580.7476
5399,4704.471
6123,2532.5735
5730,2926.173
6015,2177.4395
5989,1321.4784
6333,1459.8824
6388,704.241
6048,750.7143
6322,100.73212
6405,99.81781
6523,-175.42923
