,RMSE,MAE,MAPE,PI Width,CI Coverage,PI Overlap
mean,2953.8834672749886,2832.453953382704,31.597632898449422,0.0,0.0,0.0
std,70.01497262462331,71.89462130574485,0.8228352884891856,0.0,0.0,0.0
