,RMSE,MAE,MAPE,PI Width,CI Coverage,PI Overlap
mean,1845.8931035598919,1676.2349163479273,27.06026403193544,0.0,0.0,0.0
median,1782.0627122729004,1632.3941446940103,26.309759024920755,0.0,0.0,0.0
std,1113.5394533378299,1034.3148341365807,16.69081590709082,0.0,0.0,0.0
