,RMSE,MAE,MAPE,PI Width,CI Coverage,PI Overlap
mean,277.42131270484464,227.34606065538193,3.8404586161526315,0.0,0.0,0.0
median,273.49139296929826,224.3439453125,3.812227863226033,0.0,0.0,0.0
std,17.152489961290232,12.196837987983319,0.1702301161070244,0.0,0.0,0.0
