,RMSE,MAE,MAPE,PI Width,CI Coverage,PI Overlap
mean,263.5001169587757,208.7505099826389,3.8052349626314794,0.0,0.0,0.0
std,12.116987262127848,9.554738053532052,0.19273743188982978,0.0,0.0,0.0
