,RMSE,MAE,MAPE,PI Width,CI Coverage,PI Overlap
mean,386.04002328908194,335.6986857096354,5.436196174385497,0.0,0.0,0.0
median,368.96185028372975,317.67529296875,5.135337685878872,0.0,0.0,0.0
std,86.0729836358971,91.25832359575492,1.528748038773556,0.0,0.0,0.0
