,RMSE,MAE,MAPE,PI Width,CI Coverage,PI Overlap
mean,736.4697704315593,660.4106092664931,10.607163531572338,0.0,0.0,0.0
median,727.9986953978537,653.0080159505208,10.489212897871218,0.0,0.0,0.0
std,43.17509656480625,39.09306790331308,0.6260828899425188,0.0,0.0,0.0
