,RMSE,MAE,MAPE,PI Width,CI Coverage,PI Overlap
mean,490.6497385081163,425.4623697916666,6.852003527721023,0.0,0.0,0.0
median,457.2165999654861,392.9746500651042,6.317824041967958,0.0,0.0,0.0
std,163.40909381946773,148.08365197244714,2.3483429234838606,0.0,0.0,0.0
