,RMSE,MAE,MAPE,PI Width,CI Coverage,PI Overlap
mean,567.8695281221209,493.5017415364584,7.927948734299761,0.0,0.0,0.0
median,541.9719616579239,469.4875691731771,7.5315501841756225,0.0,0.0,0.0
std,211.18232361816393,185.23606348688608,2.94583976291189,0.0,0.0,0.0
