,RMSE,MAE,MAPE,PI Width,CI Coverage,PI Overlap
mean,251.99523958239803,203.77814923321756,3.7383272417289404,0.0,0.0,0.0
median,248.83494980436222,201.88685438368054,3.707171866072758,0.0,0.0,0.0
std,11.200019057693424,10.109054373607135,0.20904599076122285,0.0,0.0,0.0
