,RMSE,MAE,MAPE,PI Width,CI Coverage,PI Overlap
mean,432.28889109622713,374.72648654513887,6.040351878965179,0.0,0.0,0.0
median,431.21537473193445,373.8121744791667,6.025348198226391,0.0,0.0,0.0
std,31.375199397801246,26.760579312321926,0.4223631038089997,0.0,0.0,0.0
