,RMSE,MAE,MAPE,PI Width,CI Coverage,PI Overlap
mean,429.6975815058162,372.37430148654505,6.003034021272556,0.0,0.0,0.0
median,424.64799987444144,368.33603922526044,5.939450219365449,0.0,0.0,0.0
std,25.783644104483603,21.35912613124382,0.3354354902615084,0.0,0.0,0.0
