,RMSE,MAE,MAPE,PI Width,CI Coverage,PI Overlap
mean,507.54070070239055,443.36882866753473,7.125471679631259,0.0,0.0,0.0
median,511.00789891060106,444.0804646809896,7.13088435594858,0.0,0.0,0.0
std,57.69515975426951,53.662855070663916,0.8528342391275356,0.0,0.0,0.0
