,RMSE,MAE,MAPE,PI Width,CI Coverage,PI Overlap
mean,409.28635329318587,354.9286743164063,5.741169960355961,0.0,0.0,0.0
median,397.44021376643525,347.5226847330729,5.624342807018541,0.0,0.0,0.0
std,75.44290108065682,69.11426018547029,1.0859308796938025,0.0,0.0,0.0
