,RMSE,MAE,MAPE,PI Width,CI Coverage,PI Overlap
mean,279.5279400090054,223.32081148917212,3.9551524350645235,0.0,0.0,0.0
median,278.63035279236044,214.31147846422698,3.826549895576092,0.0,0.0,0.0
std,28.021917512015765,25.537280341490113,0.40877728499612437,0.0,0.0,0.0
