,RMSE,MAE,MAPE,PI Width,CI Coverage,PI Overlap
mean,334.4471259358605,284.08540039062507,4.599986954874533,0.0,0.0,0.0
median,334.491602189197,284.1583455403646,4.60006795981243,0.0,0.0,0.0
std,1.442528906701904,1.5105626804294985,0.023811897730172227,0.0,0.0,0.0
