,RMSE,MAE,MAPE,PI Width,CI Coverage,PI Overlap
mean,574.5257074956826,501.91067843967016,8.06951887755541,0.0,0.0,0.0
median,562.7462301959879,490.7377726236979,7.879941700900169,0.0,0.0,0.0
std,160.30924608979024,147.1230568297973,2.3338436039720536,0.0,0.0,0.0
