,RMSE,MAE,MAPE,PI Width,CI Coverage,PI Overlap
mean,351.6524301922101,302.61014811197924,4.887091796971258,0.0,0.0,0.0
median,352.7006912392602,303.45572916666663,4.900462242288965,0.0,0.0,0.0
std,9.337569134404154,8.610945665721815,0.1358183127348352,0.0,0.0,0.0
