,RMSE,MAE,MAPE,PI Width,CI Coverage,PI Overlap
mean,648.8094956913836,570.7251071506076,9.172278352050835,0.0,0.0,0.0
median,623.3555624660228,549.7000732421875,8.8249764371817,0.0,0.0,0.0
std,206.97815015221084,189.02247178242013,3.01166628460657,0.0,0.0,0.0
