,RMSE,MAE,MAPE,PI Width,CI Coverage,PI Overlap
mean,571.820846477038,509.08182101779516,8.18416644189514,0.0,0.0,0.0
median,592.7498672291392,528.2134602864583,8.488703154786133,0.0,0.0,0.0
std,70.22655785185529,63.8735769844864,1.016216371126449,0.0,0.0,0.0
