,RMSE,MAE,MAPE,PI Width,CI Coverage,PI Overlap
mean,373.72001004953574,323.0670071072048,5.219499102922233,0.0,0.0,0.0
median,408.43239297536974,355.4649658203125,5.721199786089798,0.0,0.0,0.0
std,76.1880066802123,71.16425722618811,1.1006361449099176,0.0,0.0,0.0
