,RMSE,MAE,MAPE,PI Width,CI Coverage,PI Overlap
mean,268.4402866894665,213.97304766895326,3.8553740209462948,0.0,0.0,0.0
median,267.8763120454988,213.6084520293445,3.850397051139069,0.0,0.0,0.0
std,2.4635439293307,1.373254370859153,0.02174567128842644,0.0,0.0,0.0
