,RMSE,MAE,MAPE,PI Width,CI Coverage,PI Overlap
mean,2828.67867069286,2525.039882829454,40.72805909181957,0.0,0.0,0.0
median,2809.311682402268,2502.7418416341147,40.295470530547334,0.0,0.0,0.0
std,1992.8360149291727,1715.3057895043642,27.543677335104405,0.0,0.0,0.0
