,RMSE,MAE,MAPE,PI Width,CI Coverage,PI Overlap
mean,397.2979248500975,342.18827853732637,5.512457020141444,0.0,0.0,0.0
median,361.8760705655541,311.5434366861979,5.027974895409262,0.0,0.0,0.0
std,48.26779115386261,41.31613224421807,0.6513217703029386,0.0,0.0,0.0
