,RMSE,MAE,MAPE,PI Width,CI Coverage,PI Overlap
mean,326.51761981187224,262.26474699797456,4.556421341942598,0.0,0.0,0.0
median,319.5776850420549,251.8412611219618,4.364169051532538,0.0,0.0,0.0
std,39.770738092995565,36.5696600334822,0.6249288122022224,0.0,0.0,0.0
