,RMSE,MAE,MAPE,PI Width,CI Coverage,PI Overlap
mean,606.5328892516278,543.7052137586804,8.731106965654508,0.0,0.0,0.0
median,606.0671621779134,543.2733561197917,8.72416633935949,0.0,0.0,0.0
std,8.887470133180877,8.78459880427548,0.1411822136781684,0.0,0.0,0.0
