,RMSE,MAE,MAPE,PI Width,CI Coverage,PI Overlap
mean,282.8938161794065,214.77480969551283,3.892981103386818,0.0,0.0,0.0
std,1.5542448667823343,0.7795702267972525,0.013578165462657773,0.0,0.0,0.0
