,RMSE,MAE,MAPE,PI Width,CI Coverage,PI Overlap
mean,488.6723540229345,424.19836561414934,6.811795178453943,0.0,0.0,0.0
median,488.7988650869971,424.01141357421875,6.808183573762591,0.0,0.0,0.0
std,21.995954349119167,21.13202515662485,0.3376704462273134,0.0,0.0,0.0
