,RMSE,MAE,MAPE,PI Width,CI Coverage,PI Overlap
mean,339.0829426096448,289.5854451497396,4.702774818056532,0.0,0.0,0.0
median,347.2522970866946,298.81370035807294,4.841573758051459,0.0,0.0,0.0
std,59.0537229279566,53.088526788450444,0.8205842187371968,0.0,0.0,0.0
