,RMSE,MAE,MAPE,PI Width,CI Coverage,PI Overlap
mean,394.79930796641304,340.31725396050354,5.489322008400766,0.0,0.0,0.0
median,397.01151252645695,342.80668131510413,5.528082831812132,0.0,0.0,0.0
std,28.804250016958736,25.634494291368416,0.3977294642767889,0.0,0.0,0.0
