,RMSE,MAE,MAPE,PI Width,CI Coverage,PI Overlap
mean,608.0236846398163,503.9174106626158,9.532268025151089,0.0,0.0,0.0
median,578.2956766463961,475.41747504340276,9.065116609457522,0.0,0.0,0.0
std,156.77082404154885,153.7713397313824,2.515251567741842,0.0,0.0,0.0
