,RMSE,MAE,MAPE,PI Width,CI Coverage,PI Overlap
mean,665.9693169212699,603.8579291449653,9.714148975750346,0.0,0.0,0.0
median,623.4735054224989,560.2641194661459,8.99723442530926,0.0,0.0,0.0
std,232.64105243325693,239.0057977492099,3.9280321516158985,0.0,0.0,0.0
