,RMSE,MAE,MAPE,PI Width,CI Coverage,PI Overlap
mean,452.3097546119719,391.4353298611111,6.320887381292552,0.0,0.0,0.0
median,431.06866974177916,373.71323649088544,6.024157108397306,0.0,0.0,0.0
std,135.83068589208168,125.08465246926532,1.9758447140645377,0.0,0.0,0.0
