,RMSE,MAE,MAPE,PI Width,CI Coverage,PI Overlap
mean,301.29275701618275,255.5236192491319,4.151329853074177,0.0,0.0,0.0
median,300.2613310295487,255.03725179036456,4.141737654854077,0.0,0.0,0.0
std,19.851083205273532,19.359455247023803,0.3000714845586873,0.0,0.0,0.0
