,RMSE,MAE,MAPE,PI Width,CI Coverage,PI Overlap
mean,384.3649978151124,329.74573160807296,5.319331515840528,0.0,0.0,0.0
median,374.92941033074294,323.37105305989587,5.223287686953172,0.0,0.0,0.0
std,45.992500540185084,41.32497524111935,0.6501311029529271,0.0,0.0,0.0
