,RMSE,MAE,MAPE,PI Width,CI Coverage,PI Overlap
mean,524.4548803752638,459.6713812934028,7.379785317728658,0.0,0.0,0.0
median,525.3452690181502,460.41105143229163,7.391526834897655,0.0,0.0,0.0
std,14.347987498453934,13.627661144091011,0.21816478496063002,0.0,0.0,0.0
