,RMSE,MAE,MAPE,PI Width,CI Coverage,PI Overlap
mean,606.7907739575603,543.904541015625,8.734310465781132,0.0,0.0,0.0
median,612.9168103408654,549.9809163411458,8.83196730119391,0.0,0.0,0.0
std,15.416608794946642,15.331787414421578,0.24640575341444246,0.0,0.0,0.0
