,RMSE,MAE,MAPE,PI Width,CI Coverage,PI Overlap
mean,578.6383525799258,512.4856486002604,8.240546849164629,0.0,0.0,0.0
median,538.813244989199,475.32588704427087,7.632146101950893,0.0,0.0,0.0
std,176.03907082029048,166.97337317100965,2.6694145824149995,0.0,0.0,0.0
