,RMSE,MAE,MAPE,PI Width,CI Coverage,PI Overlap
mean,771.114793174711,679.9845770941843,10.917655825091789,0.0,0.0,0.0
median,748.785137748589,647.7385864257812,10.393333807973669,0.0,0.0,0.0
std,198.31499650296314,180.85116372870166,2.884855445757842,0.0,0.0,0.0
