,RMSE,MAE,MAPE,PI Width,CI Coverage,PI Overlap
mean,732.0724743327359,643.8053534613715,10.332683259946425,0.0,0.0,0.0
median,645.1647410064859,570.6343994140625,9.159486625825139,0.0,0.0,0.0
std,277.8191075427059,248.20819596314723,3.963758850818029,0.0,0.0,0.0
