,RMSE,MAE,MAPE,PI Width,CI Coverage,PI Overlap
mean,283.01406398576455,233.4995858266844,4.3834135657579045,0.0,0.0,0.0
median,279.5138515235187,231.147216796875,4.353617031447429,0.0,0.0,0.0
std,14.737508334675045,11.38487458080315,0.24674228299283052,0.0,0.0,0.0
