,RMSE,MAE,MAPE,PI Width,CI Coverage,PI Overlap
mean,304.78998032943196,236.26907947987047,4.130879787570135,0.0,0.0,0.0
median,298.79275107049045,227.17277898015203,4.043680013094299,0.0,0.0,0.0
std,24.61847652742354,25.346342215264745,0.4128104976374688,0.0,0.0,0.0
