,RMSE,MAE,MAPE,PI Width,CI Coverage,PI Overlap
mean,440.1945409202304,382.0840142144098,6.175322173107031,0.0,0.0,0.0
median,429.50282126956654,373.91542561848956,6.031587664063579,0.0,0.0,0.0
std,91.12798096850155,84.38761543562909,1.3155035922223346,0.0,0.0,0.0
