,RMSE,MAE,MAPE,PI Width,CI Coverage,PI Overlap
mean,266.515725067074,214.96682744220024,3.8827043501521588,0.0,0.0,0.0
std,4.250087776249743,3.555477568078541,0.06984474788674937,0.0,0.0,0.0
