,RMSE,MAE,MAPE,PI Width,CI Coverage,PI Overlap
mean,387.97637260900797,336.7090691460504,5.455190569211418,0.0,0.0,0.0
std,299.2214757634539,277.45683029331025,4.46189427286956,0.0,0.0,0.0
