,RMSE,MAE,MAPE,PI Width,CI Coverage,PI Overlap
mean,559.8235173424182,491.4088107638889,7.8879620878973595,0.0,0.0,0.0
median,562.5162986764808,494.028076171875,7.929910523249481,0.0,0.0,0.0
std,25.117342846197037,24.350935962688926,0.39006887759633024,0.0,0.0,0.0
