,RMSE,MAE,MAPE,PI Width,CI Coverage,PI Overlap
mean,350.6127947677869,301.19676920572925,4.88117720055331,0.0,0.0,0.0
median,345.8312734694414,297.4422810872396,4.823612319258288,0.0,0.0,0.0
std,17.034153951339096,15.372247645398357,0.23869224404461267,0.0,0.0,0.0
