,RMSE,MAE,MAPE,PI Width,CI Coverage,PI Overlap
mean,435.0910564363434,381.15109863281253,6.1622482461303605,0.0,0.0,0.0
median,411.1770564270213,354.0066935221354,5.698503374871356,0.0,0.0,0.0
std,99.54458407147173,108.61978694753628,1.8467213810014318,0.0,0.0,0.0
