,RMSE,MAE,MAPE,PI Width,CI Coverage,PI Overlap
mean,271.12828915579337,213.02961802909047,3.8228369693695847,0.0,0.0,0.0
std,9.412858226996635,9.261880897724222,0.1466646237834169,0.0,0.0,0.0
