,RMSE,MAE,MAPE,PI Width,CI Coverage,PI Overlap
mean,478.10580000250707,415.32724338107647,6.672194765778666,0.0,0.0,0.0
std,72.06546580664902,67.81572597077371,1.0851456640233472,0.0,0.0,0.0
