,RMSE,MAE,MAPE,PI Width,CI Coverage,PI Overlap
mean,792.2940112731291,711.8847710503474,11.433476900938452,0.0,0.0,0.0
median,764.4680154503621,687.0772501627605,11.036151199005428,0.0,0.0,0.0
std,84.74847290569828,76.3417191225539,1.2229274521960836,0.0,0.0,0.0
