,RMSE,MAE,MAPE,PI Width,CI Coverage,PI Overlap
mean,285.31652881452476,229.07638947860056,4.114838250363114,0.0,0.0,0.0
median,281.18760860565055,226.59566066576087,4.073371498854152,0.0,0.0,0.0
std,11.121736406599698,9.392062835517855,0.14433556993594288,0.0,0.0,0.0
