,RMSE,MAE,MAPE,PI Width,CI Coverage,PI Overlap
mean,669.1916865178271,589.9901245117187,9.513644508695547,0.0,0.0,0.0
median,669.8894539206532,600.3230387369792,9.646724986482905,0.0,0.0,0.0
std,214.33825502165067,202.1085529483976,3.2037183095114687,0.0,0.0,0.0
