,RMSE,MAE,MAPE,PI Width,CI Coverage,PI Overlap
mean,476.9162472488497,411.13173556857635,6.604905928297268,0.0,0.0,0.0
median,474.24452903063286,408.3739827473958,6.560559340796221,0.0,0.0,0.0
std,21.884723207424884,19.697026472329064,0.3119849415074054,0.0,0.0,0.0
