,RMSE,MAE,MAPE,PI Width,CI Coverage,PI Overlap
mean,573.938016399409,497.2713378906249,7.97818924826428,0.0,0.0,0.0
median,610.3618159960126,530.9777018229166,8.517416869920666,0.0,0.0,0.0
std,78.9014275925256,71.42926484874353,1.1416730601619862,0.0,0.0,0.0
