,RMSE,MAE,MAPE,PI Width,CI Coverage,PI Overlap
mean,526.5087356898404,464.5717759874132,7.556735250456318,0.0,0.0,0.0
std,320.71402150712737,315.3976237001351,5.1341979515717915,0.0,0.0,0.0
