,RMSE,MAE,MAPE,PI Width,CI Coverage,PI Overlap
mean,572.8145635068516,497.9371880425348,8.00983463950802,0.0,0.0,0.0
median,512.1189295739356,442.61848958333337,7.101940241210594,0.0,0.0,0.0
std,216.2894473379291,194.71292963469926,3.0804098064225256,0.0,0.0,0.0
