,RMSE,MAE,MAPE,PI Width,CI Coverage,PI Overlap
mean,297.44546461218795,226.74687500000002,4.030102997046083,0.0,0.0,0.0
median,293.37822307390206,222.93409522804055,3.944008403291999,0.0,0.0,0.0
std,21.04401379471182,21.129618230850514,0.4024916162300738,0.0,0.0,0.0
