,RMSE,MAE,MAPE,PI Width,CI Coverage,PI Overlap
mean,323.20130110313454,276.7611612955729,4.491416739470422,0.0,0.0,0.0
median,313.62124544974847,268.12272135416663,4.355311444903656,0.0,0.0,0.0
std,28.603531509853408,27.698668962774914,0.43705175010108727,0.0,0.0,0.0
