,RMSE,MAE,MAPE,PI Width,CI Coverage,PI Overlap
mean,648.2594757421714,568.1792073567709,9.119795087480902,0.0,0.0,0.0
median,560.9819437965086,491.4368896484375,7.888501752446196,0.0,0.0,0.0
std,232.38260434543332,209.13424826068015,3.3405255908779177,0.0,0.0,0.0
