,RMSE,MAE,MAPE,PI Width,CI Coverage,PI Overlap
mean,485.639206007049,422.0467420789931,6.809869526854921,0.0,0.0,0.0
median,456.6304794421029,395.57025146484375,6.366992595316788,0.0,0.0,0.0
std,178.21139290474088,163.86688634301655,2.5951173477899974,0.0,0.0,0.0
