,RMSE,MAE,MAPE,PI Width,CI Coverage,PI Overlap
mean,505.19511343300667,442.429345703125,7.120097868308396,0.0,0.0,0.0
median,491.00681109628465,426.21303304036456,6.8512587070313575,0.0,0.0,0.0
std,131.0639663281854,121.4846108695827,1.930258684858559,0.0,0.0,0.0
