,RMSE,MAE,MAPE,PI Width,CI Coverage,PI Overlap
mean,521.0993114152429,456.69949001736114,7.332594176309828,0.0,0.0,0.0
median,531.1749758978317,466.4960734049479,7.489474842814996,0.0,0.0,0.0
std,31.845910231622387,30.36991850612233,0.48636548531965235,0.0,0.0,0.0
