,RMSE,MAE,MAPE,PI Width,CI Coverage,PI Overlap
mean,265.3268078831692,217.68068458446558,4.003376122916635,0.0,0.0,0.0
median,263.01704640879103,215.49021314538044,3.9687842765721904,0.0,0.0,0.0
std,10.591874149105085,9.720309918850873,0.177824955706737,0.0,0.0,0.0
