,RMSE,MAE,MAPE,PI Width,CI Coverage,PI Overlap
mean,438.7390283511215,378.48783501519097,6.084256492584303,0.0,0.0,0.0
median,439.16772516916046,378.87851969401044,6.090554559827161,0.0,0.0,0.0
std,5.3089230253642965,4.616183338359444,0.07277195240440067,0.0,0.0,0.0
