,RMSE,MAE,MAPE,PI Width,CI Coverage,PI Overlap
mean,281.9755966381,218.15833255828372,3.932867919965371,0.0,0.0,0.0
median,281.2751417506431,217.94649251302084,3.9203481496948287,0.0,0.0,0.0
std,11.218622735293964,7.708018030613973,0.15562983090108823,0.0,0.0,0.0
