,RMSE,MAE,MAPE,PI Width,CI Coverage,PI Overlap
mean,416.41869563903464,362.65008816189237,5.853910555421856,0.0,0.0,0.0
median,405.338679388046,352.32368977864587,5.69429691327145,0.0,0.0,0.0
std,52.30659275272037,46.35407734404704,0.7256925485693351,0.0,0.0,0.0
