,RMSE,MAE,MAPE,PI Width,CI Coverage,PI Overlap
mean,398.4550866278877,343.6718343098958,5.537485394031555,0.0,0.0,0.0
std,54.70416651993891,48.42416140851493,0.7602243395237054,0.0,0.0,0.0
