,RMSE,MAE,MAPE,PI Width,CI Coverage,PI Overlap
mean,274.7646781905394,213.7132545405983,3.832490767452105,0.0,0.0,0.0
std,2.0535461035356932,0.8743900000263812,0.03352981705831256,0.0,0.0,0.0
