,RMSE,MAE,MAPE,PI Width,CI Coverage,PI Overlap
mean,370.6765377810798,319.47293565538195,5.16550727045775,0.0,0.0,0.0
median,372.49528636937714,320.84157307942706,5.184206488380215,0.0,0.0,0.0
std,17.18031001144334,14.97178140763188,0.23241065147117734,0.0,0.0,0.0
