,RMSE,MAE,MAPE,PI Width,CI Coverage,PI Overlap
mean,3049.435863149857,2931.178964572483,32.731271283511134,0.0,0.0,0.0
std,203.15361957055765,207.12463710314407,2.362080840575615,0.0,0.0,0.0
