,RMSE,MAE,MAPE,PI Width,CI Coverage,PI Overlap
mean,343.9721061258796,294.89131673177087,4.772051011113607,0.0,0.0,0.0
median,343.29841604792006,294.13175455729163,4.758701014538742,0.0,0.0,0.0
std,4.263968901892676,3.7983921956444884,0.058752700832993256,0.0,0.0,0.0
