,RMSE,MAE,MAPE,PI Width,CI Coverage,PI Overlap
mean,313.2985236705177,266.57217203776037,4.39807398105525,0.0,0.0,0.0
median,288.98251656894286,239.0058797200521,3.9400894963108026,0.0,0.0,0.0
std,71.23170851652178,74.87893383356533,1.2565138302946293,0.0,0.0,0.0
