,RMSE,MAE,MAPE,PI Width,CI Coverage,PI Overlap
mean,336.2463979063197,288.46733940972223,4.678045870274961,0.0,0.0,0.0
median,336.75184027716017,288.79874674479163,4.682538228001289,0.0,0.0,0.0
std,2.9016301558255018,2.7003481984056097,0.04209601110792632,0.0,0.0,0.0
