,RMSE,MAE,MAPE,PI Width,CI Coverage,PI Overlap
mean,339.9630446789589,289.3468899197049,4.7109603652446514,0.0,0.0,0.0
median,343.3728844168329,294.81197102864587,4.787579847856645,0.0,0.0,0.0
std,15.119530329670694,18.27108752693982,0.25992879310337724,0.0,0.0,0.0
