,RMSE,MAE,MAPE,PI Width,CI Coverage,PI Overlap
mean,601.3750124080433,525.9395033094618,8.444233324318581,0.0,0.0,0.0
median,631.9009020094398,553.2187093098958,8.87526576931743,0.0,0.0,0.0
std,108.20926004318248,98.17995353705712,1.5610367430456544,0.0,0.0,0.0
