,RMSE,MAE,MAPE,PI Width,CI Coverage,PI Overlap
mean,311.65155395856954,260.63374701605903,4.2668732090362225,0.0,0.0,0.0
median,306.5867638637699,254.33811442057294,4.170707954754124,0.0,0.0,0.0
std,13.118780682519493,14.770815732546511,0.22308313988708398,0.0,0.0,0.0
