,RMSE,MAE,MAPE,PI Width,CI Coverage,PI Overlap
mean,489.1393634510887,425.9123874240451,6.849533282988577,0.0,0.0,0.0
median,487.29493584273433,419.45951334635413,6.735868502411282,0.0,0.0,0.0
std,48.53753841774541,43.69008561428709,0.6896228409895464,0.0,0.0,0.0
