,RMSE,MAE,MAPE,PI Width,CI Coverage,PI Overlap
mean,2948.775438110317,2829.798748440213,31.579686561672062,0.0,0.0,0.0
std,152.49723576877625,153.78904083060138,1.746733342374036,0.0,0.0,0.0
