,RMSE,MAE,MAPE,PI Width,CI Coverage,PI Overlap
mean,355.34113068169495,306.0889851888021,4.9405315774624485,0.0,0.0,0.0
std,75.99137233702966,69.96606965215351,1.1153288535476396,0.0,0.0,0.0
