,RMSE,MAE,MAPE,PI Width,CI Coverage,PI Overlap
mean,357.55278195808654,305.9181315104167,4.952297278053419,0.0,0.0,0.0
median,344.6160229518049,295.3999226888021,4.78950989029019,0.0,0.0,0.0
std,32.79661417755427,29.43685176658569,0.4566527149688832,0.0,0.0,0.0
