,RMSE,MAE,MAPE,PI Width,CI Coverage,PI Overlap
mean,477.4362029891352,416.6531914605036,6.706030120232404,0.0,0.0,0.0
median,485.8575343856686,418.7383015950521,6.724432029821529,0.0,0.0,0.0
std,60.523021056109286,54.09899097378369,0.8472792845028625,0.0,0.0,0.0
