,RMSE,MAE,MAPE,PI Width,CI Coverage,PI Overlap
mean,274.5910069604224,220.458017339939,3.9940420038409217,0.0,0.0,0.0
std,1.8323807672865016,2.4886323002188675,0.04934888597322638,0.0,0.0,0.0
