,RMSE,MAE,MAPE,PI Width,CI Coverage,PI Overlap
mean,585.8381478756675,523.2859564887153,8.40293763120128,0.0,0.0,0.0
median,585.5175109910781,522.9677734375,8.397823932952068,0.0,0.0,0.0
std,1.5922788240822003,1.5833571807930331,0.025447021179701945,0.0,0.0,0.0
