,RMSE,MAE,MAPE,PI Width,CI Coverage,PI Overlap
mean,586.361946419092,523.8064643012152,8.411303004150328,0.0,0.0,0.0
median,585.6506010183899,523.1002197265625,8.399952551537837,0.0,0.0,0.0
std,2.0462286174561197,2.0326960798545572,0.03266859861023231,0.0,0.0,0.0
