,RMSE,MAE,MAPE,PI Width,CI Coverage,PI Overlap
mean,369.6897629948996,318.4682088216146,5.14199178427973,0.0,0.0,0.0
median,349.5248269745318,300.4782918294271,4.857931669349988,0.0,0.0,0.0
std,52.44089417335728,46.92762890163718,0.7419827276523382,0.0,0.0,0.0
