,RMSE,MAE,MAPE,PI Width,CI Coverage,PI Overlap
mean,366.397331123978,284.12547075320515,5.138105764122902,0.0,0.0,0.0
median,345.73062981150025,264.79289988982373,4.79500724031254,0.0,0.0,0.0
std,49.825156472042195,48.48303673455699,0.8307960432286887,0.0,0.0,0.0
