,RMSE,MAE,MAPE,PI Width,CI Coverage,PI Overlap
mean,448.2904906687203,388.70632595486114,6.254883308052198,0.0,0.0,0.0
median,449.1864589032876,386.3441162109375,6.208816639787102,0.0,0.0,0.0
std,74.48439130017238,67.9254192403791,1.0747857305193187,0.0,0.0,0.0
