,RMSE,MAE,MAPE,PI Width,CI Coverage,PI Overlap
mean,272.89868043355744,222.9655264871162,3.909723165593319,0.0,0.0,0.0
median,263.2992642299893,215.41525107935854,3.797625189882523,0.0,0.0,0.0
std,44.67382166273271,37.795095877653196,0.6211149784479387,0.0,0.0,0.0
