,RMSE,MAE,MAPE,PI Width,CI Coverage,PI Overlap
mean,359.8241995420695,302.4157864040799,4.938206936367449,0.0,0.0,0.0
median,364.71730326514216,306.4283040364583,4.946249964165771,0.0,0.0,0.0
std,95.63458627861287,85.5496939484185,1.3451699081520845,0.0,0.0,0.0
