,RMSE,MAE,MAPE,PI Width,CI Coverage,PI Overlap
mean,273.4256648025613,216.57488859953702,3.9647269957960356,0.0,0.0,0.0
median,273.33522050534873,216.35779622395833,3.9601150147393467,0.0,0.0,0.0
std,1.0946207429519061,0.678948767906566,0.012974105580702278,0.0,0.0,0.0
