,RMSE,MAE,MAPE,PI Width,CI Coverage,PI Overlap
mean,442.8981831503466,383.25220675998264,6.2166147678716435,0.0,0.0,0.0
median,371.80880246606927,321.78068033854163,5.225353717927275,0.0,0.0,0.0
std,169.56189398484233,154.84836286433753,2.436070698416603,0.0,0.0,0.0
