,RMSE,MAE,MAPE,PI Width,CI Coverage,PI Overlap
mean,272.79151249810616,215.89646887400795,3.9147492797324466,0.0,0.0,0.0
median,272.9612672118841,215.90908668154762,3.91546868899421,0.0,0.0,0.0
std,1.4436988691952468,0.6272707996703596,0.013792819128666998,0.0,0.0,0.0
