,RMSE,MAE,MAPE,PI Width,CI Coverage,PI Overlap
mean,423.01781125637547,367.7137125651042,5.933834870313939,0.0,0.0,0.0
median,418.9109741963131,364.6602783203125,5.887509700191014,0.0,0.0,0.0
std,9.950459952381566,7.465087332809971,0.11325655407997917,0.0,0.0,0.0
