,RMSE,MAE,MAPE,PI Width,CI Coverage,PI Overlap
mean,429.6732423483615,371.90128445095473,5.980406976364919,0.0,0.0,0.0
median,425.24573818346755,367.6313883463542,5.911898476612485,0.0,0.0,0.0
std,36.03686428244245,32.77588308682499,0.5213759004653231,0.0,0.0,0.0
