,RMSE,MAE,MAPE,PI Width,CI Coverage,PI Overlap
mean,290.899322778161,234.59245960202995,4.24296794672622,0.0,0.0,0.0
std,1.356253408239204,1.270814205601012,0.0234109257951273,0.0,0.0,0.0
