,RMSE,MAE,MAPE,PI Width,CI Coverage,PI Overlap
mean,219.61769310040216,185.94186197916665,3.1141893193457326,0.0,0.0,0.0
std,2.0166386711953015,2.4074246572771605,0.033665418036483936,0.0,0.0,0.0
