,RMSE,MAE,MAPE,PI Width,CI Coverage,PI Overlap
mean,317.30150799901264,244.36580018160632,4.363754963591865,0.0,0.0,0.0
median,313.8124560497139,235.5762425472862,4.1833817971705525,0.0,0.0,0.0
std,28.971803802552333,32.11832291335228,0.5096366866712081,0.0,0.0,0.0
