,RMSE,MAE,MAPE,PI Width,CI Coverage,PI Overlap
mean,377.8770367747549,324.38873697916665,5.258092483744872,0.0,0.0,0.0
median,344.7779508175962,296.65802001953125,4.813550490600157,0.0,0.0,0.0
std,104.85736503927045,91.36641825180679,1.4186595455345765,0.0,0.0,0.0
