,RMSE,MAE,MAPE,PI Width,CI Coverage,PI Overlap
mean,485.7005819912495,424.8420857747396,6.846989464177525,0.0,0.0,0.0
median,452.5478481962432,391.9607137044271,6.309992010522361,0.0,0.0,0.0
std,134.6630232258126,124.86794318020814,1.974788073280307,0.0,0.0,0.0
