,RMSE,MAE,MAPE,PI Width,CI Coverage,PI Overlap
mean,294.584092870076,234.80436401367186,4.258452842866123,0.0,0.0,0.0
median,287.80600464677264,223.76466674804686,4.027995151354391,0.0,0.0,0.0
std,37.83572019939179,35.352146377344035,0.6637338827751658,0.0,0.0,0.0
