,RMSE,MAE,MAPE,PI Width,CI Coverage,PI Overlap
mean,608.136084217926,533.5150363498265,8.572651484929661,0.0,0.0,0.0
median,552.452430071677,486.7647501627604,7.8192635137708075,0.0,0.0,0.0
std,249.05333535130572,221.82124260906158,3.538623157043517,0.0,0.0,0.0
