,RMSE,MAE,MAPE,PI Width,CI Coverage,PI Overlap
mean,298.2388928493447,253.53501112196182,4.11240818994761,0.0,0.0,0.0
median,289.6705642401102,245.77237955729166,3.9898229865909696,0.0,0.0,0.0
std,33.527891750936604,30.267905569481968,0.4769501949350821,0.0,0.0,0.0
