,RMSE,MAE,MAPE,PI Width,CI Coverage,PI Overlap
mean,436.38153038993704,376.181396484375,6.072300617902575,0.0,0.0,0.0
median,407.01447000977487,352.10170491536456,5.6816831019639835,0.0,0.0,0.0
std,159.82666610297105,145.4680414470919,2.3038333073887576,0.0,0.0,0.0
