,RMSE,MAE,MAPE,PI Width,CI Coverage,PI Overlap
mean,414.3777927570793,359.14729139539935,5.800377354325705,0.0,0.0,0.0
median,411.71454194739675,357.1640421549479,5.770669221708186,0.0,0.0,0.0
std,22.817366448516328,19.493470500222653,0.3022649692739088,0.0,0.0,0.0
