,RMSE,MAE,MAPE,PI Width,CI Coverage,PI Overlap
mean,623.1816539262303,517.7976650661893,8.592213770918233,0.0,0.0,0.0
std,752.9951056600111,715.8412005474871,11.60092650305552,0.0,0.0,0.0
