,RMSE,MAE,MAPE,PI Width,CI Coverage,PI Overlap
mean,398.382238831821,345.0399400499131,5.5672754535175235,0.0,0.0,0.0
median,469.08353730068086,407.9327189127604,6.548239469427347,0.0,0.0,0.0
std,145.84155666074523,132.8964768989541,2.0939534110587408,0.0,0.0,0.0
