,RMSE,MAE,MAPE,PI Width,CI Coverage,PI Overlap
mean,436.5865222813455,379.3536431206597,6.113380023361943,0.0,0.0,0.0
median,350.60520380219225,300.69911702473956,4.863899882952538,0.0,0.0,0.0
std,127.10339881566061,118.0109784820506,1.8758458272687057,0.0,0.0,0.0
