,RMSE,MAE,MAPE,PI Width,CI Coverage,PI Overlap
mean,213.597724200564,178.84583197699658,2.987942410699387,0.0,0.0,0.0
median,210.06572373069616,176.73748779296875,2.9590088250677256,0.0,0.0,0.0
std,9.768588415747855,9.24547785108538,0.1315073636520599,0.0,0.0,0.0
