,RMSE,MAE,MAPE,PI Width,CI Coverage,PI Overlap
mean,367.7496935502225,315.4045030381945,5.112448155766916,0.0,0.0,0.0
median,454.223012539592,391.48518880208337,6.289826305331154,0.0,0.0,0.0
std,109.83972390802994,96.53494029972359,1.4965330178593605,0.0,0.0,0.0
