,RMSE,MAE,MAPE,PI Width,CI Coverage,PI Overlap
mean,663.9678014640399,577.8298326280382,9.3035794599959,0.0,0.0,0.0
median,713.6921427596201,627.286885579427,10.067390945603957,0.0,0.0,0.0
std,230.66415488798808,210.66212304067477,3.317342539087344,0.0,0.0,0.0
