,RMSE,MAE,MAPE,PI Width,CI Coverage,PI Overlap
mean,547.5425849399033,485.0830783420139,7.860687310131693,0.0,0.0,0.0
median,556.701151758874,501.8200480143229,8.105134419160137,0.0,0.0,0.0
std,193.8255362626239,177.48064464141032,2.7923968834445185,0.0,0.0,0.0
