,RMSE,MAE,MAPE,PI Width,CI Coverage,PI Overlap
mean,2762.0057611441002,2635.3509623209634,29.35100017832275,0.0,0.0,0.0
std,344.99295131071597,348.4044088798069,3.9454524646050917,0.0,0.0,0.0
