,RMSE,MAE,MAPE,PI Width,CI Coverage,PI Overlap
mean,344.0678890269519,294.811732313368,4.777909822111898,0.0,0.0,0.0
median,342.67640495451053,293.78816731770837,4.759408524428889,0.0,0.0,0.0
std,16.574840445439303,15.950877609020182,0.24842847372938281,0.0,0.0,0.0
