,RMSE,MAE,MAPE,PI Width,CI Coverage,PI Overlap
mean,336.0951365415341,285.81828884548605,4.662562751039996,0.0,0.0,0.0
median,340.2303840230989,292.5381062825521,4.744022607784361,0.0,0.0,0.0
std,37.462629496146555,39.50233105439189,0.5747089627147342,0.0,0.0,0.0
