,RMSE,MAE,MAPE,PI Width,CI Coverage,PI Overlap
mean,302.2319219344602,250.92178141276042,4.106674225593523,0.0,0.0,0.0
median,292.41188068157766,240.64015706380206,3.9489858819635493,0.0,0.0,0.0
std,31.849397635098814,30.043996647203386,0.4640592859627995,0.0,0.0,0.0
