,RMSE,MAE,MAPE,PI Width,CI Coverage,PI Overlap
mean,539.8609988577608,473.13817409939236,7.602457608979555,0.0,0.0,0.0
median,534.1787370285538,465.62060546875,7.472575549173595,0.0,0.0,0.0
std,93.89522225030653,90.48790857838779,1.4387095626822874,0.0,0.0,0.0
