,RMSE,MAE,MAPE,PI Width,CI Coverage,PI Overlap
mean,294.5737313348249,234.74510045934605,4.081448802621813,0.0,0.0,0.0
median,289.2073638592068,228.30767144097223,3.974181866796191,0.0,0.0,0.0
std,29.95646191607246,26.464007866790126,0.4779889668317058,0.0,0.0,0.0
