,RMSE,MAE,MAPE,PI Width,CI Coverage,PI Overlap
mean,472.0566278420558,408.99806857638885,6.575073276228014,0.0,0.0,0.0
median,450.6426907354554,388.1453857421875,6.243813949587986,0.0,0.0,0.0
std,35.10571399280155,34.20653533888141,0.5436028042104042,0.0,0.0,0.0
