,RMSE,MAE,MAPE,PI Width,CI Coverage,PI Overlap
mean,338.4825345403281,271.99760018807865,4.728519917229023,0.0,0.0,0.0
median,335.4614480873272,268.669189453125,4.682027475061096,0.0,0.0,0.0
std,6.047094073847638,6.210454310925534,0.0816842736134515,0.0,0.0,0.0
