,RMSE,MAE,MAPE,PI Width,CI Coverage,PI Overlap
mean,323.6685083349939,276.53691948784723,4.475689936615668,0.0,0.0,0.0
median,273.59071681450723,230.38053385416669,3.7486086180687526,0.0,0.0,0.0
std,63.036152852991826,58.5868385564234,0.9220036242500877,0.0,0.0,0.0
