,RMSE,MAE,MAPE,PI Width,CI Coverage,PI Overlap
mean,542.4446377455265,469.42787272135405,7.566400457906928,0.0,0.0,0.0
median,477.7744152274592,409.48370361328125,6.57478665176866,0.0,0.0,0.0
std,273.45784366337614,244.60199298861426,3.8768755214230497,0.0,0.0,0.0
