,RMSE,MAE,MAPE,PI Width,CI Coverage,PI Overlap
mean,437.77084784949034,379.22029622395837,6.115265087670155,0.0,0.0,0.0
median,427.292360148272,371.601806640625,5.996340287869858,0.0,0.0,0.0
std,52.89438341509981,46.34699981915925,0.7186908284115074,0.0,0.0,0.0
