,RMSE,MAE,MAPE,PI Width,CI Coverage,PI Overlap
mean,487.55588810766767,426.0928765190972,6.846209055377309,0.0,0.0,0.0
median,475.995523426246,412.68159993489587,6.622837782310648,0.0,0.0,0.0
std,96.62680131548966,90.23019895975409,1.4390331363706088,0.0,0.0,0.0
