,RMSE,MAE,MAPE,PI Width,CI Coverage,PI Overlap
mean,465.98190046033653,404.9762369791667,6.52326237070039,0.0,0.0,0.0
median,479.2074825752135,411.2130940755208,6.602722626719787,0.0,0.0,0.0
std,66.6349501925358,60.29362702075593,0.9397300456288638,0.0,0.0,0.0
