,RMSE,MAE,MAPE,PI Width,CI Coverage,PI Overlap
mean,270.07069718056937,213.47575901930895,3.848370527807326,0.0,0.0,0.0
std,2.154364496317926,3.894440538863871,0.08550323551705236,0.0,0.0,0.0
