,RMSE,MAE,MAPE,PI Width,CI Coverage,PI Overlap
mean,596.7594592575641,518.5957207573784,8.321278950439474,0.0,0.0,0.0
median,613.4005217934675,532.7677612304688,8.545237543090376,0.0,0.0,0.0
std,62.76996755188568,55.49151731448997,0.8815389570921961,0.0,0.0,0.0
