,RMSE,MAE,MAPE,PI Width,CI Coverage,PI Overlap
mean,292.1621590464632,237.20611563608153,4.363516473492508,0.0,0.0,0.0
median,292.2256606725671,236.93552609707444,4.356432707504293,0.0,0.0,0.0
std,0.9456918823413658,0.6792007477674029,0.01912582760284293,0.0,0.0,0.0
