,RMSE,MAE,MAPE,PI Width,CI Coverage,PI Overlap
mean,369.84917351606583,317.97573920355904,5.138432050629768,0.0,0.0,0.0
median,362.7224963866313,312.74894205729163,5.050729850234655,0.0,0.0,0.0
std,78.20462433079533,70.89216021809241,1.1113228907483104,0.0,0.0,0.0
