,RMSE,MAE,MAPE,PI Width,CI Coverage,PI Overlap
mean,349.85058973098864,298.2682603624132,4.856372873270714,0.0,0.0,0.0
std,96.50758018893544,88.47101990572372,1.3742841970341866,0.0,0.0,0.0
