,RMSE,MAE,MAPE,PI Width,CI Coverage,PI Overlap
mean,1842.3456236078543,1665.6471559312608,26.914818387608772,0.0,0.0,0.0
std,1304.145640538253,1195.0801008554627,19.314804976760236,0.0,0.0,0.0
