,RMSE,MAE,MAPE,PI Width,CI Coverage,PI Overlap
mean,2812.127782813235,2687.791285875108,29.947741287846068,0.0,0.0,0.0
std,72.75465233883314,73.4738929638337,0.8342490439528782,0.0,0.0,0.0
