,RMSE,MAE,MAPE,PI Width,CI Coverage,PI Overlap
mean,268.7265176606291,216.2464720687246,3.9073118358313734,0.0,0.0,0.0
median,268.66257041532253,216.3144709889482,3.908691819219724,0.0,0.0,0.0
std,0.33598390817789175,0.43563122972445395,0.007503082236485402,0.0,0.0,0.0
