,RMSE,MAE,MAPE,PI Width,CI Coverage,PI Overlap
mean,403.21903712091586,348.6828979492187,5.62575776004941,0.0,0.0,0.0
median,401.17185167240666,347.2271525065104,5.598917028488573,0.0,0.0,0.0
std,47.01895126698157,41.613832606896665,0.6515131907615844,0.0,0.0,0.0
