,RMSE,MAE,MAPE,PI Width,CI Coverage,PI Overlap
mean,2871.9837738071424,2745.9101942274306,30.600192457625877,0.0,0.0,0.0
std,97.5112710780992,98.02438772554235,1.1105390485535944,0.0,0.0,0.0
