,RMSE,MAE,MAPE,PI Width,CI Coverage,PI Overlap
mean,2327.138256717116,2289.1091809590657,37.552418408531594,0.0,0.0,0.0
median,2362.14388558471,2340.2015787760415,38.27900987457345,0.0,0.0,0.0
std,1572.8857059903416,1598.6767675969431,26.213507509623795,0.0,0.0,0.0
