True,Pred
5750,352.219
5399,352.23294
6123,352.24658
5730,352.2588
6015,352.01877
5989,345.4683
6333,345.46805
6388,345.4638
6048,345.4478
6322,345.37628
6405,345.0778
6523,345.07764
