,RMSE,MAE,MAPE,PI Width,CI Coverage,PI Overlap
mean,316.6911156310262,271.261146375868,4.390054048228961,0.0,0.0,0.0
median,316.0373938147198,270.5859578450521,4.379251681775652,0.0,0.0,0.0
std,8.772667962183414,8.292462834909252,0.13053722219647465,0.0,0.0,0.0
