,RMSE,MAE,MAPE,PI Width,CI Coverage,PI Overlap
mean,783.9583644340854,693.16849093967,11.122597925986799,0.0,0.0,0.0
median,689.8822414533563,606.7835083007812,9.731586150824924,0.0,0.0,0.0
std,263.7334652779865,239.97042285798815,3.8483000337931053,0.0,0.0,0.0
