,RMSE,MAE,MAPE,PI Width,CI Coverage,PI Overlap
mean,309.21425958512117,259.2035400390625,4.285360749114946,0.0,0.0,0.0
median,232.56641549069923,190.39982096354169,3.2031331251720387,0.0,0.0,0.0
std,132.11528137056627,123.02021347407846,1.8983999054112595,0.0,0.0,0.0
