,RMSE,MAE,MAPE,PI Width,CI Coverage,PI Overlap
mean,305.2142360494848,242.98242315995068,4.385303847257537,0.0,0.0,0.0
median,310.1385464835589,246.78103155838815,4.486004513697868,0.0,0.0,0.0
std,15.82772063819781,16.7440692879704,0.33893802431547304,0.0,0.0,0.0
