,RMSE,MAE,MAPE,PI Width,CI Coverage,PI Overlap
mean,244.6156968689417,186.2694769965278,3.2279273195963287,0.0,0.0,0.0
std,0.9204624641989027,0.5667433540042845,0.010854742224852961,0.0,0.0,0.0
