,RMSE,MAE,MAPE,PI Width,CI Coverage,PI Overlap
mean,434.3120639798457,375.5508802625867,6.039122473583837,0.0,0.0,0.0
median,438.59415414420744,379.3246053059896,6.096878309009795,0.0,0.0,0.0
std,37.91817518769317,33.882205989169904,0.5268138806854632,0.0,0.0,0.0
