,RMSE,MAE,MAPE,PI Width,CI Coverage,PI Overlap
mean,483.39189339204745,421.77008192274303,6.800104377586189,0.0,0.0,0.0
std,135.68480629956832,127.05697564781386,2.0080213812487053,0.0,0.0,0.0
