,RMSE,MAE,MAPE,PI Width,CI Coverage,PI Overlap
mean,291.7989209834344,244.45380859374998,4.020895609259282,0.0,0.0,0.0
median,288.73880211830965,238.57967122395834,3.921748016937994,0.0,0.0,0.0
std,22.905273157241357,23.807788442692075,0.36427202743850123,0.0,0.0,0.0
