,RMSE,MAE,MAPE,PI Width,CI Coverage,PI Overlap
mean,503.9548076864312,444.78624945746526,7.160586402077968,0.0,0.0,0.0
median,525.1666672032648,461.34566243489587,7.40746043010944,0.0,0.0,0.0
std,91.89014735366112,86.80782084611913,1.3694641318290215,0.0,0.0,0.0
