,RMSE,MAE,MAPE,PI Width,CI Coverage,PI Overlap
mean,484.7774466418136,424.9285536024306,6.839978735436961,0.0,0.0,0.0
median,545.6136069826143,479.8546956380208,7.702649503321162,0.0,0.0,0.0
std,159.44033230774303,145.84652215514754,2.3096046377797608,0.0,0.0,0.0
