,RMSE,MAE,MAPE,PI Width,CI Coverage,PI Overlap
mean,3170.214148226516,3041.3484931098083,33.93729713008951,0.0,0.0,0.0
std,25.801977114803506,25.921862941001674,0.2943518904995684,0.0,0.0,0.0
