,RMSE,MAE,MAPE,PI Width,CI Coverage,PI Overlap
mean,594.485748560675,528.37939453125,8.481926330876245,0.0,0.0,0.0
median,606.7988697378346,540.02099609375,8.668301636505799,0.0,0.0,0.0
std,50.33268110728655,48.31380686264518,0.7751419916092592,0.0,0.0,0.0
