,RMSE,MAE,MAPE,PI Width,CI Coverage,PI Overlap
mean,3577.6121442551107,3445.4397089640293,38.51748793843488,0.0,0.0,0.0
std,339.5909965834033,334.0868673867822,3.77930060605551,0.0,0.0,0.0
