,RMSE,MAE,MAPE,PI Width,CI Coverage,PI Overlap
mean,2854.6923522214665,2727.3344774034285,30.38614109479306,0.0,0.0,0.0
std,239.66045668673593,242.13390053645728,2.751718093605141,0.0,0.0,0.0
