,RMSE,MAE,MAPE,PI Width,CI Coverage,PI Overlap
mean,372.30273013093966,317.6111843532987,5.139080848775141,0.0,0.0,0.0
median,416.3801892198371,359.7099812825521,5.7877303801451525,0.0,0.0,0.0
std,55.46220809693744,52.84820070763525,0.8161950843343463,0.0,0.0,0.0
