,RMSE,MAE,MAPE,PI Width,CI Coverage,PI Overlap
mean,329.4671057666563,284.5969184027778,4.65148028766597,0.0,0.0,0.0
median,219.67211168972165,185.8714599609375,3.0845159915934577,0.0,0.0,0.0
std,208.57771184761722,191.7123390502148,3.029522001641821,0.0,0.0,0.0
