,RMSE,MAE,MAPE,PI Width,CI Coverage,PI Overlap
mean,557.8951877641201,488.06753472222226,7.8420170592104945,0.0,0.0,0.0
median,567.9326696367318,498.26298014322913,7.997329704012246,0.0,0.0,0.0
std,52.547070476707546,52.99726855081408,0.8074591642374979,0.0,0.0,0.0
