,RMSE,MAE,MAPE,PI Width,CI Coverage,PI Overlap
mean,2880.1196082212396,2754.8822401258676,30.704087018077416,0.0,0.0,0.0
std,75.75143428715437,76.11200094089361,0.8637702591759716,0.0,0.0,0.0
