,RMSE,MAE,MAPE,PI Width,CI Coverage,PI Overlap
mean,339.1012047243165,289.18164333767356,4.680145896645029,0.0,0.0,0.0
median,339.1290322477986,289.01375325520837,4.678323476828913,0.0,0.0,0.0
std,1.798622499857686,1.8099223023986886,0.028459279891267727,0.0,0.0,0.0
