,RMSE,MAE,MAPE,PI Width,CI Coverage,PI Overlap
mean,282.9032692284762,236.1829047309028,3.944316760591639,0.0,0.0,0.0
median,278.6065444403889,231.13370768229169,3.9079973511381034,0.0,0.0,0.0
std,15.898458226009076,12.649161246945999,0.1686560332214182,0.0,0.0,0.0
