,RMSE,MAE,MAPE,PI Width,CI Coverage,PI Overlap
mean,289.692191597366,236.40449179052337,4.213929823840827,0.0,0.0,0.0
std,49.82450590556013,43.29029849707132,0.7233578493303562,0.0,0.0,0.0
