,RMSE,MAE,MAPE,PI Width,CI Coverage,PI Overlap
mean,628.685262945607,554.9954508463542,8.932325014581094,0.0,0.0,0.0
std,238.0494815538631,217.3879466547952,3.465892916170208,0.0,0.0,0.0
