,RMSE,MAE,MAPE,PI Width,CI Coverage,PI Overlap
mean,278.83596956455943,219.90763075086807,3.7954807623542632,0.0,0.0,0.0
std,19.316983822948373,16.54430977508965,0.30295509345439803,0.0,0.0,0.0
