,RMSE,MAE,MAPE,PI Width,CI Coverage,PI Overlap
mean,2231.729265384886,1957.2326121012372,31.55047861173518,0.0,0.0,0.0
median,1777.2514775290201,1606.1848653157554,25.847962449438924,0.0,0.0,0.0
std,2312.0767640629865,1949.217044619611,31.27507015560248,0.0,0.0,0.0
