,RMSE,MAE,MAPE,PI Width,CI Coverage,PI Overlap
mean,260.8215853117592,211.2154154981303,3.79452325316585,0.0,0.0,0.0
median,252.76265759557418,206.0859625400641,3.640766656347372,0.0,0.0,0.0
std,28.20665591064186,24.01262963933309,0.4605541009625058,0.0,0.0,0.0
