,RMSE,MAE,MAPE,PI Width,CI Coverage,PI Overlap
mean,564.6800058253431,510.05144721137145,8.291381165865852,0.0,0.0,0.0
std,301.4245311444167,290.84714987361525,4.773997516453906,0.0,0.0,0.0
