,RMSE,MAE,MAPE,PI Width,CI Coverage,PI Overlap
mean,276.74266076022764,214.38778388444766,3.9008829749100693,0.0,0.0,0.0
median,272.43028393469785,211.49294263263081,3.8588155433593405,0.0,0.0,0.0
std,16.435969419214114,14.213820418092382,0.28749849591304066,0.0,0.0,0.0
