,RMSE,MAE,MAPE,PI Width,CI Coverage,PI Overlap
mean,526.5409697164328,462.79149034288196,7.430697141221143,0.0,0.0,0.0
median,526.7147367811151,462.9814046223958,7.433749360108795,0.0,0.0,0.0
std,3.663096870037419,3.8431790879762047,0.06176588633029445,0.0,0.0,0.0
