,RMSE,MAE,MAPE,PI Width,CI Coverage,PI Overlap
mean,499.29451758440024,435.5263292100695,7.010035644804969,0.0,0.0,0.0
median,498.8268230072956,433.1302286783854,6.979617931899758,0.0,0.0,0.0
std,74.68751159365858,68.52846563951046,1.0842692155746245,0.0,0.0,0.0
