True,Pred
5750,4109.6875
5399,2662.871
6123,1076.9916
5730,-124.62164
6015,-924.0576
5989,-923.16254
6333,-725.5188
6388,-1334.9749
6048,629.5855
6322,1933.1619
6405,1748.9958
6523,2819.1985
