True,Pred
5750,5082.067
5399,4483.3228
6123,3445.9468
5730,3175.8406
6015,3431.24
5989,3004.0464
6333,1978.5684
6388,-17.620392
6048,157.86378
6322,800.5736
6405,1625.2565
6523,620.9674
