,RMSE,MAE,MAPE,PI Width,CI Coverage,PI Overlap
mean,336.48018698451,292.10491807725697,4.739336304390092,0.0,0.0,0.0
median,336.3320610731709,292.36332194010413,4.7442758894365955,0.0,0.0,0.0
std,4.603978733675733,4.039997432929069,0.06138629097442209,0.0,0.0,0.0
