,RMSE,MAE,MAPE,PI Width,CI Coverage,PI Overlap
mean,2774.7675753536023,2644.348249647353,29.434703220133795,0.0,0.0,0.0
std,140.5212777987156,140.0378516642258,1.5814772622374835,0.0,0.0,0.0
