,RMSE,MAE,MAPE,PI Width,CI Coverage,PI Overlap
mean,249.62001585285958,202.88908465350116,3.5057858129508475,0.0,0.0,0.0
median,251.25806875846618,201.36349148220484,3.418925107822016,0.0,0.0,0.0
std,37.85826912383026,34.54498590984767,0.600676607625845,0.0,0.0,0.0
