,RMSE,MAE,MAPE,PI Width,CI Coverage,PI Overlap
mean,304.7948509030146,259.8160942925347,4.297861611634439,0.0,0.0,0.0
std,51.109018327243334,52.224335375593604,0.8128079742714105,0.0,0.0,0.0
