,RMSE,MAE,MAPE,PI Width,CI Coverage,PI Overlap
mean,371.1323222233801,283.4180636274136,5.012159694936583,0.0,0.0,0.0
std,22.52785230115765,20.37568570782687,0.35228666237583606,0.0,0.0,0.0
