,RMSE,MAE,MAPE,PI Width,CI Coverage,PI Overlap
mean,487.15223780969006,420.50980631510413,6.7513045379423335,0.0,0.0,0.0
median,487.68101724607016,421.013427734375,6.759258468417624,0.0,0.0,0.0
std,4.903585913144279,5.1130996662859935,0.08169889433120889,0.0,0.0,0.0
