,RMSE,MAE,MAPE,PI Width,CI Coverage,PI Overlap
mean,410.55332940247695,352.6955471462674,5.719086166394914,0.0,0.0,0.0
median,306.7399758825733,260.0306193033854,4.224679199885513,0.0,0.0,0.0
std,223.55832172555355,200.25772160782282,3.1663085258769845,0.0,0.0,0.0
