,RMSE,MAE,MAPE,PI Width,CI Coverage,PI Overlap
mean,271.78930592174424,219.9120976008422,4.008976153989703,0.0,0.0,0.0
median,269.890616422417,217.6451441988032,3.9701936585203423,0.0,0.0,0.0
std,7.860001316859132,6.027639587584893,0.11748360257185024,0.0,0.0,0.0
