,RMSE,MAE,MAPE,PI Width,CI Coverage,PI Overlap
mean,310.205744285462,270.2720296223958,4.436665638648922,0.0,0.0,0.0
median,234.03990563979355,198.0927734375,3.2664750546680437,0.0,0.0,0.0
std,249.60698544787076,236.65492952982706,3.839357691881768,0.0,0.0,0.0
