,RMSE,MAE,MAPE,PI Width,CI Coverage,PI Overlap
mean,486.17183686926717,428.32264946831606,6.903910490714272,0.0,0.0,0.0
median,449.6001296808999,387.6236368815104,6.227999441982474,0.0,0.0,0.0
std,213.3417907291276,217.15997307365063,3.5466388073266235,0.0,0.0,0.0
