,RMSE,MAE,MAPE,PI Width,CI Coverage,PI Overlap
mean,381.71515187313565,333.2617513020833,5.41114702488214,0.0,0.0,0.0
median,377.91568799605034,329.9931640625,5.361557661628748,0.0,0.0,0.0
std,10.1646606544699,9.04967043898807,0.13729705277184476,0.0,0.0,0.0
