,RMSE,MAE,MAPE,PI Width,CI Coverage,PI Overlap
mean,382.6263491781053,333.9501708984375,5.42159138109235,0.0,0.0,0.0
median,378.38134394981057,330.430419921875,5.368191487822106,0.0,0.0,0.0
std,13.163238954844047,11.45793096735057,0.17383397144530646,0.0,0.0,0.0
