,RMSE,MAE,MAPE,PI Width,CI Coverage,PI Overlap
mean,420.50522428519406,365.12612169053824,5.902302129804914,0.0,0.0,0.0
std,88.48656168167851,81.19781444806185,1.2795026139175691,0.0,0.0,0.0
