,RMSE,MAE,MAPE,PI Width,CI Coverage,PI Overlap
mean,1756.6988264346974,1549.5248769124348,24.89034286462081,0.0,0.0,0.0
median,1621.8015962929949,1399.652303059896,22.38865462492992,0.0,0.0,0.0
std,952.7466601050445,872.3363257141618,14.05486876897579,0.0,0.0,0.0
