,RMSE,MAE,MAPE,PI Width,CI Coverage,PI Overlap
mean,5951.901864930084,5943.129307614433,97.65248182420756,0.0,0.0,0.0
median,5968.108127443524,5959.391785303751,97.92099402809404,0.0,0.0,0.0
std,89.9411738421647,90.00886149119111,1.4822374808520924,0.0,0.0,0.0
