,RMSE,MAE,MAPE,PI Width,CI Coverage,PI Overlap
mean,5965.352185233791,5956.5901554849415,97.87415883534348,0.0,0.0,0.0
median,5961.239928545307,5952.580670038858,97.80986720632907,0.0,0.0,0.0
std,69.2781144465157,69.34419174686397,1.1421954218633135,0.0,0.0,0.0
