True,Pred
4462,98.792336
4642,98.792336
4369,98.792336
4672,98.792336
4661,98.792336
4655,98.792336
4716,98.792336
4377,98.792336
4484,98.792336
4911,98.792336
5218,98.792336
5759,98.792336
5456,98.792336
5359,98.792336
5305,98.792336
5769,98.792336
5565,98.792336
5367,98.792336
5633,98.792336
5664,98.792336
6082,98.792336
6505,98.792336
5813,98.792336
6379,98.792336
6091,98.792336
6219,98.792336
6052,98.792336
6105,98.792336
6030,98.792336
5969,98.792336
5707,98.792336
5681,98.792336
6052,98.792336
5904,98.792336
5426,98.792336
6005,98.792336
5766,98.792336
5946,98.792336
5981,98.792336
6104,98.792336
5991,98.792336
5670,98.792336
5709,98.792336
5416,98.792336
5793,98.792336
