True,Pred
5750,147.94746
5399,147.85855
6123,147.49937
5730,143.61694
6015,143.60553
5989,143.56538
6333,143.40208
6388,143.40108
6048,143.39825
6322,143.39119
6405,143.39111
6523,143.39093
