True,Pred
4462,128.44257
4642,128.44257
4369,128.44257
4672,128.44257
4661,128.44257
4655,128.44257
4716,128.44257
4377,128.44257
4484,128.44257
4911,128.44257
5218,128.44257
5759,128.44257
5456,128.44257
5359,128.44257
5305,128.44257
5769,128.44257
5565,128.44257
5367,128.44257
5633,128.44257
5664,128.44257
6082,128.44257
6505,128.44257
5813,128.44257
6379,128.44257
6091,128.44257
6219,128.44257
6052,128.44257
6105,128.44257
6030,128.44257
5969,128.44257
5707,128.44257
5681,128.44257
6052,128.44257
5904,128.44257
5426,128.44257
6005,128.44257
5766,128.44257
5946,128.44257
5981,128.44257
6104,128.44257
5991,128.44257
5670,128.44257
5709,128.44257
5416,128.44257
5793,128.44257
