True,Pred
4462,94.94819
4642,94.94819
4369,94.94819
4672,94.94819
4661,94.94819
4655,94.94819
4716,94.94819
4377,94.94819
4484,94.94819
4911,94.94819
5218,94.94819
5759,94.94819
5456,94.94819
5359,94.94819
5305,94.94819
5769,94.94819
5565,94.94819
5367,94.94819
5633,94.94819
5664,94.94819
6082,94.94819
6505,94.94819
5813,94.94819
6379,94.94819
6091,94.94819
6219,94.94819
6052,94.94819
6105,94.94819
6030,94.94819
5969,94.94819
5707,94.94819
5681,94.94819
6052,94.94819
5904,94.94819
5426,94.94819
6005,94.94819
5766,94.94819
5946,94.94819
5981,94.94819
6104,94.94819
5991,94.94819
5670,94.94819
5709,94.94819
5416,94.94819
5793,94.94819
