True,Pred
4462,46.60618
4642,46.60618
4369,46.60618
4672,46.60618
4661,46.60618
4655,46.60618
4716,46.60618
4377,46.60618
4484,46.60618
4911,46.60618
5218,46.60618
5759,46.60618
5456,46.60618
5359,46.60618
5305,46.60618
5769,46.60618
5565,46.60618
5367,46.60618
5633,46.60618
5664,46.60618
6082,46.60618
6505,46.60618
5813,46.60618
6379,46.60618
6091,46.60618
6219,46.60618
6052,46.60618
6105,46.60618
6030,46.60618
5969,46.60618
5707,46.60618
5681,46.60618
6052,46.60618
5904,46.60618
5426,46.60618
6005,46.60618
5766,46.60618
5946,46.60618
5981,46.60618
6104,46.60618
5991,46.60618
5670,46.60618
5709,46.60618
5416,46.60618
5793,46.60618
