True,Pred
5750,251.91638
5399,251.69899
6123,250.64423
5730,245.18752
6015,245.15701
5989,245.05453
6333,244.77834
6388,244.7752
6048,244.76724
6322,244.75284
6405,244.75256
6523,244.752
