True,Pred
5750,77.19112
5399,76.74245
6123,74.259186
5730,64.230034
6015,63.98334
5989,63.12492
6333,61.266277
6388,61.152885
6048,60.87267
6322,60.468494
6405,60.42406
6523,60.339466
