True,Pred
4462,274.42963
4642,274.42963
4369,274.42963
4672,274.42963
4661,274.42963
4655,274.42963
4716,274.42963
4377,274.42963
4484,274.42963
4911,274.42963
5218,274.42963
5759,274.42963
5456,274.42963
5359,274.42963
5305,274.42963
5769,274.42963
5565,274.42963
5367,274.42963
5633,274.42963
5664,274.42963
6082,274.42963
6505,274.42963
5813,274.42963
6379,274.42963
6091,274.42963
6219,274.42963
6052,274.42963
6105,274.42963
6030,274.42963
5969,274.42963
5707,274.42963
5681,274.42963
6052,274.42963
5904,274.42963
5426,274.42963
6005,274.42963
5766,274.42963
5946,274.42963
5981,274.42963
6104,274.42963
5991,274.42963
5670,274.42963
5709,274.42963
5416,274.42963
5793,274.42963
