True,Pred
5750,154.71423
5399,154.64082
6123,154.26785
5730,150.62917
6015,150.61597
5989,150.56377
6333,150.35216
6388,150.35052
6048,150.3455
6322,150.33273
6405,150.33258
6523,150.33217
