True,Pred
5750,92.77413
5399,92.50153
6123,91.07087
5730,81.09544
6015,81.00941
5989,80.65717
6333,79.41834
6388,79.39461
6048,79.319466
6322,79.14861
6405,79.14298
6523,79.12867
