True,Pred
4462,46.66564
4642,46.66564
4369,46.66564
4672,46.66564
4661,46.66564
4655,46.66564
4716,46.66564
4377,46.66564
4484,46.66564
4911,46.66564
5218,46.66564
5759,46.66564
5456,46.66564
5359,46.66564
5305,46.66564
5769,46.66564
5565,46.66564
5367,46.66564
5633,46.66564
5664,46.66564
6082,46.66564
6505,46.66564
5813,46.66564
6379,46.66564
6091,46.66564
6219,46.66564
6052,46.66564
6105,46.66564
6030,46.66564
5969,46.66564
5707,46.66564
5681,46.66564
6052,46.66564
5904,46.66564
5426,46.66564
6005,46.66564
5766,46.66564
5946,46.66564
5981,46.66564
6104,46.66564
5991,46.66564
5670,46.66564
5709,46.66564
5416,46.66564
5793,46.66564
