True,Pred
5750,203.42697
5399,203.08473
6123,201.27277
5730,187.77142
6015,187.68163
5989,187.3272
6333,186.05463
6388,186.03697
6048,185.98259
6322,185.85547
6405,185.85254
6523,185.84514
