True,Pred
5750,148.61642
5399,148.06836
6123,146.0654
5730,136.5905
6015,136.49637
5989,136.22458
6333,135.51588
6388,135.50201
6048,135.46992
6322,135.41333
6405,135.41154
6523,135.40813
