True,Pred
4462,54.672073
4642,54.672073
4369,54.672073
4672,54.672073
4661,54.672073
4655,54.672073
4716,54.672073
4377,54.672073
4484,54.672073
4911,54.672073
5218,54.672073
5759,54.672073
5456,54.672073
5359,54.672073
5305,54.672073
5769,54.672073
5565,54.672073
5367,54.672073
5633,54.672073
5664,54.672073
6082,54.672073
6505,54.672073
5813,54.672073
6379,54.672073
6091,54.672073
6219,54.672073
6052,54.672073
6105,54.672073
6030,54.672073
5969,54.672073
5707,54.672073
5681,54.672073
6052,54.672073
5904,54.672073
5426,54.672073
6005,54.672073
5766,54.672073
5946,54.672073
5981,54.672073
6104,54.672073
5991,54.672073
5670,54.672073
5709,54.672073
5416,54.672073
5793,54.672073
