True,Pred
4462,99.72017
4642,99.72017
4369,99.72017
4672,99.72017
4661,99.72017
4655,99.72017
4716,99.72017
4377,99.72017
4484,99.72017
4911,99.72017
5218,99.72017
5759,99.72017
5456,99.72017
5359,99.72017
5305,99.72017
5769,99.72017
5565,99.72017
5367,99.72017
5633,99.72017
5664,99.72017
6082,99.72017
6505,99.72017
5813,99.72017
6379,99.72017
6091,99.72017
6219,99.72017
6052,99.72017
6105,99.72017
6030,99.72017
5969,99.72017
5707,99.72017
5681,99.72017
6052,99.72017
5904,99.72017
5426,99.72017
6005,99.72017
5766,99.72017
5946,99.72017
5981,99.72017
6104,99.72017
5991,99.72017
5670,99.72017
5709,99.72017
5416,99.72017
5793,99.72017
