True,Pred
5750,94.94819
5399,94.51691
6123,92.56291
5730,82.27671
6015,82.06715
5989,81.393456
6333,79.75163
6388,79.671364
6048,79.48003
6322,79.17872
6405,79.15267
6523,79.10373
