True,Pred
5750,151.39311
5399,151.1118
6123,149.80006
5730,142.80988
6015,142.75029
5989,142.56079
6333,142.10167
6388,142.09285
6048,142.07225
6322,142.04028
6405,142.0392
6523,142.0373
