True,Pred
4462,302.80447
4642,302.80447
4369,302.80447
4672,302.80447
4661,302.80447
4655,302.80447
4716,302.80447
4377,302.80447
4484,302.80447
4911,302.80447
5218,302.80447
5759,302.80447
5456,302.80447
5359,302.80447
5305,302.80447
5769,302.80447
5565,302.80447
5367,302.80447
5633,302.80447
5664,302.80447
6082,302.80447
6505,302.80447
5813,302.80447
6379,302.80447
6091,302.80447
6219,302.80447
6052,302.80447
6105,302.80447
6030,302.80447
5969,302.80447
5707,302.80447
5681,302.80447
6052,302.80447
5904,302.80447
5426,302.80447
6005,302.80447
5766,302.80447
5946,302.80447
5981,302.80447
6104,302.80447
5991,302.80447
5670,302.80447
5709,302.80447
5416,302.80447
5793,302.80447
