True,Pred
5750,143.54816
5399,143.42345
6123,142.90489
5730,140.669
6015,140.65616
5989,140.61816
6333,140.52951
6388,140.52849
6048,140.52623
6322,140.52263
6405,140.52254
6523,140.52243
