True,Pred
5750,164.11928
5399,163.51932
6123,160.04324
5730,140.58455
6015,140.31679
5989,139.2826
6333,136.62125
6388,136.53249
6048,136.2902
6322,135.89334
6405,135.86942
6523,135.8193
