True,Pred
5750,52.06966
5399,51.32479
6123,47.689182
5730,32.79169
6015,32.15437
5989,30.145918
6333,26.276232
6388,25.721777
6048,24.56614
6322,23.17101
6405,22.740086
6523,22.082642
