True,Pred
5750,194.48126
5399,194.33684
6123,193.348
5730,186.6033
6015,186.58522
5989,186.50008
6333,186.22151
6388,186.21986
6048,186.21431
6322,186.2024
6405,186.20227
6523,186.20195
