True,Pred
5750,72.63852
5399,72.2348
6123,70.718956
5730,62.82323
6015,62.661797
5989,62.19086
6333,60.932243
6388,60.875153
6048,60.74297
6322,60.50874
6405,60.490814
6523,60.456738
