True,Pred
5750,258.8283
5399,258.69855
6123,258.0395
5730,254.90633
6015,254.89667
5989,254.86435
6333,254.78421
6388,254.7837
6048,254.78249
6322,254.78036
6405,254.78036
6523,254.78033
