True,Pred
5750,54.672073
5399,54.29937
6123,52.872105
5730,47.325687
6015,47.157024
5989,46.735046
6333,46.004093
6388,45.94528
6048,45.840614
6322,45.72348
6405,45.706497
6523,45.683075
