True,Pred
5750,173.53561
5399,173.3126
6123,172.18587
5730,167.1632
6015,167.12793
5989,167.00699
6333,166.70406
6388,166.69983
6048,166.68883
6322,166.6698
6405,166.66939
6523,166.66849
