True,Pred
5750,132.58281
5399,131.875
6123,129.08841
5730,120.57959
6015,120.455864
5989,120.137794
6333,119.58186
6388,119.56518
6048,119.533035
6322,119.49412
6405,119.49222
6523,119.48924
