True,Pred
4462,108.15518
4642,108.15518
4369,108.15518
4672,108.15518
4661,108.15518
4655,108.15518
4716,108.15518
4377,108.15518
4484,108.15518
4911,108.15518
5218,108.15518
5759,108.15518
5456,108.15518
5359,108.15518
5305,108.15518
5769,108.15518
5565,108.15518
5367,108.15518
5633,108.15518
5664,108.15518
6082,108.15518
6505,108.15518
5813,108.15518
6379,108.15518
6091,108.15518
6219,108.15518
6052,108.15518
6105,108.15518
6030,108.15518
5969,108.15518
5707,108.15518
5681,108.15518
6052,108.15518
5904,108.15518
5426,108.15518
6005,108.15518
5766,108.15518
5946,108.15518
5981,108.15518
6104,108.15518
5991,108.15518
5670,108.15518
5709,108.15518
5416,108.15518
5793,108.15518
