True,Pred
5750,274.42963
5399,274.4514
6123,274.52274
5730,272.50864
6015,272.5089
5989,272.50833
6333,272.47308
6388,272.47308
6048,272.47302
6322,272.47238
6405,272.47238
6523,272.47238
