True,Pred
4462,203.42697
4642,203.42697
4369,203.42697
4672,203.42697
4661,203.42697
4655,203.42697
4716,203.42697
4377,203.42697
4484,203.42697
4911,203.42697
5218,203.42697
5759,203.42697
5456,203.42697
5359,203.42697
5305,203.42697
5769,203.42697
5565,203.42697
5367,203.42697
5633,203.42697
5664,203.42697
6082,203.42697
6505,203.42697
5813,203.42697
6379,203.42697
6091,203.42697
6219,203.42697
6052,203.42697
6105,203.42697
6030,203.42697
5969,203.42697
5707,203.42697
5681,203.42697
6052,203.42697
5904,203.42697
5426,203.42697
6005,203.42697
5766,203.42697
5946,203.42697
5981,203.42697
6104,203.42697
5991,203.42697
5670,203.42697
5709,203.42697
5416,203.42697
5793,203.42697
