True,Pred
5750,171.44968
5399,171.10617
6123,169.40848
5730,155.97473
6015,155.84206
5989,155.35959
6333,153.84729
6388,153.81158
6048,153.71547
6322,153.53136
6405,153.5236
6523,153.50714
