True,Pred
5750,89.09756
5399,88.41098
6123,85.64265
5730,77.94508
6015,77.75328
5989,77.25626
6333,76.40256
6388,76.35659
6048,76.26688
6322,76.15775
6405,76.14809
6523,76.132935
