True,Pred
5750,68.01776
5399,67.59794
6123,66.03781
5730,56.82837
6015,56.628857
5989,56.052277
6333,54.756973
6388,54.67792
6048,54.5122
6322,54.283287
6405,54.257145
6523,54.214737
