,RMSE,MAE,MAPE,PI Width,CI Coverage,PI Overlap
mean,422.84217546129287,363.24678276909725,5.884154875449213,0.0,0.0,0.0
median,442.1801726971754,384.122314453125,6.191528247106749,0.0,0.0,0.0
std,110.66439942594464,103.19586373345045,1.6006553040142477,0.0,0.0,0.0
