,RMSE,MAE,MAPE,PI Width,CI Coverage,PI Overlap
mean,358.70919814029537,309.72071261935764,4.998621845434921,0.0,0.0,0.0
median,358.8742107015922,309.90226236979163,5.001469225873059,0.0,0.0,0.0
std,1.320862881988012,1.4855415437310797,0.023214831178415687,0.0,0.0,0.0
