,RMSE,MAE,MAPE,PI Width,CI Coverage,PI Overlap
mean,3060.508901993516,2931.008987087673,32.68684583622988,0.0,0.0,0.0
std,252.51950851664319,254.72260198449356,2.8956489763364903,0.0,0.0,0.0
