,RMSE,MAE,MAPE,PI Width,CI Coverage,PI Overlap
mean,527.2424072165344,462.0463256835937,7.418997579388044,0.0,0.0,0.0
median,534.0931515648128,468.54897054036456,7.522082072608123,0.0,0.0,0.0
std,58.20443477275431,54.538169014318875,0.8719723575803278,0.0,0.0,0.0
