,RMSE,MAE,MAPE,PI Width,CI Coverage,PI Overlap
mean,337.1459075370965,255.82354714912285,4.643818660469875,0.0,0.0,0.0
median,328.3664216687964,250.83872584292763,4.532234890570603,0.0,0.0,0.0
std,34.5579803545133,28.416874371917512,0.5219070962165068,0.0,0.0,0.0
