,RMSE,MAE,MAPE,PI Width,CI Coverage,PI Overlap
mean,1986.3206113542283,1718.6421382480196,27.759426754714568,0.0,0.0,0.0
median,1729.8314029361195,1534.433329264323,24.725666660453022,0.0,0.0,0.0
std,1611.1631480377878,1332.6707397913126,21.33793853165776,0.0,0.0,0.0
