,RMSE,MAE,MAPE,PI Width,CI Coverage,PI Overlap
mean,341.84868444699634,293.524149576823,4.756099891794419,0.0,0.0,0.0
median,342.1131792917886,293.671142578125,4.757437255660033,0.0,0.0,0.0
std,1.0518892730067562,0.8303284880472369,0.012197876023871276,0.0,0.0,0.0
