,RMSE,MAE,MAPE,PI Width,CI Coverage,PI Overlap
mean,272.1218173620615,199.2665016456886,3.451104637821586,0.0,0.0,0.0
std,3.698055162556379,3.8339488361653866,0.0750722376675395,0.0,0.0,0.0
