,RMSE,MAE,MAPE,PI Width,CI Coverage,PI Overlap
mean,401.3516288513957,349.1146837022569,5.653202619214182,0.0,0.0,0.0
median,402.2809326917263,351.6581624348958,5.696899509360364,0.0,0.0,0.0
std,31.638387054275782,26.934964768517123,0.4156297492519002,0.0,0.0,0.0
