,RMSE,MAE,MAPE,PI Width,CI Coverage,PI Overlap
mean,280.6631571226498,225.13087931315107,4.044531972941231,0.0,0.0,0.0
median,275.59366931414564,217.87822265625,3.9451212610049087,0.0,0.0,0.0
std,33.16518016271719,25.571531071249602,0.45469788171555986,0.0,0.0,0.0
