,RMSE,MAE,MAPE,PI Width,CI Coverage,PI Overlap
mean,2968.7456689422656,2849.1217037624783,31.794429841337084,0.0,0.0,0.0
std,85.5657520646996,85.98540192229893,0.9769505305358961,0.0,0.0,0.0
