,RMSE,MAE,MAPE,PI Width,CI Coverage,PI Overlap
mean,407.66193398686204,354.01180555555555,5.724352982125378,0.0,0.0,0.0
median,411.9328954803477,355.37921142578125,5.7425738354348,0.0,0.0,0.0
std,25.566718973157535,21.31991679770683,0.32428171177700443,0.0,0.0,0.0
