,RMSE,MAE,MAPE,PI Width,CI Coverage,PI Overlap
mean,378.01770044773104,323.51953938802075,5.236912284409982,0.0,0.0,0.0
median,391.9007706612398,336.5382893880208,5.422492200842882,0.0,0.0,0.0
std,34.61956131496659,32.26891939025658,0.49518403274491546,0.0,0.0,0.0
