,RMSE,MAE,MAPE,PI Width,CI Coverage,PI Overlap
mean,346.892846216546,297.0594970703125,4.815129081161833,0.0,0.0,0.0
median,340.26551673065956,291.53181966145837,4.729754803381549,0.0,0.0,0.0
std,24.22156545652981,21.722412481737553,0.337210929359134,0.0,0.0,0.0
