,RMSE,MAE,MAPE,PI Width,CI Coverage,PI Overlap
mean,233.02582264165855,188.77214016384548,3.2138862567369446,0.0,0.0,0.0
median,221.41905144568932,179.00137329101562,3.042839710198943,0.0,0.0,0.0
std,51.3101692417099,46.35128514574031,0.8024848589582672,0.0,0.0,0.0
