,RMSE,MAE,MAPE,PI Width,CI Coverage,PI Overlap
mean,1875.3656695584248,1667.0944491916234,26.8188556120236,0.0,0.0,0.0
median,2015.2570432853413,1778.5909220377603,28.53465274437221,0.0,0.0,0.0
std,1023.1896741107686,926.4308035821093,14.90374966787812,0.0,0.0,0.0
