,RMSE,MAE,MAPE,PI Width,CI Coverage,PI Overlap
mean,394.1983778469826,340.3302829318576,5.4948018414918955,0.0,0.0,0.0
std,85.25527402155288,77.73020430935553,1.2262198479974928,0.0,0.0,0.0
