,RMSE,MAE,MAPE,PI Width,CI Coverage,PI Overlap
mean,497.59218133544556,434.8207465277777,6.997949901395037,0.0,0.0,0.0
std,93.38013377198445,86.22692287274003,1.3648105338207803,0.0,0.0,0.0
