,RMSE,MAE,MAPE,PI Width,CI Coverage,PI Overlap
mean,320.5221290387322,253.40866809192002,4.392320621293311,0.0,0.0,0.0
std,35.089790356068924,34.7160472792953,0.5524093912078502,0.0,0.0,0.0
