,RMSE,MAE,MAPE,PI Width,CI Coverage,PI Overlap
mean,391.6923475107365,340.50213216145835,5.517027356706947,0.0,0.0,0.0
median,390.3302599363988,341.3364054361979,5.538038475660128,0.0,0.0,0.0
std,24.52833582393387,21.45204859956372,0.3287336625465058,0.0,0.0,0.0
