,RMSE,MAE,MAPE,PI Width,CI Coverage,PI Overlap
mean,419.66682659991073,365.3801038953994,5.895122887053244,0.0,0.0,0.0
median,411.89716809788496,357.2831827799479,5.765209481616788,0.0,0.0,0.0
std,72.65783049956256,67.25860877954666,1.064878747070893,0.0,0.0,0.0
