,RMSE,MAE,MAPE,PI Width,CI Coverage,PI Overlap
mean,367.3661162031287,318.94963378906243,5.144957182686923,0.0,0.0,0.0
median,367.47168871347174,318.98868815104163,5.145588016818064,0.0,0.0,0.0
std,1.259307644965082,1.1599527705330372,0.01829535694054654,0.0,0.0,0.0
