,RMSE,MAE,MAPE,PI Width,CI Coverage,PI Overlap
mean,481.81433494557035,422.54014756944446,6.81434296879336,0.0,0.0,0.0
median,478.6507763021815,412.3026529947917,6.6213522090897525,0.0,0.0,0.0
std,107.47753115460453,102.50821239670401,1.612162987847165,0.0,0.0,0.0
