,RMSE,MAE,MAPE,PI Width,CI Coverage,PI Overlap
mean,508.0965017080877,444.7853068033854,7.151348229351134,0.0,0.0,0.0
median,502.91621879879085,437.5376993815104,7.030509926052925,0.0,0.0,0.0
std,70.05613569368641,65.12261555766513,1.0348788688952641,0.0,0.0,0.0
