,RMSE,MAE,MAPE,PI Width,CI Coverage,PI Overlap
mean,302.84998420190755,253.66202663845485,4.139285095673331,0.0,0.0,0.0
median,279.70316257592236,231.96724446614581,3.79972378454669,0.0,0.0,0.0
std,60.83681200238745,55.394196375534456,0.8646624178983012,0.0,0.0,0.0
