,RMSE,MAE,MAPE,PI Width,CI Coverage,PI Overlap
mean,359.73592223851085,308.6468221028646,5.089959470032095,0.0,0.0,0.0
median,308.74859199661046,248.46687825520831,4.0917968003492655,0.0,0.0,0.0
std,139.2552817371366,134.19899000799782,2.156968607663851,0.0,0.0,0.0
