,RMSE,MAE,MAPE,PI Width,CI Coverage,PI Overlap
mean,261.4868574926082,208.702197265625,3.7507182358697597,0.0,0.0,0.0
median,254.8409326768936,203.42003839666194,3.6924452985392904,0.0,0.0,0.0
std,22.082608650537757,19.11684267307884,0.3523975346877882,0.0,0.0,0.0
