True,Pred
5750,4524.2124
5399,3657.748
6123,2818.1846
5730,1901.437
6015,331.14133
5989,-1570.2001
6333,-2204.898
6388,-1430.5068
6048,645.93445
6322,4043.7017
6405,5574.6924
6523,7166.0464
