,RMSE,MAE,MAPE,PI Width,CI Coverage,PI Overlap
mean,582.4712954135609,519.9325493706597,8.349043144857658,0.0,0.0,0.0
median,582.452680102009,519.9141845703125,8.348747993852527,0.0,0.0,0.0
std,0.75440770378327,0.7520812955226687,0.012087120258258905,0.0,0.0,0.0
