,RMSE,MAE,MAPE,PI Width,CI Coverage,PI Overlap
mean,582.9587623859792,520.4179009331598,8.356843501997767,0.0,0.0,0.0
median,582.5206034335918,519.98193359375,8.349836826401006,0.0,0.0,0.0
std,1.6706241588032003,1.6630723052916023,0.02672816764877713,0.0,0.0,0.0
