,RMSE,MAE,MAPE,PI Width,CI Coverage,PI Overlap
mean,617.5258869251386,537.9176025390624,8.65067724451435,0.0,0.0,0.0
median,603.508672867421,527.6623331705729,8.466797327612301,0.0,0.0,0.0
std,264.80916348639636,238.1189240420216,3.775129968326058,0.0,0.0,0.0
