,RMSE,MAE,MAPE,PI Width,CI Coverage,PI Overlap
mean,273.5343615046991,219.57449506419573,3.9548386066260997,0.0,0.0,0.0
median,274.4773900829748,220.99281772347382,3.967457922959507,0.0,0.0,0.0
std,23.043774409639376,17.425812299425473,0.3036213286713896,0.0,0.0,0.0
