,RMSE,MAE,MAPE,PI Width,CI Coverage,PI Overlap
mean,446.3608583989854,386.075996907552,6.219542091235643,0.0,0.0,0.0
median,399.73590513284796,347.23478190104163,5.6083944146424,0.0,0.0,0.0
std,65.27932177530742,54.48248848338143,0.8571323389722314,0.0,0.0,0.0
