,RMSE,MAE,MAPE,PI Width,CI Coverage,PI Overlap
mean,285.84369679462924,242.24251573350696,3.9567184661645474,0.0,0.0,0.0
median,248.77542994472603,208.4217325846354,3.4263622624628978,0.0,0.0,0.0
std,87.50761590394545,78.85304238701434,1.236074517379231,0.0,0.0,0.0
