,RMSE,MAE,MAPE,PI Width,CI Coverage,PI Overlap
mean,1789.5232020465905,1621.9961178249782,26.140190823161916,0.0,0.0,0.0
median,1719.4918983828147,1552.9842936197917,24.997511863175532,0.0,0.0,0.0
std,900.8016158482228,839.8157743070639,13.569092628046892,0.0,0.0,0.0
