,RMSE,MAE,MAPE,PI Width,CI Coverage,PI Overlap
mean,260.52030851044657,211.10171769016472,3.8420737810807606,0.0,0.0,0.0
std,7.96878531036658,8.04680118423877,0.14816509810605893,0.0,0.0,0.0
