,RMSE,MAE,MAPE,PI Width,CI Coverage,PI Overlap
mean,274.4409537661502,228.40015326605902,3.7465882116481106,0.0,0.0,0.0
std,21.242680597594784,19.749534923989106,0.30165071975698765,0.0,0.0,0.0
