,RMSE,MAE,MAPE,PI Width,CI Coverage,PI Overlap
mean,217.56414765657183,183.764055718316,3.0533713304879457,0.0,0.0,0.0
median,217.61442361643708,183.8447062174479,3.0556043234941983,0.0,0.0,0.0
std,2.023007217711575,2.005738057553591,0.028576458089326694,0.0,0.0,0.0
