,RMSE,MAE,MAPE,PI Width,CI Coverage,PI Overlap
mean,568.641451436335,497.49144694010425,8.025546329262921,0.0,0.0,0.0
median,566.3697929437897,500.25276692708337,8.048074908138663,0.0,0.0,0.0
std,149.33543629779516,135.84608877119558,2.1399204846121953,0.0,0.0,0.0
