,RMSE,MAE,MAPE,PI Width,CI Coverage,PI Overlap
mean,427.77005588211273,368.11211480034723,5.922394385451126,0.0,0.0,0.0
median,428.2941247867674,368.433349609375,5.926759071185488,0.0,0.0,0.0
std,15.880063958667732,13.37449789885367,0.2096368147847184,0.0,0.0,0.0
