,RMSE,MAE,MAPE,PI Width,CI Coverage,PI Overlap
mean,783.4656557488249,694.7931952582466,11.150154570479536,0.0,0.0,0.0
median,711.9955122141977,632.8642578125,10.155180590064248,0.0,0.0,0.0
std,243.8181277554108,221.6414898955207,3.552831966519721,0.0,0.0,0.0
