,RMSE,MAE,MAPE,PI Width,CI Coverage,PI Overlap
mean,387.81048564880103,333.9236368815104,5.445586745563708,0.0,0.0,0.0
median,335.6484682178502,290.0470377604167,4.7641322476998464,0.0,0.0,0.0
std,149.95053682928847,136.9792948126716,2.154497219138562,0.0,0.0,0.0
