,RMSE,MAE,MAPE,PI Width,CI Coverage,PI Overlap
mean,490.00808662987475,425.5998657226563,6.840836579129261,0.0,0.0,0.0
median,478.06825196884677,411.4210001627604,6.609134320439082,0.0,0.0,0.0
std,47.57661138848978,43.68949094200328,0.6906599824134261,0.0,0.0,0.0
