,RMSE,MAE,MAPE,PI Width,CI Coverage,PI Overlap
mean,252.76139305825927,207.16894011801864,3.770777819242181,0.0,0.0,0.0
median,248.69412766418247,204.46576317320478,3.7214320210446874,0.0,0.0,0.0
std,10.878401275269015,7.030417604044606,0.131944570235889,0.0,0.0,0.0
