,RMSE,MAE,MAPE,PI Width,CI Coverage,PI Overlap
mean,325.2191067621854,277.67462429470487,4.493250911836204,0.0,0.0,0.0
median,293.3128487169764,248.74013264973956,4.036042642796319,0.0,0.0,0.0
std,66.36353505164723,60.031706997309854,0.9476307869236306,0.0,0.0,0.0
