,RMSE,MAE,MAPE,PI Width,CI Coverage,PI Overlap
mean,531.490950115778,462.95652669270834,7.442384170527194,0.0,0.0,0.0
median,504.4856814888591,434.6082967122396,6.977886105003234,0.0,0.0,0.0
std,170.98314706022592,150.89046992287524,2.401500292290226,0.0,0.0,0.0
