,RMSE,MAE,MAPE,PI Width,CI Coverage,PI Overlap
mean,333.27472226292747,250.87236585115127,4.55744081907579,0.0,0.0,0.0
median,328.08818898046303,243.47489206414474,4.406426983845021,0.0,0.0,0.0
std,30.64447690591983,30.97626008083316,0.5763144827065463,0.0,0.0,0.0
