,RMSE,MAE,MAPE,PI Width,CI Coverage,PI Overlap
mean,477.53592205314436,414.61301947699656,6.668296483932752,0.0,0.0,0.0
median,470.30384338437847,405.54736328125,6.516652123741915,0.0,0.0,0.0
std,95.89975080553292,88.75648200687569,1.4115876617997578,0.0,0.0,0.0
