,RMSE,MAE,MAPE,PI Width,CI Coverage,PI Overlap
mean,522.3665428640101,417.80992373511907,7.812533817874813,0.0,0.0,0.0
median,522.3296770464328,417.7406296502976,7.811635349679266,0.0,0.0,0.0
std,0.20619002969459588,1.6330482454092932,0.02117412927924317,0.0,0.0,0.0
