,RMSE,MAE,MAPE,PI Width,CI Coverage,PI Overlap
mean,578.4743097227331,515.9317220052084,8.284743604652851,0.0,0.0,0.0
median,578.2640577523906,515.7296142578125,8.281495417704921,0.0,0.0,0.0
std,4.771244683266191,4.763057382443783,0.0765497662570846,0.0,0.0,0.0
