,RMSE,MAE,MAPE,PI Width,CI Coverage,PI Overlap
mean,350.19864153123916,304.3560953776041,4.95312418952343,0.0,0.0,0.0
median,339.7700046831492,293.8818155924479,4.765314802983807,0.0,0.0,0.0
std,35.37112293109803,36.6855201612686,0.6423411451068717,0.0,0.0,0.0
