,RMSE,MAE,MAPE,PI Width,CI Coverage,PI Overlap
mean,2822.964957540681,2694.019382392035,30.005834556820236,0.0,0.0,0.0
std,315.59770689018535,314.2149378929326,3.556569784705608,0.0,0.0,0.0
