,RMSE,MAE,MAPE,PI Width,CI Coverage,PI Overlap
mean,2085.1108373438265,1871.14199824863,30.323662661508717,0.0,0.0,0.0
median,1589.4266026977302,1496.9708251953125,24.396603814628527,0.0,0.0,0.0
std,1875.435437268144,1679.8439520421707,27.10874661989962,0.0,0.0,0.0
