,RMSE,MAE,MAPE,PI Width,CI Coverage,PI Overlap
mean,2813.8010185856524,2687.1313947889535,29.93091614498825,0.0,0.0,0.0
std,26.91636688228023,28.282356141660035,0.3254781413878256,0.0,0.0,0.0
