,RMSE,MAE,MAPE,PI Width,CI Coverage,PI Overlap
mean,238.05087384393855,201.56417236328124,3.3233183354641,0.0,0.0,0.0
median,223.51945239822086,189.51186116536456,3.139012476253448,0.0,0.0,0.0
std,29.684909522357852,25.402682387513593,0.3874239457010034,0.0,0.0,0.0
