,RMSE,MAE,MAPE,PI Width,CI Coverage,PI Overlap
mean,570.3555576940184,502.50009494357636,8.066382579236226,0.0,0.0,0.0
median,580.608351865714,511.04427083333337,8.20014286049097,0.0,0.0,0.0
std,73.90609290902914,69.4387225174149,1.1083348845826977,0.0,0.0,0.0
