,RMSE,MAE,MAPE,PI Width,CI Coverage,PI Overlap
mean,1755.4810491014646,1597.6932603624127,25.777896950784065,0.0,0.0,0.0
median,1785.440924992374,1606.1300252278647,25.829389513133613,0.0,0.0,0.0
std,872.3783073945453,826.9215260255878,13.407717845423807,0.0,0.0,0.0
