,RMSE,MAE,MAPE,PI Width,CI Coverage,PI Overlap
mean,442.7436892158536,384.3500149197049,6.2076847412600635,0.0,0.0,0.0
median,435.0775074849822,377.18180338541663,6.08494085508557,0.0,0.0,0.0
std,79.44143181905739,70.99266716214296,1.1045145807676502,0.0,0.0,0.0
