,RMSE,MAE,MAPE,PI Width,CI Coverage,PI Overlap
mean,261.52978444339504,224.19081353081597,3.7271606461014373,0.0,0.0,0.0
median,256.4066373228027,219.7640177408854,3.663935482125807,0.0,0.0,0.0
std,28.44394609520628,24.392930955095267,0.3706475105698736,0.0,0.0,0.0
