,RMSE,MAE,MAPE,PI Width,CI Coverage,PI Overlap
mean,360.4538861596794,313.856389702691,5.064649509732461,0.0,0.0,0.0
median,360.36689537864544,313.7245890299479,5.062564887295581,0.0,0.0,0.0
std,2.307312394881945,2.097052435587421,0.03308024512014,0.0,0.0,0.0
