,RMSE,MAE,MAPE,PI Width,CI Coverage,PI Overlap
mean,283.7937704268794,232.2181761749031,4.2712366265374575,0.0,0.0,0.0
std,31.14239551817399,26.417065939077162,0.5480576255111465,0.0,0.0,0.0
