,RMSE,MAE,MAPE,PI Width,CI Coverage,PI Overlap
mean,450.37592944877855,387.0094699435764,6.281811632316865,0.0,0.0,0.0
std,175.52018955082255,164.5798977524356,2.581474432897462,0.0,0.0,0.0
