,RMSE,MAE,MAPE,PI Width,CI Coverage,PI Overlap
mean,5545.990454651355,5536.728491126168,90.95748321558443,0.0,0.0,0.0
median,5523.557550220135,5514.2657648722325,90.58731721777399,0.0,0.0,0.0
std,150.37716058063862,150.62757305553657,2.482277514636567,0.0,0.0,0.0
