True,Pred
5750,422.5058
5399,419.5721
6123,419.52115
5730,419.52023
6015,419.52023
5989,419.52023
6333,419.52023
6388,419.52023
6048,419.52023
6322,419.52023
6405,419.52023
6523,419.52023
