True,Pred
5750,346.29608
5399,343.58487
6123,343.5325
5730,343.53146
6015,343.53146
5989,343.53146
6333,343.53146
6388,343.53146
6048,343.53146
6322,343.53146
6405,343.53146
6523,343.53146
