True,Pred
4323,715.77655
4825,715.77655
4462,715.77655
4642,715.77655
4369,715.77655
4672,715.77655
4661,715.77655
4655,715.77655
4716,715.77655
4377,715.77655
4484,715.77655
4911,715.77655
5218,715.77655
5759,715.77655
5456,715.77655
5359,715.77655
5305,715.77655
5769,715.77655
5565,715.77655
5367,715.77655
5633,715.77655
5664,715.77655
6082,715.77655
6505,715.77655
5813,715.77655
6379,715.77655
6091,715.77655
6219,715.77655
6052,715.77655
6105,715.77655
6030,715.77655
5969,715.77655
5707,715.77655
5681,715.77655
6052,715.77655
5904,715.77655
5426,715.77655
6005,715.77655
5766,715.77655
5946,715.77655
5981,715.77655
6104,715.77655
5991,715.77655
5670,715.77655
5709,715.77655
5416,715.77655
5793,715.77655
