True,Pred
5750,449.28967
5399,449.12515
6123,449.12485
5730,449.12485
6015,449.12485
5989,449.12485
6333,449.12485
6388,449.12485
6048,449.12485
6322,449.12485
6405,449.12485
6523,449.12485
