True,Pred
5750,567.9484
5399,567.64374
6123,567.64276
5730,567.64276
6015,567.64276
5989,567.64276
6333,567.64276
6388,567.64276
6048,567.64276
6322,567.64276
6405,567.64276
6523,567.64276
