True,Pred
5750,475.7356
5399,474.92932
6123,474.92386
5730,474.92383
6015,474.92383
5989,474.92383
6333,474.92383
6388,474.92383
6048,474.92383
6322,474.92383
6405,474.92383
6523,474.92383
