True,Pred
4323,637.15875
4825,637.15875
4462,637.15875
4642,637.15875
4369,637.15875
4672,637.15875
4661,637.15875
4655,637.15875
4716,637.15875
4377,637.15875
4484,637.15875
4911,637.15875
5218,637.15875
5759,637.15875
5456,637.15875
5359,637.15875
5305,637.15875
5769,637.15875
5565,637.15875
5367,637.15875
5633,637.15875
5664,637.15875
6082,637.15875
6505,637.15875
5813,637.15875
6379,637.15875
6091,637.15875
6219,637.15875
6052,637.15875
6105,637.15875
6030,637.15875
5969,637.15875
5707,637.15875
5681,637.15875
6052,637.15875
5904,637.15875
5426,637.15875
6005,637.15875
5766,637.15875
5946,637.15875
5981,637.15875
6104,637.15875
5991,637.15875
5670,637.15875
5709,637.15875
5416,637.15875
5793,637.15875
