True,Pred
5750,419.98404
5399,418.23355
6123,418.209
5730,418.20865
6015,418.20865
5989,418.20865
6333,418.20865
6388,418.20865
6048,418.20865
6322,418.20865
6405,418.20865
6523,418.20865
