True,Pred
5750,489.56647
5399,482.6769
6123,482.45602
5730,482.4488
6015,482.44855
5989,482.44855
6333,482.44855
6388,482.44855
6048,482.44855
6322,482.44855
6405,482.44855
6523,482.44855
