True,Pred
4323,396.15863
4825,396.15863
4462,396.15863
4642,396.15863
4369,396.15863
4672,396.15863
4661,396.15863
4655,396.15863
4716,396.15863
4377,396.15863
4484,396.15863
4911,396.15863
5218,396.15863
5759,396.15863
5456,396.15863
5359,396.15863
5305,396.15863
5769,396.15863
5565,396.15863
5367,396.15863
5633,396.15863
5664,396.15863
6082,396.15863
6505,396.15863
5813,396.15863
6379,396.15863
6091,396.15863
6219,396.15863
6052,396.15863
6105,396.15863
6030,396.15863
5969,396.15863
5707,396.15863
5681,396.15863
6052,396.15863
5904,396.15863
5426,396.15863
6005,396.15863
5766,396.15863
5946,396.15863
5981,396.15863
6104,396.15863
5991,396.15863
5670,396.15863
5709,396.15863
5416,396.15863
5793,396.15863
