True,Pred
4323,424.95148
4825,424.95148
4462,424.95148
4642,424.95148
4369,424.95148
4672,424.95148
4661,424.95148
4655,424.95148
4716,424.95148
4377,424.95148
4484,424.95148
4911,424.95148
5218,424.95148
5759,424.95148
5456,424.95148
5359,424.95148
5305,424.95148
5769,424.95148
5565,424.95148
5367,424.95148
5633,424.95148
5664,424.95148
6082,424.95148
6505,424.95148
5813,424.95148
6379,424.95148
6091,424.95148
6219,424.95148
6052,424.95148
6105,424.95148
6030,424.95148
5969,424.95148
5707,424.95148
5681,424.95148
6052,424.95148
5904,424.95148
5426,424.95148
6005,424.95148
5766,424.95148
5946,424.95148
5981,424.95148
6104,424.95148
5991,424.95148
5670,424.95148
5709,424.95148
5416,424.95148
5793,424.95148
