True,Pred
4323,420.81903
4825,420.81903
4462,420.81903
4642,420.81903
4369,420.81903
4672,420.81903
4661,420.81903
4655,420.81903
4716,420.81903
4377,420.81903
4484,420.81903
4911,420.81903
5218,420.81903
5759,420.81903
5456,420.81903
5359,420.81903
5305,420.81903
5769,420.81903
5565,420.81903
5367,420.81903
5633,420.81903
5664,420.81903
6082,420.81903
6505,420.81903
5813,420.81903
6379,420.81903
6091,420.81903
6219,420.81903
6052,420.81903
6105,420.81903
6030,420.81903
5969,420.81903
5707,420.81903
5681,420.81903
6052,420.81903
5904,420.81903
5426,420.81903
6005,420.81903
5766,420.81903
5946,420.81903
5981,420.81903
6104,420.81903
5991,420.81903
5670,420.81903
5709,420.81903
5416,420.81903
5793,420.81903
