True,Pred
5750,637.15875
5399,637.007
6123,637.00684
5730,637.00684
6015,637.00684
5989,637.00684
6333,637.00684
6388,637.00684
6048,637.00684
6322,637.00684
6405,637.00684
6523,637.00684
