True,Pred
5750,476.47614
5399,470.7933
6123,470.615
5730,470.60934
6015,470.60913
5989,470.60913
6333,470.60913
6388,470.60913
6048,470.60913
6322,470.60913
6405,470.60913
6523,470.60913
