True,Pred
5750,810.71936
5399,810.2874
6123,810.28625
5730,810.28625
6015,810.28625
5989,810.28625
6333,810.28625
6388,810.28625
6048,810.28625
6322,810.28625
6405,810.28625
6523,810.28625
