True,Pred
5750,579.2655
5399,577.06024
6123,577.02435
5730,577.02374
6015,577.02374
5989,577.02374
6333,577.02374
6388,577.02374
6048,577.02374
6322,577.02374
6405,577.02374
6523,577.02374
