True,Pred
5750,922.75385
5399,922.6239
6123,922.62384
5730,922.62384
6015,922.62384
5989,922.62384
6333,922.62384
6388,922.62384
6048,922.62384
6322,922.62384
6405,922.62384
6523,922.62384
