True,Pred
5750,518.2672
5399,514.66797
6123,514.5882
5730,514.58636
6015,514.5863
5989,514.5863
6333,514.5863
6388,514.5863
6048,514.5863
6322,514.5863
6405,514.5863
6523,514.5863
