True,Pred
5750,457.1231
5399,456.98334
6123,456.98306
5730,456.98306
6015,456.98306
5989,456.98306
6333,456.98306
6388,456.98306
6048,456.98306
6322,456.98306
6405,456.98306
6523,456.98306
