True,Pred
5750,380.17374
5399,375.8454
6123,375.70743
5730,375.70294
6015,375.70282
5989,375.70282
6333,375.70282
6388,375.70282
6048,375.70282
6322,375.70282
6405,375.70282
6523,375.70282
