True,Pred
5750,387.7689
5399,387.05817
6123,387.05365
5730,387.05365
6015,387.05365
5989,387.05365
6333,387.05365
6388,387.05365
6048,387.05365
6322,387.05365
6405,387.05365
6523,387.05365
