True,Pred
4323,498.86075
4825,498.86075
4462,498.86075
4642,498.86075
4369,498.86075
4672,498.86075
4661,498.86075
4655,498.86075
4716,498.86075
4377,498.86075
4484,498.86075
4911,498.86075
5218,498.86075
5759,498.86075
5456,498.86075
5359,498.86075
5305,498.86075
5769,498.86075
5565,498.86075
5367,498.86075
5633,498.86075
5664,498.86075
6082,498.86075
6505,498.86075
5813,498.86075
6379,498.86075
6091,498.86075
6219,498.86075
6052,498.86075
6105,498.86075
6030,498.86075
5969,498.86075
5707,498.86075
5681,498.86075
6052,498.86075
5904,498.86075
5426,498.86075
6005,498.86075
5766,498.86075
5946,498.86075
5981,498.86075
6104,498.86075
5991,498.86075
5670,498.86075
5709,498.86075
5416,498.86075
5793,498.86075
