,RMSE,MAE,MAPE,PI Width,CI Coverage,PI Overlap
mean,283.30292842099647,238.62201334635418,3.8824498613619585,0.0,0.0,0.0
median,283.16855717740714,238.4786376953125,3.8797468424218593,0.0,0.0,0.0
std,6.641132306296236,6.677353983478336,0.10422882035195033,0.0,0.0,0.0
