,RMSE,MAE,MAPE,PI Width,CI Coverage,PI Overlap
mean,419.36295302742354,362.51053331163195,5.83181848015034,0.0,0.0,0.0
std,7.381446484210525,6.511904968305977,0.10267448083565082,0.0,0.0,0.0
