,RMSE,MAE,MAPE,PI Width,CI Coverage,PI Overlap
mean,280.43478632652426,236.402629937066,3.854608110407763,0.0,0.0,0.0
median,269.07260446952716,224.72603352864581,3.668410559436601,0.0,0.0,0.0
std,58.54827264361641,54.107946634372794,0.8555376250982601,0.0,0.0,0.0
