,RMSE,MAE,MAPE,PI Width,CI Coverage,PI Overlap
mean,292.06103859012836,236.97395729443707,4.358914254215917,0.0,0.0,0.0
median,292.173807186894,236.8773582945479,4.35582279844108,0.0,0.0,0.0
std,1.1082770337133603,0.4629253856850808,0.01515753994444403,0.0,0.0,0.0
