,RMSE,MAE,MAPE,PI Width,CI Coverage,PI Overlap
mean,305.8123999051811,260.94595269097215,4.271826245567055,0.0,0.0,0.0
median,298.6604794843455,254.06917317708334,4.14968395431678,0.0,0.0,0.0
std,39.96545320907889,41.41950045767821,0.6939013268525853,0.0,0.0,0.0
