,RMSE,MAE,MAPE,PI Width,CI Coverage,PI Overlap
mean,496.81782893696476,430.40068495008677,6.946964158271794,0.0,0.0,0.0
median,341.84786236949856,291.85736083984375,4.75326794243257,0.0,0.0,0.0
std,214.01783565257352,192.46179218362298,3.049679064927518,0.0,0.0,0.0
