,RMSE,MAE,MAPE,PI Width,CI Coverage,PI Overlap
mean,2667.4992426508097,2538.7566714816626,28.256169723212988,0.0,0.0,0.0
std,398.81006166856787,404.2128172186819,4.568053596367552,0.0,0.0,0.0
