,RMSE,MAE,MAPE,PI Width,CI Coverage,PI Overlap
mean,485.8333047109489,424.66782090928814,6.839199504148771,0.0,0.0,0.0
median,502.72894604682426,437.53251139322913,7.0268874851406355,0.0,0.0,0.0
std,121.87433493022961,114.49095130875571,1.8140240604131188,0.0,0.0,0.0
