,RMSE,MAE,MAPE,PI Width,CI Coverage,PI Overlap
mean,1509.7109663834963,1325.1728379991318,21.314185240815338,0.0,0.0,0.0
median,1092.3265718170176,983.6749267578125,15.896966142399236,0.0,0.0,0.0
std,1455.7810022554092,1221.7029331121885,19.58327370414657,0.0,0.0,0.0
