,RMSE,MAE,MAPE,PI Width,CI Coverage,PI Overlap
mean,381.7245588655433,329.20561659071177,5.328694227649697,0.0,0.0,0.0
median,351.6146253584693,304.9272257486979,4.954789432185139,0.0,0.0,0.0
std,106.42998274429098,96.42130224105144,1.5247530672026979,0.0,0.0,0.0
