,RMSE,MAE,MAPE,PI Width,CI Coverage,PI Overlap
mean,421.50852231450494,364.6989149305556,5.884894988356065,0.0,0.0,0.0
median,424.15678738042106,368.0382080078125,5.936050993043784,0.0,0.0,0.0
std,38.94482483121594,33.23563978765319,0.5156013122937697,0.0,0.0,0.0
