,RMSE,MAE,MAPE,PI Width,CI Coverage,PI Overlap
mean,470.09796562302233,410.56541612413196,6.614548833801563,0.0,0.0,0.0
std,80.98784796293054,73.87784970321115,1.1643222782488303,0.0,0.0,0.0
