,RMSE,MAE,MAPE,PI Width,CI Coverage,PI Overlap
mean,549.1293833911762,486.20804850260424,7.807037779123024,0.0,0.0,0.0
median,545.5622101359668,482.5625,7.748448124759038,0.0,0.0,0.0
std,6.458733288954469,6.607419638819375,0.10619154637490094,0.0,0.0,0.0
