,RMSE,MAE,MAPE,PI Width,CI Coverage,PI Overlap
mean,573.4441410826889,503.6039605034722,8.096602510884525,0.0,0.0,0.0
median,562.9471504139249,492.43965657552087,7.911428198251163,0.0,0.0,0.0
std,135.62510481921998,123.21941731177138,1.9596805503171573,0.0,0.0,0.0
