,RMSE,MAE,MAPE,PI Width,CI Coverage,PI Overlap
mean,368.8059363423421,284.2100866699219,5.222700684559564,0.0,0.0,0.0
median,369.0561045254789,280.2042541503906,5.250593562837469,0.0,0.0,0.0
std,44.82741181422578,39.624421171526194,0.7174601860633077,0.0,0.0,0.0
