,RMSE,MAE,MAPE,PI Width,CI Coverage,PI Overlap
mean,500.1738550585565,429.70368245442717,6.902442018327042,0.0,0.0,0.0
median,499.30461794466635,429.00089518229163,6.891358715568575,0.0,0.0,0.0
std,6.143304353402242,4.921426299533592,0.07732975433551682,0.0,0.0,0.0
