,RMSE,MAE,MAPE,PI Width,CI Coverage,PI Overlap
mean,574.4412698183387,504.50788167317717,8.103802105673939,0.0,0.0,0.0
median,568.2880965674377,499.96274820963544,8.031373157477784,0.0,0.0,0.0
std,113.49314893211888,102.93215341024316,1.6372023344310795,0.0,0.0,0.0
