,RMSE,MAE,MAPE,PI Width,CI Coverage,PI Overlap
mean,324.6832215140529,278.39078911675347,4.533382010686433,0.0,0.0,0.0
std,17.198209476770035,16.455363330071854,0.2533156140412165,0.0,0.0,0.0
