,RMSE,MAE,MAPE,PI Width,CI Coverage,PI Overlap
mean,660.3064801137581,590.6199883355034,9.483738170340988,0.0,0.0,0.0
median,626.8522433140838,558.5635986328125,8.966497190160517,0.0,0.0,0.0
std,116.14308003934889,110.76903939423448,1.7785541066995392,0.0,0.0,0.0
