,RMSE,MAE,MAPE,PI Width,CI Coverage,PI Overlap
mean,273.7190359846525,211.2039360232469,3.8165065268800102,0.0,0.0,0.0
std,9.1781008980226,9.278922357034837,0.17096474688360466,0.0,0.0,0.0
