,RMSE,MAE,MAPE,PI Width,CI Coverage,PI Overlap
mean,3048.9686946393176,2917.6245029025604,32.53765716805087,0.0,0.0,0.0
std,576.7445726577095,577.0594999518187,6.53343871715794,0.0,0.0,0.0
