,RMSE,MAE,MAPE,PI Width,CI Coverage,PI Overlap
mean,280.1034403860565,220.26618718327703,3.9076690676847146,0.0,0.0,0.0
median,271.1373069963629,210.84082691089526,3.7508255508374164,0.0,0.0,0.0
std,41.8994167151244,40.05018755463444,0.698888609530437,0.0,0.0,0.0
