,RMSE,MAE,MAPE,PI Width,CI Coverage,PI Overlap
mean,299.2569406539787,253.22840169270833,4.187365722791986,0.0,0.0,0.0
median,275.4153625081849,228.76625569661456,3.7841054711147564,0.0,0.0,0.0
std,93.71229033284281,94.38428582014083,1.5404007399897899,0.0,0.0,0.0
