,RMSE,MAE,MAPE,PI Width,CI Coverage,PI Overlap
mean,276.1834593857466,214.8748349144345,3.924556614025976,0.0,0.0,0.0
median,276.177830952877,214.80213564918154,3.9221985922660325,0.0,0.0,0.0
std,2.4105744810957135,0.6717390930733714,0.017931784085979764,0.0,0.0,0.0
