,RMSE,MAE,MAPE,PI Width,CI Coverage,PI Overlap
mean,365.733463544028,314.57200656467006,5.086085443962632,0.0,0.0,0.0
median,365.3347226247102,314.0862223307292,5.078349745971625,0.0,0.0,0.0
std,5.267688614143787,4.868444276179386,0.07630518760235759,0.0,0.0,0.0
