,RMSE,MAE,MAPE,PI Width,CI Coverage,PI Overlap
mean,285.8893383733501,230.17455799377043,3.9703594734480556,0.0,0.0,0.0
std,1.9196559001258597,1.3834084431273115,0.021919694451936183,0.0,0.0,0.0
