,RMSE,MAE,MAPE,PI Width,CI Coverage,PI Overlap
mean,477.21742741278797,416.37461615668406,6.721099894345471,0.0,0.0,0.0
median,465.18818554507936,406.80108642578125,6.545373179087926,0.0,0.0,0.0
std,159.37801082358644,147.42245714334595,2.331199270571898,0.0,0.0,0.0
