,RMSE,MAE,MAPE,PI Width,CI Coverage,PI Overlap
mean,436.2464205260752,377.50412868923615,6.085696460596424,0.0,0.0,0.0
median,426.9211885467854,370.32293701171875,5.971800759125006,0.0,0.0,0.0
std,51.923679215974936,44.42903313900696,0.6938869082960963,0.0,0.0,0.0
