,RMSE,MAE,MAPE,PI Width,CI Coverage,PI Overlap
mean,6076.109943495742,6067.424049299996,99.69930852126471,0.0,0.0,0.0
median,6083.473412596939,6074.735473627845,99.81876374230083,0.0,0.0,0.0
std,20.736847126364346,20.756001252119873,0.3418937186916912,0.0,0.0,0.0
