,RMSE,MAE,MAPE,PI Width,CI Coverage,PI Overlap
mean,5568.368589748974,5540.029276210613,99.49777146119801,0.0,0.0,0.0
median,5573.608496172921,5545.296219587326,99.59342791143754,0.0,0.0,0.0
std,20.403300220248784,20.508299352583116,0.37247384676913436,0.0,0.0,0.0
