True,Pred
4642,19.377703
4369,19.377703
4672,19.377703
4661,19.377703
4655,19.377703
4716,19.377703
4377,19.377703
4484,19.377703
4911,19.377703
5218,19.377703
5759,19.377703
5456,19.377703
5359,19.377703
5305,19.377703
5769,19.377703
5565,19.377703
5367,19.377703
5633,19.377703
5664,19.377703
6082,19.377703
6505,19.377703
5813,19.377703
6379,19.377703
6091,19.377703
6219,19.377703
6052,19.377703
6105,19.377703
6030,19.377703
5969,19.377703
5707,19.377703
5681,19.377703
6052,19.377703
5904,19.377703
5426,19.377703
6005,19.377703
5766,19.377703
5946,19.377703
5981,19.377703
6104,19.377703
5991,19.377703
5670,19.377703
5709,19.377703
5416,19.377703
5793,19.377703
