True,Pred
5750,3.576747
5399,3.0062943
6123,2.2156503
5730,1.2922021
6015,0.33921638
5989,0.27830076
6333,0.23121399
6388,0.20239875
6048,0.18941334
6322,0.18812442
6405,0.18730173
6523,0.18688384
