True,Pred
5750,2.5600247
5399,2.0434968
6123,1.4783158
5730,0.90158075
6015,0.32185715
5989,0.27692303
6333,0.23950002
6388,0.2127564
6048,0.19875944
6322,0.19666368
6405,0.19523033
6523,0.19440234
