True,Pred
4642,30.194365
4369,30.194365
4672,30.194365
4661,30.194365
4655,30.194365
4716,30.194365
4377,30.194365
4484,30.194365
4911,30.194365
5218,30.194365
5759,30.194365
5456,30.194365
5359,30.194365
5305,30.194365
5769,30.194365
5565,30.194365
5367,30.194365
5633,30.194365
5664,30.194365
6082,30.194365
6505,30.194365
5813,30.194365
6379,30.194365
6091,30.194365
6219,30.194365
6052,30.194365
6105,30.194365
6030,30.194365
5969,30.194365
5707,30.194365
5681,30.194365
6052,30.194365
5904,30.194365
5426,30.194365
6005,30.194365
5766,30.194365
5946,30.194365
5981,30.194365
6104,30.194365
5991,30.194365
5670,30.194365
5709,30.194365
5416,30.194365
5793,30.194365
