True,Pred
5750,10.09816
5399,8.953149
6123,7.17467
5730,4.724292
6015,1.9343982
5989,1.4773403
6333,1.0087845
6388,0.63394403
6048,0.42476767
6322,0.36578882
6405,0.32364613
6523,0.2986794
