True,Pred
4642,19.256395
4369,19.256395
4672,19.256395
4661,19.256395
4655,19.256395
4716,19.256395
4377,19.256395
4484,19.256395
4911,19.256395
5218,19.256395
5759,19.256395
5456,19.256395
5359,19.256395
5305,19.256395
5769,19.256395
5565,19.256395
5367,19.256395
5633,19.256395
5664,19.256395
6082,19.256395
6505,19.256395
5813,19.256395
6379,19.256395
6091,19.256395
6219,19.256395
6052,19.256395
6105,19.256395
6030,19.256395
5969,19.256395
5707,19.256395
5681,19.256395
6052,19.256395
5904,19.256395
5426,19.256395
6005,19.256395
5766,19.256395
5946,19.256395
5981,19.256395
6104,19.256395
5991,19.256395
5670,19.256395
5709,19.256395
5416,19.256395
5793,19.256395
