True,Pred
5750,13.1817665
5399,11.819192
6123,9.650897
5730,6.694929
6015,2.7758899
5989,2.087618
6333,1.3575902
6388,0.77823365
6048,0.45777574
6322,0.37153235
6405,0.31377488
6523,0.2826159
