True,Pred
5750,7.9153786
5399,6.9769573
6123,5.3805423
5730,3.331079
6015,1.1261423
5989,0.9176802
6333,0.6711641
6388,0.4578559
6048,0.33478442
6322,0.31027082
6405,0.28942066
6523,0.2759399
