True,Pred
4642,33.77806
4369,33.77806
4672,33.77806
4661,33.77806
4655,33.77806
4716,33.77806
4377,33.77806
4484,33.77806
4911,33.77806
5218,33.77806
5759,33.77806
5456,33.77806
5359,33.77806
5305,33.77806
5769,33.77806
5565,33.77806
5367,33.77806
5633,33.77806
5664,33.77806
6082,33.77806
6505,33.77806
5813,33.77806
6379,33.77806
6091,33.77806
6219,33.77806
6052,33.77806
6105,33.77806
6030,33.77806
5969,33.77806
5707,33.77806
5681,33.77806
6052,33.77806
5904,33.77806
5426,33.77806
6005,33.77806
5766,33.77806
5946,33.77806
5981,33.77806
6104,33.77806
5991,33.77806
5670,33.77806
5709,33.77806
5416,33.77806
5793,33.77806
