True,Pred
5750,22.118868
5399,21.369738
6123,19.645382
5730,16.47288
6015,10.682684
5989,9.7602215
6333,8.29809
6388,6.3881936
6048,4.458376
6322,3.634766
6405,2.7280452
6523,1.9209839
