True,Pred
4642,58.102264
4369,58.102264
4672,58.102264
4661,58.102264
4655,58.102264
4716,58.102264
4377,58.102264
4484,58.102264
4911,58.102264
5218,58.102264
5759,58.102264
5456,58.102264
5359,58.102264
5305,58.102264
5769,58.102264
5565,58.102264
5367,58.102264
5633,58.102264
5664,58.102264
6082,58.102264
6505,58.102264
5813,58.102264
6379,58.102264
6091,58.102264
6219,58.102264
6052,58.102264
6105,58.102264
6030,58.102264
5969,58.102264
5707,58.102264
5681,58.102264
6052,58.102264
5904,58.102264
5426,58.102264
6005,58.102264
5766,58.102264
5946,58.102264
5981,58.102264
6104,58.102264
5991,58.102264
5670,58.102264
5709,58.102264
5416,58.102264
5793,58.102264
