True,Pred
4642,22.658358
4369,22.6563
4672,22.658089
4661,22.657463
4655,22.658047
4716,22.656277
4377,22.656248
4484,22.656755
4911,22.65742
5218,22.65827
5759,22.656002
5456,22.653088
5359,22.651756
5305,22.651148
5769,22.651741
5565,22.651743
5367,22.651493
5633,22.651022
5664,22.651356
6082,22.651423
6505,22.650803
5813,22.650412
6379,22.649994
6091,22.649895
6219,22.650196
6052,22.649836
6105,22.650007
6030,22.649973
5969,22.65009
5707,22.6501
5681,22.650286
6052,22.65052
5904,22.6507
5426,22.65054
6005,22.65045
5766,22.650728
5946,22.651016
5981,22.650352
6104,22.650465
5991,22.650223
5670,22.65016
5709,22.650236
5416,22.650522
5793,22.650991
