True,Pred
4642,18.209133
4369,18.209133
4672,18.209133
4661,18.209133
4655,18.209133
4716,18.209133
4377,18.209133
4484,18.209133
4911,18.209133
5218,18.209133
5759,18.209133
5456,18.209133
5359,18.209133
5305,18.209133
5769,18.209133
5565,18.209133
5367,18.209133
5633,18.209133
5664,18.209133
6082,18.209133
6505,18.209133
5813,18.209133
6379,18.209133
6091,18.209133
6219,18.209133
6052,18.209133
6105,18.209133
6030,18.209133
5969,18.209133
5707,18.209133
5681,18.209133
6052,18.209133
5904,18.209133
5426,18.209133
6005,18.209133
5766,18.209133
5946,18.209133
5981,18.209133
6104,18.209133
5991,18.209133
5670,18.209133
5709,18.209133
5416,18.209133
5793,18.209133
