True,Pred
5750,7.5579724
5399,6.61909
6123,5.2094154
5730,3.3512087
6015,1.2830799
5989,0.955168
6333,0.6475173
6388,0.4178385
6048,0.28931034
6322,0.25554678
6405,0.23186986
6523,0.21815231
