True,Pred
5750,13.006823
5399,12.064847
6123,10.340715
5730,7.6247625
6015,2.9027224
5989,2.3695476
6333,1.7255028
6388,1.0881737
6048,0.63260794
6322,0.5275825
6405,0.4400443
6523,0.3812183
