True,Pred
5750,44.841824
5399,44.10184
6123,42.003742
5730,37.557117
6015,30.65627
5989,29.96069
6333,28.750414
6388,27.107605
6048,25.44523
6322,24.927525
6405,24.22346
6523,23.44367
