True,Pred
5750,13.960367
5399,13.007542
6123,11.507659
5730,9.08078
6015,4.9287696
5989,4.0735135
6333,3.023879
6388,1.9586141
6048,1.1566178
6322,0.8411091
6405,0.5875379
6523,0.4197607
