True,Pred
4642,52.540043
4369,52.540043
4672,52.540043
4661,52.540043
4655,52.540043
4716,52.540043
4377,52.540043
4484,52.540043
4911,52.540043
5218,52.540043
5759,52.540043
5456,52.540043
5359,52.540043
5305,52.540043
5769,52.540043
5565,52.540043
5367,52.540043
5633,52.540043
5664,52.540043
6082,52.540043
6505,52.540043
5813,52.540043
6379,52.540043
6091,52.540043
6219,52.540043
6052,52.540043
6105,52.540043
6030,52.540043
5969,52.540043
5707,52.540043
5681,52.540043
6052,52.540043
5904,52.540043
5426,52.540043
6005,52.540043
5766,52.540043
5946,52.540043
5981,52.540043
6104,52.540043
5991,52.540043
5670,52.540043
5709,52.540043
5416,52.540043
5793,52.540043
