True,Pred
5750,12.289342
5399,11.39964
6123,9.751618
5730,6.9704742
6015,2.6935186
5989,2.118933
6333,1.4746898
6388,0.89412206
6048,0.51903665
6322,0.43061852
6405,0.36239958
6523,0.31851846
