True,Pred
5750,11.933363
5399,10.958699
6123,9.194982
5730,6.4495697
6015,2.2833467
5989,1.7562045
6333,1.2031668
6388,0.75203556
6048,0.48245835
6322,0.4274107
6405,0.38536248
6523,0.3599649
