True,Pred
4642,13.181766
4369,13.1817665
4672,13.181766
4661,13.181766
4655,13.181766
4716,13.181766
4377,13.181766
4484,13.181766
4911,13.181766
5218,13.181766
5759,13.181766
5456,13.1817665
5359,13.1817665
5305,13.1817665
5769,13.1817665
5565,13.1817665
5367,13.1817665
5633,13.1817665
5664,13.1817665
6082,13.1817665
6505,13.1817665
5813,13.1817665
6379,13.1817665
6091,13.1817665
6219,13.1817665
6052,13.1817665
6105,13.1817665
6030,13.1817665
5969,13.1817665
5707,13.1817665
5681,13.1817665
6052,13.1817665
5904,13.1817665
5426,13.1817665
6005,13.1817665
5766,13.1817665
5946,13.1817665
5981,13.1817665
6104,13.1817665
5991,13.1817665
5670,13.1817665
5709,13.1817665
5416,13.1817665
5793,13.1817665
