True,Pred
4642,24.00997
4369,24.00997
4672,24.00997
4661,24.00997
4655,24.00997
4716,24.00997
4377,24.00997
4484,24.00997
4911,24.00997
5218,24.00997
5759,24.00997
5456,24.00997
5359,24.00997
5305,24.00997
5769,24.00997
5565,24.00997
5367,24.00997
5633,24.00997
5664,24.00997
6082,24.00997
6505,24.00997
5813,24.00997
6379,24.00997
6091,24.00997
6219,24.00997
6052,24.00997
6105,24.00997
6030,24.00997
5969,24.00997
5707,24.00997
5681,24.00997
6052,24.00997
5904,24.00997
5426,24.00997
6005,24.00997
5766,24.00997
5946,24.00997
5981,24.00997
6104,24.00997
5991,24.00997
5670,24.00997
5709,24.00997
5416,24.00997
5793,24.00997
