True,Pred
5750,7.847085
5399,7.0270696
6123,5.7064466
5730,3.8572593
6015,1.514667
5989,1.170652
6333,0.82413256
6388,0.5463044
6048,0.37796485
6322,0.33547682
6405,0.30374134
6523,0.28467432
