True,Pred
5750,65.2196
5399,64.6346
6123,63.09692
5730,58.928146
6015,46.58399
5989,46.167397
6333,45.302803
6388,43.77163
6048,41.653973
6322,41.402836
6405,40.995438
6523,40.451843
