True,Pred
5750,24.00997
5399,23.484098
6123,22.148554
5730,19.50938
6015,13.94587
5989,13.230686
6333,12.048881
6388,10.454002
6048,8.678419
6322,7.8646197
6405,6.843251
6523,5.7568393
