True,Pred
4642,44.31249
4369,44.31249
4672,44.31249
4661,44.31249
4655,44.31249
4716,44.31249
4377,44.31249
4484,44.31249
4911,44.31249
5218,44.31249
5759,44.31249
5456,44.31249
5359,44.31249
5305,44.31249
5769,44.31249
5565,44.31249
5367,44.31249
5633,44.31249
5664,44.31249
6082,44.31249
6505,44.31249
5813,44.31249
6379,44.31249
6091,44.31249
6219,44.31249
6052,44.31249
6105,44.31249
6030,44.31249
5969,44.31249
5707,44.31249
5681,44.31249
6052,44.31249
5904,44.31249
5426,44.31249
6005,44.31249
5766,44.31249
5946,44.31249
5981,44.31249
6104,44.31249
5991,44.31249
5670,44.31249
5709,44.31249
5416,44.31249
5793,44.31249
