True,Pred
4642,53.771664
4369,53.771664
4672,53.771664
4661,53.771664
4655,53.771664
4716,53.771664
4377,53.771664
4484,53.771664
4911,53.771664
5218,53.771664
5759,53.771664
5456,53.771664
5359,53.771664
5305,53.771664
5769,53.771664
5565,53.771664
5367,53.771664
5633,53.771664
5664,53.771664
6082,53.771664
6505,53.771664
5813,53.771664
6379,53.771664
6091,53.771664
6219,53.771664
6052,53.771664
6105,53.771664
6030,53.771664
5969,53.771664
5707,53.771664
5681,53.771664
6052,53.771664
5904,53.771664
5426,53.771664
6005,53.771664
5766,53.771664
5946,53.771664
5981,53.771664
6104,53.771664
5991,53.771664
5670,53.771664
5709,53.771664
5416,53.771664
5793,53.771664
