True,Pred
5750,19.256395
5399,18.467455
6123,16.822912
5730,13.667922
6015,8.144048
5989,7.3155203
6333,6.124438
6388,4.684709
6048,3.293138
6322,2.6834953
6405,2.0276043
6523,1.4521862
