True,Pred
4642,15.768635
4369,15.768635
4672,15.768635
4661,15.768635
4655,15.768635
4716,15.768635
4377,15.768635
4484,15.768635
4911,15.768635
5218,15.768635
5759,15.768635
5456,15.768635
5359,15.768635
5305,15.768635
5769,15.768635
5565,15.768635
5367,15.768635
5633,15.768635
5664,15.768635
6082,15.768635
6505,15.768635
5813,15.768635
6379,15.768635
6091,15.768635
6219,15.768635
6052,15.768635
6105,15.768635
6030,15.768635
5969,15.768635
5707,15.768635
5681,15.768635
6052,15.768635
5904,15.768635
5426,15.768635
6005,15.768635
5766,15.768635
5946,15.768635
5981,15.768635
6104,15.768635
5991,15.768635
5670,15.768635
5709,15.768635
5416,15.768635
5793,15.768635
