True,Pred
5750,29.112724
5399,28.385574
6123,26.357506
5730,22.223587
6015,12.870862
5989,12.090298
6333,10.71668
6388,8.736921
6048,6.438013
6322,5.620038
6405,4.5666156
6523,3.4690738
