True,Pred
5750,22.639994
5399,21.985489
6123,20.432392
5730,17.578564
6015,11.94838
5989,11.172294
6333,9.958043
6388,8.363558
6048,6.6150675
6322,5.8560057
6405,4.916246
6523,3.9432628
