,RMSE,MAE,MAPE,PI Width,CI Coverage,PI Overlap
mean,472.8246954987019,412.3320326063368,6.6194203339031334,0.0,0.0,0.0
median,474.8315964874873,414.1129353841146,6.6477916803396955,0.0,0.0,0.0
std,13.210395585206063,12.71260011459728,0.20354933729576527,0.0,0.0,0.0
