,RMSE,MAE,MAPE,PI Width,CI Coverage,PI Overlap
mean,588.6594730255347,510.2834771050347,8.186354749009372,0.0,0.0,0.0
median,585.19199994322,506.8887125651042,8.131206885682767,0.0,0.0,0.0
std,45.47444526354882,41.37891843119132,0.6609002351891764,0.0,0.0,0.0
