,RMSE,MAE,MAPE,PI Width,CI Coverage,PI Overlap
mean,346.2899714815546,297.2281643337674,4.802523778419769,0.0,0.0,0.0
median,294.35282955055027,250.1825968424479,4.060343748000163,0.0,0.0,0.0
std,68.07434029311575,62.64970446971819,0.9883356562209313,0.0,0.0,0.0
