,RMSE,MAE,MAPE,PI Width,CI Coverage,PI Overlap
mean,349.69082457629503,300.11462131076394,4.854049279309708,0.0,0.0,0.0
median,350.60862320347474,300.9375203450521,4.866808611499698,0.0,0.0,0.0
std,2.6905802593587933,2.4407082716997235,0.03814624591212007,0.0,0.0,0.0
