,RMSE,MAE,MAPE,PI Width,CI Coverage,PI Overlap
mean,359.81992557132713,308.4617065429687,4.992624782298425,0.0,0.0,0.0
median,348.8168015655744,299.6553955078125,4.857673551770018,0.0,0.0,0.0
std,30.181165043878103,26.89777896054665,0.41674831605154616,0.0,0.0,0.0
