,RMSE,MAE,MAPE,PI Width,CI Coverage,PI Overlap
mean,570.835381882219,507.6419189453125,8.153867068099803,0.0,0.0,0.0
median,563.2324409196224,500.5989990234375,8.038322815210886,0.0,0.0,0.0
std,75.9817090973394,77.28458575256586,1.2530896643023637,0.0,0.0,0.0
