,RMSE,MAE,MAPE,PI Width,CI Coverage,PI Overlap
mean,338.60781714404754,269.1619624936484,4.878075132112051,0.0,0.0,0.0
median,339.6529240390189,264.5871343845274,4.873495612509508,0.0,0.0,0.0
std,39.66237441922738,33.412861619604975,0.5952674708622184,0.0,0.0,0.0
