,RMSE,MAE,MAPE,PI Width,CI Coverage,PI Overlap
mean,749.614545382098,672.2482706705729,10.796703939627795,0.0,0.0,0.0
median,755.6069521408014,676.9377644856771,10.870938954520899,0.0,0.0,0.0
std,39.44795713821681,35.53303773032111,0.5688337483479247,0.0,0.0,0.0
