,RMSE,MAE,MAPE,PI Width,CI Coverage,PI Overlap
mean,582.6566911555815,520.1175265842014,8.352016017389428,0.0,0.0,0.0
median,582.8751657031197,520.3355305989583,8.35551968216455,0.0,0.0,0.0
std,0.6140033505749343,0.6126490046407119,0.009846225719585712,0.0,0.0,0.0
