,RMSE,MAE,MAPE,PI Width,CI Coverage,PI Overlap
mean,582.811357564278,520.2716471354167,8.354492975196912,0.0,0.0,0.0
median,582.9443345809475,520.4045003255209,8.356628133317507,0.0,0.0,0.0
std,0.847245924112586,0.8446182067596691,0.013574332852307247,0.0,0.0,0.0
