,RMSE,MAE,MAPE,PI Width,CI Coverage,PI Overlap
mean,522.50214567792,419.245056733631,7.831141774944559,0.0,0.0,0.0
median,522.5115765986136,419.3198009672619,7.832110909855441,0.0,0.0,0.0
std,0.0266385044381454,0.21005108730538447,0.002723525707432703,0.0,0.0,0.0
