,RMSE,MAE,MAPE,PI Width,CI Coverage,PI Overlap
mean,384.4283362344252,330.47551133897565,5.336527978480729,0.0,0.0,0.0
median,372.08406248601773,321.15946451822913,5.187157759540664,0.0,0.0,0.0
std,63.180017807720375,55.74723048324935,0.8710970886410525,0.0,0.0,0.0
