,RMSE,MAE,MAPE,PI Width,CI Coverage,PI Overlap
mean,253.5931123173195,196.3867081925676,3.443899969366531,0.0,0.0,0.0
std,7.734197288994514,4.719808272036532,0.08839578818482245,0.0,0.0,0.0
