,RMSE,MAE,MAPE,PI Width,CI Coverage,PI Overlap
mean,282.0027871264071,224.29915285188005,4.1099630140250385,0.0,0.0,0.0
std,16.10260385958693,11.611677192107882,0.24071953295326584,0.0,0.0,0.0
