,RMSE,MAE,MAPE,PI Width,CI Coverage,PI Overlap
mean,227.75320698877903,191.5897230360243,3.172461345026701,0.0,0.0,0.0
median,221.39282734847808,188.4926961263021,3.1237003921223696,0.0,0.0,0.0
std,21.9182399924611,19.052866028606964,0.2814313325649398,0.0,0.0,0.0
