,RMSE,MAE,MAPE,PI Width,CI Coverage,PI Overlap
mean,427.3927440977094,372.27476671006946,6.025021258403098,0.0,0.0,0.0
median,406.95015810885866,353.9621988932292,5.70082948671333,0.0,0.0,0.0
std,111.98253544995627,104.33200477925214,1.6491063481115176,0.0,0.0,0.0
