,RMSE,MAE,MAPE,PI Width,CI Coverage,PI Overlap
mean,501.0937049000056,438.08648546006947,7.0381201932243185,0.0,0.0,0.0
median,476.4638600677297,413.93086751302087,6.642636475168609,0.0,0.0,0.0
std,130.56092024619926,121.83151457933026,1.9444879755586748,0.0,0.0,0.0
