,RMSE,MAE,MAPE,PI Width,CI Coverage,PI Overlap
mean,265.84528285331345,215.98457785505596,3.9076668279863216,0.0,0.0,0.0
std,7.979297648901037,6.479267754427071,0.13028356784016454,0.0,0.0,0.0
