True,Pred
5750,5758.387
5399,5201.9077
6123,5692.4766
5730,5291.575
6015,4634.896
5989,4942.9224
6333,3173.7117
6388,2684.2095
6048,2415.2976
6322,217.53276
6405,2148.113
6523,687.10547
