,RMSE,MAE,MAPE,PI Width,CI Coverage,PI Overlap
mean,425.7574058361229,366.7777601453993,5.912216670321855,0.0,0.0,0.0
median,428.23019548480283,370.09515380859375,5.9611502498175515,0.0,0.0,0.0
std,62.440018348086326,56.121180921411636,0.8692708830538523,0.0,0.0,0.0
