,RMSE,MAE,MAPE,PI Width,CI Coverage,PI Overlap
mean,284.17950705671956,239.9735310872396,3.930816239051728,0.0,0.0,0.0
std,35.049950165934575,31.98728722727233,0.49128900963720046,0.0,0.0,0.0
