,RMSE,MAE,MAPE,PI Width,CI Coverage,PI Overlap
mean,250.31426696966136,206.9958267536569,3.7845626111752435,0.0,0.0,0.0
median,247.19250211374742,204.8776803523936,3.759435555833057,0.0,0.0,0.0
std,11.399416145781702,7.804286988798357,0.14686863757053134,0.0,0.0,0.0
