,RMSE,MAE,MAPE,PI Width,CI Coverage,PI Overlap
mean,470.23370216694167,411.1632568359375,6.686542433239646,0.0,0.0,0.0
median,490.86269533235986,444.2217000325521,7.212393644379561,0.0,0.0,0.0
std,158.31353766630934,147.7570980554862,2.3131432871791175,0.0,0.0,0.0
