,RMSE,MAE,MAPE,PI Width,CI Coverage,PI Overlap
mean,306.40846948042196,258.70800238715276,4.221295734978875,0.0,0.0,0.0
median,311.95808881277554,264.36521402994794,4.310503104223986,0.0,0.0,0.0
std,19.397165307333083,19.146235186730124,0.3023853195408091,0.0,0.0,0.0
