,RMSE,MAE,MAPE,PI Width,CI Coverage,PI Overlap
mean,459.3685264740281,398.95054117838544,6.408685043191572,0.0,0.0,0.0
median,457.90359348091823,397.605224609375,6.3870933401448875,0.0,0.0,0.0
std,9.530282770477696,8.931660311155792,0.14273696795640356,0.0,0.0,0.0
