,RMSE,MAE,MAPE,PI Width,CI Coverage,PI Overlap
mean,417.9388207295838,363.86775716145837,5.854169082961178,0.0,0.0,0.0
median,457.1890278187519,398.2873331705729,6.398584840246827,0.0,0.0,0.0
std,56.9729882778685,49.85065568771184,0.7891828991264828,0.0,0.0,0.0
