True,Pred
5750,5279.116
5399,4715.4927
6123,4362.0107
5730,3409.9136
6015,3366.0955
5989,2104.3875
6333,1242.7804
6388,1192.1837
6048,496.89105
6322,959.0148
6405,420.09613
6523,1057.2728
