,RMSE,MAE,MAPE,PI Width,CI Coverage,PI Overlap
mean,262.0515624666745,219.42098795572917,3.6225753430501566,0.0,0.0,0.0
median,254.1610211451814,212.01057942708331,3.5083663937235485,0.0,0.0,0.0
std,40.14425179865441,35.06245464844614,0.5408527632496245,0.0,0.0,0.0
