,RMSE,MAE,MAPE,PI Width,CI Coverage,PI Overlap
mean,286.0316836903234,222.00704884572076,3.872394429947285,0.0,0.0,0.0
std,10.03022149939937,12.163290555205537,0.21453685277854254,0.0,0.0,0.0
