,RMSE,MAE,MAPE,PI Width,CI Coverage,PI Overlap
mean,260.042228472109,196.65744870847413,3.442076640642871,0.0,0.0,0.0
std,2.006929381907695,0.8847336027258997,0.01705149925284848,0.0,0.0,0.0
