,RMSE,MAE,MAPE,PI Width,CI Coverage,PI Overlap
mean,224.40740583904758,181.61167805989584,3.080274144821531,0.0,0.0,0.0
median,223.19598643908296,188.725927734375,3.165727783121511,0.0,0.0,0.0
std,43.29897384166504,41.21428623776502,0.6915524175784394,0.0,0.0,0.0
