,RMSE,MAE,MAPE,PI Width,CI Coverage,PI Overlap
mean,443.0870132624157,383.80942247178814,6.184638471774793,0.0,0.0,0.0
median,432.51087546310384,374.89803059895837,6.042515209847801,0.0,0.0,0.0
std,52.932464687445126,46.007141909262515,0.7223653210351053,0.0,0.0,0.0
