,RMSE,MAE,MAPE,PI Width,CI Coverage,PI Overlap
mean,277.7696461081199,218.88042308666087,3.7987382463646773,0.0,0.0,0.0
std,21.00678254452333,19.824171580080357,0.3766677011292957,0.0,0.0,0.0
