,RMSE,MAE,MAPE,PI Width,CI Coverage,PI Overlap
mean,282.34235985701343,232.1512405174366,4.324047744579088,0.0,0.0,0.0
median,281.5251705208045,232.0066077190897,4.30346919607385,0.0,0.0,0.0
std,2.1871792650041,2.373510043272944,0.05246621226552932,0.0,0.0,0.0
