,RMSE,MAE,MAPE,PI Width,CI Coverage,PI Overlap
mean,535.3665243142506,397.01590324280755,7.6207472775235185,0.0,0.0,0.0
median,535.6135681311038,396.73809523809524,7.620062321174641,0.0,0.0,0.0
std,4.44949940956799,0.8554734831573902,0.021000499367360804,0.0,0.0,0.0
