,RMSE,MAE,MAPE,PI Width,CI Coverage,PI Overlap
mean,471.80785026870103,405.2667561848958,6.509089222538525,0.0,0.0,0.0
median,470.5313944861616,403.55810546875,6.481148682822736,0.0,0.0,0.0
std,10.046106304767424,9.4186675098989,0.1487395654917949,0.0,0.0,0.0
