,RMSE,MAE,MAPE,PI Width,CI Coverage,PI Overlap
mean,268.0101610511386,209.78386590055723,3.775812290328503,0.0,0.0,0.0
median,271.52141675362583,210.09928574672966,3.7790469797694524,0.0,0.0,0.0
std,13.616888080484934,8.467052830295856,0.14489436753246748,0.0,0.0,0.0
