,RMSE,MAE,MAPE,PI Width,CI Coverage,PI Overlap
mean,334.8659139911141,267.142949144768,4.977389993780294,0.0,0.0,0.0
median,325.07798276513586,262.12847900390625,4.886185467536745,0.0,0.0,0.0
std,42.43166875683156,33.65247049215905,0.671824299590717,0.0,0.0,0.0
