,RMSE,MAE,MAPE,PI Width,CI Coverage,PI Overlap
mean,252.76384071330534,195.45990532769096,3.411904891574238,0.0,0.0,0.0
std,1.5972493666639733,1.833858086775381,0.03964879142098047,0.0,0.0,0.0
