,RMSE,MAE,MAPE,PI Width,CI Coverage,PI Overlap
mean,3063.3886529947235,2938.745627170139,32.78920485538369,0.0,0.0,0.0
std,9.595085809808758,9.673274202963734,0.1099186569303032,0.0,0.0,0.0
