,RMSE,MAE,MAPE,PI Width,CI Coverage,PI Overlap
mean,444.23119532473544,384.25646565755204,6.189672393576814,0.0,0.0,0.0
median,453.2166139151078,391.91011555989587,6.309516538296178,0.0,0.0,0.0
std,28.900378989927773,23.8807898522387,0.3747240720905638,0.0,0.0,0.0
