,RMSE,MAE,MAPE,PI Width,CI Coverage,PI Overlap
mean,378.102703706693,324.8794311523437,5.2518096632640505,0.0,0.0,0.0
median,376.51127380656624,324.3736572265625,5.241452278691188,0.0,0.0,0.0
std,49.47675020962618,44.74574507736289,0.6958971962796053,0.0,0.0,0.0
