,RMSE,MAE,MAPE,PI Width,CI Coverage,PI Overlap
mean,420.4695685916465,364.6779446072049,5.893995704905027,0.0,0.0,0.0
median,423.40826728845445,367.1765340169271,5.923506845544148,0.0,0.0,0.0
std,54.34752597541162,48.5812358370673,0.7495944064566074,0.0,0.0,0.0
