,RMSE,MAE,MAPE,PI Width,CI Coverage,PI Overlap
mean,267.3849250411608,224.03842637803822,3.713429723515429,0.0,0.0,0.0
median,254.9322775215955,214.25742594401044,3.5646152481582147,0.0,0.0,0.0
std,37.88312321520523,33.87787150748019,0.5166469198983235,0.0,0.0,0.0
