,RMSE,MAE,MAPE,PI Width,CI Coverage,PI Overlap
mean,275.49158521406423,219.4338429542824,3.9544818560013524,0.0,0.0,0.0
std,23.33621586249823,17.154997422237575,0.26999654970041304,0.0,0.0,0.0
