,RMSE,MAE,MAPE,PI Width,CI Coverage,PI Overlap
mean,2874.3221553923586,2747.6040839301218,30.61562922833195,0.0,0.0,0.0
std,15.293219408104893,15.38569500076053,0.17456197729533574,0.0,0.0,0.0
