,RMSE,MAE,MAPE,PI Width,CI Coverage,PI Overlap
mean,305.696473514265,247.60577220775465,4.591535896678336,0.0,0.0,0.0
median,295.4602414348004,241.49279513888888,4.438878054325427,0.0,0.0,0.0
std,36.132547948229785,32.6974264436507,0.6545222187010121,0.0,0.0,0.0
