,RMSE,MAE,MAPE,PI Width,CI Coverage,PI Overlap
mean,343.51341460548923,295.1170844184028,4.79970391126212,0.0,0.0,0.0
median,343.9757613172239,295.5962117513021,4.807279794615309,0.0,0.0,0.0
std,2.907962430616018,2.754514933445732,0.04171027019665023,0.0,0.0,0.0
