,RMSE,MAE,MAPE,PI Width,CI Coverage,PI Overlap
mean,380.2738663012418,328.71435546874994,5.308989108042945,0.0,0.0,0.0
median,382.77887979595596,331.4638671875,5.352488335780137,0.0,0.0,0.0
std,17.95410349140046,15.111549532936737,0.23464449421648356,0.0,0.0,0.0
