,RMSE,MAE,MAPE,PI Width,CI Coverage,PI Overlap
mean,361.69147566657807,311.53186848958336,5.039536167743287,0.0,0.0,0.0
median,355.93244869677864,306.5995890299479,4.963543847244505,0.0,0.0,0.0
std,12.871339136733745,10.990299090817258,0.16976216425432958,0.0,0.0,0.0
