,RMSE,MAE,MAPE,PI Width,CI Coverage,PI Overlap
mean,328.08760858162873,281.91469319661456,4.5899079433264935,0.0,0.0,0.0
median,313.84577733287256,270.8586222330729,4.410795491381219,0.0,0.0,0.0
std,57.88235483740054,52.59739146094022,0.8174436171440372,0.0,0.0,0.0
