,RMSE,MAE,MAPE,PI Width,CI Coverage,PI Overlap
mean,391.8996896633147,342.64349365234375,5.527262583124939,0.0,0.0,0.0
median,392.0442224521593,342.84336344401044,5.53052934659719,0.0,0.0,0.0
std,1.8051338619004558,1.6333285080998603,0.02581297946596618,0.0,0.0,0.0
