,RMSE,MAE,MAPE,PI Width,CI Coverage,PI Overlap
mean,253.04287482928774,206.62711100260415,3.5042894472634036,0.0,0.0,0.0
median,250.52791250668835,206.57382812499998,3.5096028889244657,0.0,0.0,0.0
std,53.248800774035374,45.66466435544596,0.7798494917486828,0.0,0.0,0.0
