,RMSE,MAE,MAPE,PI Width,CI Coverage,PI Overlap
mean,6093.6573305454385,6085.239952830992,99.99701131485934,0.0,0.0,0.0
median,6093.660935903221,6085.243906384954,99.99708036341215,0.0,0.0,0.0
std,0.03961148273157187,0.041576267968650264,0.0007169501302849227,0.0,0.0,0.0
