True,Pred
5750,1.0713633
5399,0.11362684
6123,0.09605381
5730,0.095749445
6015,0.09574417
5989,0.09574409
6333,0.09574409
6388,0.09574409
6048,0.09574409
6322,0.09574409
6405,0.09574409
6523,0.09574409
