True,Pred
5750,0.94160855
5399,0.10886392
6123,0.098629475
5730,0.09851366
6015,0.09851237
5989,0.09851234
6333,0.09851234
6388,0.09851234
6048,0.09851234
6322,0.09851234
6405,0.09851234
6523,0.09851234
