True,Pred
4323,1.388551
4825,1.388551
4462,1.388551
4642,1.388551
4369,1.388551
4672,1.388551
4661,1.388551
4655,1.388551
4716,1.388551
4377,1.388551
4484,1.388551
4911,1.388551
5218,1.388551
5759,1.388551
5456,1.388551
5359,1.388551
5305,1.388551
5769,1.388551
5565,1.388551
5367,1.388551
5633,1.388551
5664,1.388551
6082,1.388551
6505,1.388551
5813,1.388551
6379,1.388551
6091,1.388551
6219,1.388551
6052,1.388551
6105,1.388551
6030,1.388551
5969,1.388551
5707,1.388551
5681,1.388551
6052,1.388551
5904,1.388551
5426,1.388551
6005,1.388551
5766,1.388551
5946,1.388551
5981,1.388551
6104,1.388551
5991,1.388551
5670,1.388551
5709,1.388551
5416,1.388551
5793,1.388551
