True,Pred
5750,1.3393033
5399,0.13503323
6123,0.10952169
5730,0.10905318
6015,0.10904461
5989,0.10904445
6333,0.10904445
6388,0.10904445
6048,0.10904445
6322,0.10904445
6405,0.10904445
6523,0.10904445
