True,Pred
5750,0.85961354
5399,0.09821387
6123,0.081217825
5730,0.08085256
6015,0.080844715
5989,0.08084455
6333,0.080844544
6388,0.080844544
6048,0.080844544
6322,0.080844544
6405,0.080844544
6523,0.080844544
