True,Pred
5750,1.388551
5399,0.12671734
6123,0.1030282
5730,0.1026354
6015,0.102628924
5989,0.10262882
6333,0.10262881
6388,0.10262881
6048,0.10262881
6322,0.10262881
6405,0.10262881
6523,0.10262881
