True,Pred
5750,0.8226177
5399,0.09563115
6123,0.0873871
5730,0.08729914
6015,0.08729819
5989,0.087298185
6333,0.087298185
6388,0.087298185
6048,0.087298185
6322,0.087298185
6405,0.087298185
6523,0.087298185
