True,Pred
4323,1.3170191
4825,1.3170191
4462,1.3170191
4642,1.3170191
4369,1.3170191
4672,1.3170191
4661,1.3170191
4655,1.3170191
4716,1.3170191
4377,1.3170191
4484,1.3170191
4911,1.3170191
5218,1.3170191
5759,1.3170191
5456,1.3170191
5359,1.3170191
5305,1.3170191
5769,1.3170191
5565,1.3170191
5367,1.3170191
5633,1.3170191
5664,1.3170191
6082,1.3170191
6505,1.3170191
5813,1.3170191
6379,1.3170191
6091,1.3170191
6219,1.3170191
6052,1.3170191
6105,1.3170191
6030,1.3170191
5969,1.3170191
5707,1.3170191
5681,1.3170191
6052,1.3170191
5904,1.3170191
5426,1.3170191
6005,1.3170191
5766,1.3170191
5946,1.3170191
5981,1.3170191
6104,1.3170191
5991,1.3170191
5670,1.3170191
5709,1.3170191
5416,1.3170191
5793,1.3170191
