True,Pred
5750,1.2637779
5399,0.12807766
6123,0.11216581
5730,0.11197376
6015,0.11197145
5989,0.11197142
6333,0.11197142
6388,0.11197142
6048,0.11197142
6322,0.11197142
6405,0.11197142
6523,0.11197142
