True,Pred
5750,0.58551943
5399,0.079634465
6123,0.07387522
5730,0.07380203
6015,0.0738011
5989,0.07380109
6333,0.07380109
6388,0.07380109
6048,0.07380109
6322,0.07380109
6405,0.07380109
6523,0.07380109
