True,Pred
5750,0.6511648
5399,0.09978594
6123,0.09240663
5730,0.092307724
6015,0.09230639
5989,0.092306376
6333,0.092306376
6388,0.092306376
6048,0.092306376
6322,0.092306376
6405,0.092306376
6523,0.092306376
