True,Pred
4323,1.3393033
4825,1.3393033
4462,1.3393033
4642,1.3393033
4369,1.3393033
4672,1.3393033
4661,1.3393033
4655,1.3393033
4716,1.3393033
4377,1.3393033
4484,1.3393033
4911,1.3393033
5218,1.3393033
5759,1.3393033
5456,1.3393033
5359,1.3393033
5305,1.3393033
5769,1.3393033
5565,1.3393033
5367,1.3393033
5633,1.3393033
5664,1.3393033
6082,1.3393033
6505,1.3393033
5813,1.3393033
6379,1.3393033
6091,1.3393033
6219,1.3393033
6052,1.3393033
6105,1.3393033
6030,1.3393033
5969,1.3393033
5707,1.3393033
5681,1.3393033
6052,1.3393033
5904,1.3393033
5426,1.3393033
6005,1.3393033
5766,1.3393033
5946,1.3393033
5981,1.3393033
6104,1.3393033
5991,1.3393033
5670,1.3393033
5709,1.3393033
5416,1.3393033
5793,1.3393033
