True,Pred
5750,0.47860485
5399,0.08584604
6123,0.080717415
5730,0.08065201
6015,0.08065118
5989,0.080651164
6333,0.080651164
6388,0.080651164
6048,0.080651164
6322,0.080651164
6405,0.080651164
6523,0.080651164
