True,Pred
5750,1.0772274
5399,0.10241924
6123,0.0904385
5730,0.09028435
6015,0.090282366
5989,0.09028235
6333,0.09028234
6388,0.09028234
6048,0.09028234
6322,0.09028234
6405,0.09028234
6523,0.09028234
