True,Pred
5750,0.8244465
5399,0.09649902
6123,0.08204008
5730,0.08176921
6015,0.08176415
5989,0.08176406
6333,0.08176406
6388,0.08176406
6048,0.08176406
6322,0.08176406
6405,0.08176406
6523,0.08176406
