True,Pred
5750,0.69371116
5399,0.08847137
6123,0.084840834
5730,0.08482122
6015,0.08482112
5989,0.08482112
6333,0.08482112
6388,0.08482112
6048,0.08482112
6322,0.08482112
6405,0.08482112
6523,0.08482112
