True,Pred
5750,0.8081188
5399,0.08981999
6123,0.077556744
5730,0.07735549
6015,0.07735219
5989,0.07735214
6333,0.07735213
6388,0.07735213
6048,0.07735213
6322,0.07735213
6405,0.07735213
6523,0.07735213
