True,Pred
5750,0.88189626
5399,0.09201893
6123,0.07828514
5730,0.0780449
6015,0.0780407
5989,0.07804062
6333,0.07804062
6388,0.07804062
6048,0.07804062
6322,0.07804062
6405,0.07804062
6523,0.07804062
