True,Pred
5750,1.1673778
5399,0.13340423
6123,0.10549756
5730,0.10482289
6015,0.10480663
5989,0.10480624
6333,0.10480623
6388,0.10480623
6048,0.10480623
6322,0.10480623
6405,0.10480623
6523,0.10480623
