True,Pred
5750,0.97524035
5399,0.0969536
6123,0.0835381
5730,0.08335315
6015,0.083350606
5989,0.08335057
6333,0.08335057
6388,0.08335057
6048,0.08335057
6322,0.08335057
6405,0.08335057
6523,0.08335057
