True,Pred
5750,0.9040961
5399,0.10050039
6123,0.08441281
5730,0.08410852
6015,0.084102765
5989,0.08410266
6333,0.08410265
6388,0.08410265
6048,0.08410265
6322,0.08410265
6405,0.08410265
6523,0.08410265
