True,Pred
4323,1.0772274
4825,1.0772274
4462,1.0772274
4642,1.0772274
4369,1.0772274
4672,1.0772274
4661,1.0772274
4655,1.0772274
4716,1.0772274
4377,1.0772274
4484,1.0772274
4911,1.0772274
5218,1.0772274
5759,1.0772274
5456,1.0772274
5359,1.0772274
5305,1.0772274
5769,1.0772274
5565,1.0772274
5367,1.0772274
5633,1.0772274
5664,1.0772274
6082,1.0772274
6505,1.0772274
5813,1.0772274
6379,1.0772274
6091,1.0772274
6219,1.0772274
6052,1.0772274
6105,1.0772274
6030,1.0772274
5969,1.0772274
5707,1.0772274
5681,1.0772274
6052,1.0772274
5904,1.0772274
5426,1.0772274
6005,1.0772274
5766,1.0772274
5946,1.0772274
5981,1.0772274
6104,1.0772274
5991,1.0772274
5670,1.0772274
5709,1.0772274
5416,1.0772274
5793,1.0772274
