True,Pred
5750,0.86800575
5399,0.09579894
6123,0.093463525
5730,0.09345768
6015,0.09345767
5989,0.09345767
6333,0.09345767
6388,0.09345767
6048,0.09345767
6322,0.09345767
6405,0.09345767
6523,0.09345767
