True,Pred
5750,1.0208074
5399,0.09911518
6123,0.089195795
5730,0.08911687
6015,0.089116246
5989,0.089116246
6333,0.089116246
6388,0.089116246
6048,0.089116246
6322,0.089116246
6405,0.089116246
6523,0.089116246
