True,Pred
5750,1.0631086
5399,0.11760166
6123,0.10473411
5730,0.10455355
6015,0.104551025
5989,0.10455099
6333,0.10455099
6388,0.10455099
6048,0.10455099
6322,0.10455099
6405,0.10455099
6523,0.10455099
