True,Pred
4323,1.5314704
4825,1.5314704
4462,1.5314704
4642,1.5314704
4369,1.5314704
4672,1.5314704
4661,1.5314704
4655,1.5314704
4716,1.5314704
4377,1.5314704
4484,1.5314704
4911,1.5314704
5218,1.5314704
5759,1.5314704
5456,1.5314704
5359,1.5314704
5305,1.5314704
5769,1.5314704
5565,1.5314704
5367,1.5314704
5633,1.5314704
5664,1.5314704
6082,1.5314704
6505,1.5314704
5813,1.5314704
6379,1.5314704
6091,1.5314704
6219,1.5314704
6052,1.5314704
6105,1.5314704
6030,1.5314704
5969,1.5314704
5707,1.5314704
5681,1.5314704
6052,1.5314704
5904,1.5314704
5426,1.5314704
6005,1.5314704
5766,1.5314704
5946,1.5314704
5981,1.5314704
6104,1.5314704
5991,1.5314704
5670,1.5314704
5709,1.5314704
5416,1.5314704
5793,1.5314704
