True,Pred
4323,0.28850636
4825,0.28850636
4462,0.28850636
4642,0.28850636
4369,0.28850636
4672,0.28850636
4661,0.28850636
4655,0.28850636
4716,0.28850636
4377,0.28850636
4484,0.28850636
4911,0.28850636
5218,0.28850636
5759,0.28850636
5456,0.28850636
5359,0.28850636
5305,0.28850636
5769,0.28850636
5565,0.28850636
5367,0.28850636
5633,0.28850636
5664,0.28850636
6082,0.28850636
6505,0.28850636
5813,0.28850636
6379,0.28850636
6091,0.28850636
6219,0.28850636
6052,0.28850636
6105,0.28850636
6030,0.28850636
5969,0.28850636
5707,0.28850636
5681,0.28850636
6052,0.28850636
5904,0.28850636
5426,0.28850636
6005,0.28850636
5766,0.28850636
5946,0.28850636
5981,0.28850636
6104,0.28850636
5991,0.28850636
5670,0.28850636
5709,0.28850636
5416,0.28850636
5793,0.28850636
