True,Pred
5750,1.3170191
5399,0.1372441
6123,0.108982876
5730,0.10838717
6015,0.108374655
5989,0.1083744
6333,0.10837439
6388,0.10837439
6048,0.10837439
6322,0.10837439
6405,0.10837439
6523,0.10837439
