True,Pred
4323,0.6388264
4825,0.6388264
4462,0.6388264
4642,0.6388264
4369,0.6388264
4672,0.6388264
4661,0.6388264
4655,0.6388264
4716,0.6388264
4377,0.6388264
4484,0.6388264
4911,0.6388264
5218,0.6388264
5759,0.6388264
5456,0.6388264
5359,0.6388264
5305,0.6388264
5769,0.6388264
5565,0.6388264
5367,0.6388264
5633,0.6388264
5664,0.6388264
6082,0.6388264
6505,0.6388264
5813,0.6388264
6379,0.6388264
6091,0.6388264
6219,0.6388264
6052,0.6388264
6105,0.6388264
6030,0.6388264
5969,0.6388264
5707,0.6388264
5681,0.6388264
6052,0.6388264
5904,0.6388264
5426,0.6388264
6005,0.6388264
5766,0.6388264
5946,0.6388264
5981,0.6388264
6104,0.6388264
5991,0.6388264
5670,0.6388264
5709,0.6388264
5416,0.6388264
5793,0.6388264
