True,Pred
5750,0.94113266
5399,0.10318656
6123,0.09005962
5730,0.08987721
6015,0.089874685
5989,0.08987465
6333,0.08987465
6388,0.08987465
6048,0.08987465
6322,0.08987465
6405,0.08987465
6523,0.08987465
