True,Pred
4323,0.7006683
4825,0.70071244
4462,0.70064396
4642,0.70068896
4369,0.70066416
4672,0.70070416
4661,0.70066047
4655,0.7006618
4716,0.7006626
4377,0.7006554
4484,0.70070285
4911,0.7006856
5218,0.70063597
5759,0.7006135
5456,0.70058995
5359,0.70060116
5305,0.70060575
5769,0.7006085
5565,0.7005896
5367,0.70059663
5633,0.70060533
5664,0.7005941
6082,0.700593
6505,0.70058185
5813,0.7005751
6379,0.70058835
6091,0.7005767
6219,0.70058167
6052,0.7005792
6105,0.70058244
6030,0.7005814
5969,0.7005829
5707,0.70058423
5681,0.70059156
6052,0.7005924
5904,0.70058244
5426,0.70058584
6005,0.70060253
5766,0.7005835
5946,0.7005898
5981,0.7005848
6104,0.70058405
5991,0.7005814
5670,0.7005838
5709,0.70059276
5416,0.7005915
5793,0.700603
