True,Pred
5750,0.79812723
5399,0.10009511
6123,0.08727002
5730,0.08704177
6015,0.08703771
5989,0.08703764
6333,0.08703764
6388,0.08703764
6048,0.08703764
6322,0.08703764
6405,0.08703764
6523,0.08703764
