True,Pred
5750,0.5874194
5399,0.07973626
6123,0.07843258
5730,0.07842971
6015,0.07842969
5989,0.07842969
6333,0.07842969
6388,0.07842969
6048,0.07842969
6322,0.07842969
6405,0.07842969
6523,0.07842969
