True,Pred
5750,1.5646971
5399,0.16673853
6123,0.112522766
5730,0.11069409
6015,0.11063282
5989,0.110630766
6333,0.11063069
6388,0.11063069
6048,0.11063069
6322,0.11063069
6405,0.11063069
6523,0.11063069
