True,Pred
5750,1.0791459
5399,0.13467966
6123,0.109424196
5730,0.108787045
6015,0.108771004
5989,0.10877061
6333,0.10877058
6388,0.10877058
6048,0.10877058
6322,0.10877058
6405,0.10877058
6523,0.10877058
