,RMSE,MAE,MAPE,PI Width,CI Coverage,PI Overlap
mean,323.21969168232414,260.1278578016493,4.501538427934387,0.0,0.0,0.0
std,30.057122433017383,28.644072941282058,0.45050365060151415,0.0,0.0,0.0
