,RMSE,MAE,MAPE,PI Width,CI Coverage,PI Overlap
mean,459.5076172235612,399.50579833984375,6.439131261053986,0.0,0.0,0.0
std,76.52547412816051,70.93292281102869,1.113270243259549,0.0,0.0,0.0
