,RMSE,MAE,MAPE,PI Width,CI Coverage,PI Overlap
mean,399.50554967721325,346.7620863172742,5.583763033243451,0.0,0.0,0.0
median,380.69089857904333,331.09442138671875,5.3364867171071335,0.0,0.0,0.0
std,42.64861969853113,36.755264907357486,0.5800000823500407,0.0,0.0,0.0
