,RMSE,MAE,MAPE,PI Width,CI Coverage,PI Overlap
mean,439.06041427677087,378.69990234375,6.08758238596515,0.0,0.0,0.0
median,439.4051480887148,378.97674560546875,6.091803105054358,0.0,0.0,0.0
std,5.657833501649595,4.8869963343990195,0.07709965053989727,0.0,0.0,0.0
