,RMSE,MAE,MAPE,PI Width,CI Coverage,PI Overlap
mean,551.2913316155007,458.1820977105035,7.559146767204917,0.0,0.0,0.0
std,515.4851079166095,460.9556711244886,7.423054119444716,0.0,0.0,0.0
