,RMSE,MAE,MAPE,PI Width,CI Coverage,PI Overlap
mean,496.2816546953084,406.6676124366555,7.102881554410085,0.0,0.0,0.0
std,131.45073501955284,114.17229065274704,1.9735291858873805,0.0,0.0,0.0
