,RMSE,MAE,MAPE,PI Width,CI Coverage,PI Overlap
mean,393.68170388136184,291.1554460492051,5.389739418271383,0.0,0.0,0.0
median,395.9832564403506,286.9512746710526,5.345120691792639,0.0,0.0,0.0
std,29.295709623393794,24.694508791217064,0.45490748434299794,0.0,0.0,0.0
