,RMSE,MAE,MAPE,PI Width,CI Coverage,PI Overlap
mean,584.5512937029715,508.638351779514,8.18368226285844,0.0,0.0,0.0
median,557.4016056048412,485.83308919270837,7.795205765426532,0.0,0.0,0.0
std,239.5105269045991,214.7801983986283,3.3993413764923504,0.0,0.0,0.0
