,RMSE,MAE,MAPE,PI Width,CI Coverage,PI Overlap
mean,397.8967666718026,343.39982638888887,5.5303264835971735,0.0,0.0,0.0
median,398.6742093937904,344.56746419270837,5.548510553140084,0.0,0.0,0.0
std,9.149737994776446,8.739755376984268,0.13764126140540142,0.0,0.0,0.0
