,RMSE,MAE,MAPE,PI Width,CI Coverage,PI Overlap
mean,276.6848441877035,223.40806477864584,3.973167993652524,0.0,0.0,0.0
median,275.4116440142909,219.84114990234377,3.905107750744575,0.0,0.0,0.0
std,22.49074508992306,19.6834466259321,0.3614691240851574,0.0,0.0,0.0
