,RMSE,MAE,MAPE,PI Width,CI Coverage,PI Overlap
mean,515.8344386200118,452.04306098090285,7.270926915447736,0.0,0.0,0.0
median,518.2813559350113,451.34318033854163,7.244557965352772,0.0,0.0,0.0
std,90.98274013483514,86.56737921564685,1.368916709126753,0.0,0.0,0.0
