,RMSE,MAE,MAPE,PI Width,CI Coverage,PI Overlap
mean,359.74220723387936,282.38858037725225,4.9514570565220835,0.0,0.0,0.0
median,355.0880519061047,278.55861354518584,4.875052676760141,0.0,0.0,0.0
std,32.537061576333144,33.005809516876724,0.5248150850249539,0.0,0.0,0.0
