,RMSE,MAE,MAPE,PI Width,CI Coverage,PI Overlap
mean,622.5966231295213,548.5351359049478,8.806829674920378,0.0,0.0,0.0
median,624.6644826518111,552.1817626953125,8.859630278168725,0.0,0.0,0.0
std,178.05796451984554,162.6319258977866,2.594326337398025,0.0,0.0,0.0
