,RMSE,MAE,MAPE,PI Width,CI Coverage,PI Overlap
mean,435.88474884793027,375.1034288194445,6.034457927167802,0.0,0.0,0.0
median,455.49765879575017,387.0859375,6.1976706232488805,0.0,0.0,0.0
std,112.51244274191829,101.25266285628896,1.5969912466322265,0.0,0.0,0.0
