,RMSE,MAE,MAPE,PI Width,CI Coverage,PI Overlap
mean,268.9707151073709,217.4682220210874,3.9296262002222977,0.0,0.0,0.0
median,268.92522986595566,218.14687142721036,3.9424449967235815,0.0,0.0,0.0
std,0.6237145979612022,2.8280640856973775,0.05571075347804153,0.0,0.0,0.0
