,RMSE,MAE,MAPE,PI Width,CI Coverage,PI Overlap
mean,309.85218769002034,255.159912109375,4.315462947342007,0.0,0.0,0.0
median,282.36177730616953,229.79379069010417,3.901971376061061,0.0,0.0,0.0
std,73.0410374655657,67.59702248022622,1.104953217236518,0.0,0.0,0.0
