,RMSE,MAE,MAPE,PI Width,CI Coverage,PI Overlap
mean,2885.880833834208,2756.5641204833983,30.708706751109865,0.0,0.0,0.0
std,119.65008651849176,120.02051475723847,1.3607659792335614,0.0,0.0,0.0
