,RMSE,MAE,MAPE,PI Width,CI Coverage,PI Overlap
mean,567.5704731174005,499.0608642578125,8.055160938560757,0.0,0.0,0.0
median,575.4657853099266,504.19415283203125,8.115136762811739,0.0,0.0,0.0
std,163.01348374706802,147.86316325516898,2.329313235775071,0.0,0.0,0.0
