,RMSE,MAE,MAPE,PI Width,CI Coverage,PI Overlap
mean,290.4451754759563,235.02997458167107,4.31388969140533,0.0,0.0,0.0
median,290.5033030656008,235.13253199800533,4.314096371797519,0.0,0.0,0.0
std,0.8571655983020485,0.7153140822474718,0.0145373690154967,0.0,0.0,0.0
