,RMSE,MAE,MAPE,PI Width,CI Coverage,PI Overlap
mean,326.68204493673954,280.34405788845487,4.541280598578624,0.0,0.0,0.0
median,326.65859620053357,280.44525146484375,4.542835924843978,0.0,0.0,0.0
std,2.2392720293384234,1.9588674114641942,0.029627771343304306,0.0,0.0,0.0
