,RMSE,MAE,MAPE,PI Width,CI Coverage,PI Overlap
mean,415.21252995522985,356.5521131727431,5.761216400599434,0.0,0.0,0.0
median,392.15835625801503,338.20591227213544,5.456335545206567,0.0,0.0,0.0
std,110.68140305644607,100.33854149430645,1.5711442808075629,0.0,0.0,0.0
