,RMSE,MAE,MAPE,PI Width,CI Coverage,PI Overlap
mean,441.13837567630435,380.07597520616315,6.117358574830949,0.0,0.0,0.0
median,450.2896748477017,387.80255126953125,6.2318980381350695,0.0,0.0,0.0
std,21.883010110551783,18.718941187394723,0.2699107450132616,0.0,0.0,0.0
