,RMSE,MAE,MAPE,PI Width,CI Coverage,PI Overlap
mean,2751.4354122640393,2623.0116292317707,29.19855022651664,0.0,0.0,0.0
std,15.995650679129314,16.087972504015394,0.18237821032837817,0.0,0.0,0.0
