True,Pred
5750,4467.844
5399,3978.9575
6123,4392.099
5730,3027.6414
6015,3669.5725
5989,3095.363
6333,1185.0709
6388,3604.1394
6048,1812.3176
6322,972.67944
6405,2322.1575
6523,-5.779319
