,RMSE,MAE,MAPE,PI Width,CI Coverage,PI Overlap
mean,381.6654652001607,327.1529405381944,5.278521448436139,0.0,0.0,0.0
median,381.5189440006785,327.16583251953125,5.276599116819978,0.0,0.0,0.0
std,8.815319234229209,8.513361391008269,0.13225037328278408,0.0,0.0,0.0
