,RMSE,MAE,MAPE,PI Width,CI Coverage,PI Overlap
mean,271.10174387672674,209.85388093171295,3.8177523936499327,0.0,0.0,0.0
std,2.360645679970891,2.483441002581864,0.046508511640841424,0.0,0.0,0.0
