,RMSE,MAE,MAPE,PI Width,CI Coverage,PI Overlap
mean,874.1565471352775,784.4401489257815,12.59404544612037,0.0,0.0,0.0
median,877.3271901016029,787.673848470052,12.645613733271084,0.0,0.0,0.0
std,117.20676313142248,106.06397238501239,1.6998619933039822,0.0,0.0,0.0
