,RMSE,MAE,MAPE,PI Width,CI Coverage,PI Overlap
mean,835.2761123062518,749.0822998046875,12.027207836326658,0.0,0.0,0.0
median,811.1096306636937,727.2052612304688,11.675594378341595,0.0,0.0,0.0
std,123.72652417040248,111.91046808075014,1.79330634159152,0.0,0.0,0.0
