,RMSE,MAE,MAPE,PI Width,CI Coverage,PI Overlap
mean,2488.335448709119,2207.061374070909,35.56736933407956,0.0,0.0,0.0
median,1823.9162416076763,1660.6025187174478,26.755686665655674,0.0,0.0,0.0
std,3243.944401496528,2645.6005520261556,42.33104458049833,0.0,0.0,0.0
