,RMSE,MAE,MAPE,PI Width,CI Coverage,PI Overlap
mean,283.6283165353423,226.54145941840278,4.121104356862281,0.0,0.0,0.0
std,24.17175226853846,18.139777936532084,0.2837815978562168,0.0,0.0,0.0
