,RMSE,MAE,MAPE,PI Width,CI Coverage,PI Overlap
mean,2586.3748476228084,2206.985957219865,35.851653052701074,0.0,0.0,0.0
median,1987.2278679498354,1666.0460866292317,26.82927016793643,0.0,0.0,0.0
std,1899.5161910413462,1669.90979045428,26.968032757643822,0.0,0.0,0.0
