True,Pred
5750,4099.646
5399,2421.412
6123,5895.8433
5730,5288.0215
6015,37.577282
5989,4289.927
6333,9165.4795
6388,4441.5225
6048,654.04333
6322,10204.013
6405,11547.136
6523,1173.5122
