True,Pred
5750,5286.178
5399,4670.9204
6123,4589.912
5730,4427.0557
6015,2536.1755
5989,2016.6475
6333,2316.7134
6388,840.62085
6048,-342.08707
6322,2010.0177
6405,-470.362
6523,168.88411
