,RMSE,MAE,MAPE,PI Width,CI Coverage,PI Overlap
mean,329.53166651089214,283.77620442708326,4.5843307523079515,0.0,0.0,0.0
median,325.0768271637995,279.5453287760417,4.517538627231238,0.0,0.0,0.0
std,14.621456063537886,13.954104823945292,0.21981518541375422,0.0,0.0,0.0
