,RMSE,MAE,MAPE,PI Width,CI Coverage,PI Overlap
mean,227.81474812827392,185.0466221788194,3.122138966622173,0.0,0.0,0.0
median,214.6246058967688,173.90843098958334,2.910883662165083,0.0,0.0,0.0
std,41.654516490933936,38.555094373107345,0.6361945290636527,0.0,0.0,0.0
