,RMSE,MAE,MAPE,PI Width,CI Coverage,PI Overlap
mean,3295.470124573799,3183.5768849690753,35.622124446809615,0.0,0.0,0.0
std,145.6705700016907,144.8036203102447,1.640090040001932,0.0,0.0,0.0
