,RMSE,MAE,MAPE,PI Width,CI Coverage,PI Overlap
mean,268.20117354648187,213.08459273726854,3.891795681871857,0.0,0.0,0.0
median,268.0913568579324,213.09793294270833,3.8921102338677867,0.0,0.0,0.0
std,0.4172355564117323,0.20594298546695405,0.0036400047593645596,0.0,0.0,0.0
