,RMSE,MAE,MAPE,PI Width,CI Coverage,PI Overlap
mean,380.41741161245886,330.90231933593753,5.331232575915001,0.0,0.0,0.0
median,380.4188817628659,330.8887939453125,5.33077713846706,0.0,0.0,0.0
std,1.9033766553668043,1.711500278093968,0.02693465217768578,0.0,0.0,0.0
