,RMSE,MAE,MAPE,PI Width,CI Coverage,PI Overlap
mean,594.6878272547889,496.07183137116607,8.596386645679981,0.0,0.0,0.0
std,292.0714799167695,227.2575738505048,3.8990136973779324,0.0,0.0,0.0
