,RMSE,MAE,MAPE,PI Width,CI Coverage,PI Overlap
mean,668.4720486126087,604.769105360243,9.745750223844102,0.0,0.0,0.0
median,556.595828731636,493.855224609375,7.9299398347769765,0.0,0.0,0.0
std,453.8035371714058,462.21720287736696,7.596142186341807,0.0,0.0,0.0
