,RMSE,MAE,MAPE,PI Width,CI Coverage,PI Overlap
mean,610.7164238786482,545.7868733723959,8.76734475067895,0.0,0.0,0.0
median,579.8650466440665,517.3051350911459,8.306816496550073,0.0,0.0,0.0
std,107.3851113958343,106.23985327525412,1.7125470554336146,0.0,0.0,0.0
