,RMSE,MAE,MAPE,PI Width,CI Coverage,PI Overlap
mean,562.99510287013,452.0868856740553,8.510870054997003,0.0,0.0,0.0
median,554.3124672187868,437.22622751635174,8.293090646821057,0.0,0.0,0.0
std,17.064186596097535,37.279979320517164,0.4876249479695478,0.0,0.0,0.0
