True,Pred
5750,3478.6084
5399,4336.623
6123,3084.5623
5730,2744.2651
6015,2048.7659
5989,1313.0222
6333,1488.8217
6388,207.43948
6048,-246.67932
6322,-2490.87
6405,-4484.1
6523,-8952.975
