True,Pred
5750,4687.0166
5399,4094.4912
6123,3654.879
5730,3249.9775
6015,3060.6772
5989,2609.0374
6333,1573.0367
6388,771.2427
6048,43.253635
6322,444.50116
6405,629.61615
6523,-243.52098
