,RMSE,MAE,MAPE,PI Width,CI Coverage,PI Overlap
mean,697.7107421832242,611.2881537543402,9.824909846696416,0.0,0.0,0.0
median,740.8886537138859,653.1176350911459,10.483902743266233,0.0,0.0,0.0
std,195.29308153456697,176.99178334392482,2.808564402996577,0.0,0.0,0.0
