,RMSE,MAE,MAPE,PI Width,CI Coverage,PI Overlap
mean,418.0174450595824,359.0041219075521,5.804077329691761,0.0,0.0,0.0
median,401.3114348794834,345.9283243815104,5.5752502706986435,0.0,0.0,0.0
std,137.06342406913893,123.88594976438773,1.9410316213707375,0.0,0.0,0.0
