,RMSE,MAE,MAPE,PI Width,CI Coverage,PI Overlap
mean,292.58867523294583,231.34278098005584,4.209070734658833,0.0,0.0,0.0
median,291.47145181665144,229.50425161966464,4.164560318380012,0.0,0.0,0.0
std,30.15300225959959,23.039918844574974,0.4335536515427238,0.0,0.0,0.0
