,RMSE,MAE,MAPE,PI Width,CI Coverage,PI Overlap
mean,542.1289453106375,481.4773790147569,7.751266416272177,0.0,0.0,0.0
median,511.53856215221606,446.59061686197913,7.170323818259534,0.0,0.0,0.0
std,144.28372105527774,138.2604985688163,2.2038591186124905,0.0,0.0,0.0
