,RMSE,MAE,MAPE,PI Width,CI Coverage,PI Overlap
mean,2092.1422731711764,1877.8707323922054,30.32884481194029,0.0,0.0,0.0
std,1572.9330793589102,1402.6374936486327,22.61953633180266,0.0,0.0,0.0
