True,Pred
5750,15.02602
5399,6.3481255
6123,2.9330695
5730,1.5246549
6015,1.0668948
5989,0.9413433
6333,0.90900207
6388,0.90081775
6048,0.89875627
6322,0.8982376
6405,0.8981072
6523,0.89807427
