True,Pred
5750,9.43315
5399,2.3572905
6123,1.0399953
5730,0.84309185
6015,0.8163467
5989,0.81277233
6333,0.81229585
6388,0.81223226
6048,0.81222373
6322,0.8122226
6405,0.8122225
6523,0.8122225
