True,Pred
4323,17.865978
4825,17.865978
4462,17.865978
4642,17.865978
4369,17.865978
4672,17.865978
4661,17.865978
4655,17.865978
4716,17.865978
4377,17.865978
4484,17.865978
4911,17.865978
5218,17.865978
5759,17.865978
5456,17.865978
5359,17.865978
5305,17.865978
5769,17.865978
5565,17.865978
5367,17.865978
5633,17.865978
5664,17.865978
6082,17.865978
6505,17.865978
5813,17.865978
6379,17.865978
6091,17.865978
6219,17.865978
6052,17.865978
6105,17.865978
6030,17.865978
5969,17.865978
5707,17.865978
5681,17.865978
6052,17.865978
5904,17.865978
5426,17.865978
6005,17.865978
5766,17.865978
5946,17.865978
5981,17.865978
6104,17.865978
5991,17.865978
5670,17.865978
5709,17.865978
5416,17.865978
5793,17.865978
