True,Pred
4323,20.851618
4825,20.851618
4462,20.851618
4642,20.851618
4369,20.851618
4672,20.851618
4661,20.851618
4655,20.851618
4716,20.851618
4377,20.851618
4484,20.851618
4911,20.851618
5218,20.851618
5759,20.851618
5456,20.851618
5359,20.851618
5305,20.851618
5769,20.851618
5565,20.851618
5367,20.851618
5633,20.851618
5664,20.851618
6082,20.851618
6505,20.851618
5813,20.851618
6379,20.851618
6091,20.851618
6219,20.851618
6052,20.851618
6105,20.851618
6030,20.851618
5969,20.851618
5707,20.851618
5681,20.851618
6052,20.851618
5904,20.851618
5426,20.851618
6005,20.851618
5766,20.851618
5946,20.851618
5981,20.851618
6104,20.851618
5991,20.851618
5670,20.851618
5709,20.851618
5416,20.851618
5793,20.851618
