True,Pred
4323,15.909837
4825,15.909837
4462,15.909837
4642,15.909837
4369,15.909837
4672,15.909837
4661,15.909837
4655,15.909837
4716,15.909837
4377,15.909837
4484,15.909837
4911,15.909837
5218,15.909837
5759,15.909837
5456,15.909837
5359,15.909837
5305,15.909837
5769,15.909837
5565,15.909837
5367,15.909837
5633,15.909837
5664,15.909837
6082,15.909837
6505,15.909837
5813,15.909837
6379,15.909837
6091,15.909837
6219,15.909837
6052,15.909837
6105,15.909837
6030,15.909837
5969,15.909837
5707,15.909837
5681,15.909837
6052,15.909837
5904,15.909837
5426,15.909837
6005,15.909837
5766,15.909837
5946,15.909837
5981,15.909837
6104,15.909837
5991,15.909837
5670,15.909837
5709,15.909837
5416,15.909837
5793,15.909837
