True,Pred
5750,25.979979
5399,13.317857
6123,7.230344
5730,3.701244
6015,1.9752848
5989,1.3441492
6333,1.1565741
6388,1.1053665
6048,1.0917459
6322,1.0881488
6405,1.0872006
6523,1.086951
