True,Pred
5750,15.161971
5399,6.9311786
6123,3.1595037
5730,1.4995677
6015,0.9647894
5989,0.8270755
6333,0.7944343
6388,0.78686637
6048,0.78512084
6322,0.7847188
6405,0.78462625
6523,0.7846049
