True,Pred
5750,22.771168
5399,10.976431
6123,5.63176
5730,2.7845078
6015,1.5511097
5989,1.1449084
6333,1.0299251
6388,0.99903256
6048,0.9908597
6322,0.98870647
6405,0.9881398
6523,0.9879907
