True,Pred
4323,15.874683
4825,15.874683
4462,15.874683
4642,15.874683
4369,15.874683
4672,15.874683
4661,15.874683
4655,15.874683
4716,15.874683
4377,15.874683
4484,15.874683
4911,15.874683
5218,15.874683
5759,15.874683
5456,15.874683
5359,15.874683
5305,15.874683
5769,15.874683
5565,15.874683
5367,15.874683
5633,15.874683
5664,15.874683
6082,15.874683
6505,15.874683
5813,15.874683
6379,15.874683
6091,15.874683
6219,15.874683
6052,15.874683
6105,15.874683
6030,15.874683
5969,15.874683
5707,15.874683
5681,15.874683
6052,15.874683
5904,15.874683
5426,15.874683
6005,15.874683
5766,15.874683
5946,15.874683
5981,15.874683
6104,15.874683
5991,15.874683
5670,15.874683
5709,15.874683
5416,15.874683
5793,15.874683
