True,Pred
5750,21.218739
5399,14.611785
6123,11.382148
5730,9.09966
6015,7.2206426
5989,5.5847683
6333,4.1854777
6388,3.0867257
6048,2.3338542
6322,1.8890285
6405,1.6559002
6523,1.5427282
