True,Pred
5750,14.428147
5399,6.5488195
6123,3.2688396
5730,1.843142
6015,1.3425318
5989,1.1931803
6333,1.1514966
6388,1.1401012
6048,1.1370043
6322,1.136164
6405,1.135936
6523,1.1358742
