True,Pred
5750,15.462938
5399,4.7687335
6123,1.7929108
5730,1.1136291
6015,0.99489826
5989,0.9756568
6333,0.97258073
6388,0.9720902
6048,0.97201186
6322,0.97199917
6405,0.97199726
6523,0.97199696
