True,Pred
5750,10.807203
5399,3.3865497
6123,1.2814721
5730,0.8336141
6015,0.75722873
5989,0.7448797
6333,0.74290264
6388,0.7425866
6048,0.74253607
6322,0.74252796
6405,0.74252665
6523,0.7425264
