True,Pred
5750,21.171883
5399,11.082149
6123,5.9959154
5730,2.903724
6015,1.43257
5989,0.9481261
6333,0.82092357
6388,0.79010665
6048,0.782799
6322,0.7810751
6405,0.780669
6523,0.78057337
