True,Pred
4323,22.196459
4825,22.196459
4462,22.196459
4642,22.196459
4369,22.196459
4672,22.196459
4661,22.196459
4655,22.196459
4716,22.196459
4377,22.196459
4484,22.196459
4911,22.196459
5218,22.196459
5759,22.196459
5456,22.196459
5359,22.196459
5305,22.196459
5769,22.196459
5565,22.196459
5367,22.196459
5633,22.196459
5664,22.196459
6082,22.196459
6505,22.196459
5813,22.196459
6379,22.196459
6091,22.196459
6219,22.196459
6052,22.196459
6105,22.196459
6030,22.196459
5969,22.196459
5707,22.196459
5681,22.196459
6052,22.196459
5904,22.196459
5426,22.196459
6005,22.196459
5766,22.196459
5946,22.196459
5981,22.196459
6104,22.196459
5991,22.196459
5670,22.196459
5709,22.196459
5416,22.196459
5793,22.196459
