True,Pred
4323,25.608486
4825,25.608486
4462,25.608486
4642,25.608486
4369,25.608486
4672,25.608486
4661,25.608486
4655,25.608486
4716,25.608486
4377,25.608486
4484,25.608486
4911,25.608486
5218,25.608486
5759,25.608486
5456,25.608486
5359,25.608486
5305,25.608486
5769,25.608486
5565,25.608486
5367,25.608486
5633,25.608486
5664,25.608486
6082,25.608486
6505,25.608486
5813,25.608486
6379,25.608486
6091,25.608486
6219,25.608486
6052,25.608486
6105,25.608486
6030,25.608486
5969,25.608486
5707,25.608486
5681,25.608486
6052,25.608486
5904,25.608486
5426,25.608486
6005,25.608486
5766,25.608486
5946,25.608486
5981,25.608486
6104,25.608486
5991,25.608486
5670,25.608486
5709,25.608486
5416,25.608486
5793,25.608486
