True,Pred
4323,17.62418
4825,17.62418
4462,17.62418
4642,17.62418
4369,17.62418
4672,17.62418
4661,17.62418
4655,17.62418
4716,17.62418
4377,17.62418
4484,17.62418
4911,17.62418
5218,17.62418
5759,17.62418
5456,17.62418
5359,17.62418
5305,17.62418
5769,17.62418
5565,17.62418
5367,17.62418
5633,17.62418
5664,17.62418
6082,17.62418
6505,17.62418
5813,17.62418
6379,17.62418
6091,17.62418
6219,17.62418
6052,17.62418
6105,17.62418
6030,17.62418
5969,17.62418
5707,17.62418
5681,17.62418
6052,17.62418
5904,17.62418
5426,17.62418
6005,17.62418
5766,17.62418
5946,17.62418
5981,17.62418
6104,17.62418
5991,17.62418
5670,17.62418
5709,17.62418
5416,17.62418
5793,17.62418
