True,Pred
5750,20.059526
5399,10.175487
6123,5.7461905
5730,3.0799463
6015,1.66104
5989,1.0921216
6333,0.9081589
6388,0.85404867
6048,0.83862495
6322,0.8342695
6405,0.833043
6523,0.83269775
