True,Pred
4323,21.320484
4825,21.320484
4462,21.320484
4642,21.320484
4369,21.320484
4672,21.320484
4661,21.320484
4655,21.320484
4716,21.320484
4377,21.320484
4484,21.320484
4911,21.320484
5218,21.320484
5759,21.320484
5456,21.320484
5359,21.320484
5305,21.320484
5769,21.320484
5565,21.320484
5367,21.320484
5633,21.320484
5664,21.320484
6082,21.320484
6505,21.320484
5813,21.320484
6379,21.320484
6091,21.320484
6219,21.320484
6052,21.320484
6105,21.320484
6030,21.320484
5969,21.320484
5707,21.320484
5681,21.320484
6052,21.320484
5904,21.320484
5426,21.320484
6005,21.320484
5766,21.320484
5946,21.320484
5981,21.320484
6104,21.320484
5991,21.320484
5670,21.320484
5709,21.320484
5416,21.320484
5793,21.320484
