True,Pred
5750,23.60001
5399,14.033115
6123,9.8054285
5730,6.9694395
6015,4.8050137
5989,3.193769
6333,2.1452377
6388,1.5756338
6048,1.3098322
6322,1.1966668
6405,1.1505225
6523,1.1320654
