True,Pred
5750,17.557747
5399,10.249766
6123,5.8671403
5730,3.009162
6015,1.6303064
5989,1.1707163
6333,1.0463926
6388,1.0150898
6048,1.0073605
6322,1.0054612
6405,1.0049952
6523,1.0048809
