True,Pred
5750,15.874683
5399,4.25767
6123,1.7073693
5730,1.1705917
6015,1.0696963
5989,1.0513527
6333,1.0480415
6388,1.0474446
6048,1.0473368
6322,1.0473175
6405,1.047314
6523,1.0473133
