True,Pred
5750,17.62418
5399,7.538282
6123,3.815432
5730,2.1034162
6015,1.4037735
5989,1.1570439
6333,1.0765283
6388,1.051007
6048,1.0429995
6322,1.0404952
6405,1.0397127
6523,1.0394683
