True,Pred
5750,21.799417
5399,12.236935
6123,7.6479836
5730,4.613772
6015,2.612818
5989,1.5471535
6333,1.1143109
6388,0.9673195
6048,0.92110944
6322,0.9069631
6405,0.9026687
6523,0.9013686
