True,Pred
5750,20.044666
5399,10.539041
6123,5.90873
5730,3.0964007
6015,1.6732262
5989,1.1494594
6333,0.99456435
6388,0.95258874
6048,0.9415136
6322,0.9386126
6405,0.9378542
6523,0.9376561
