True,Pred
4323,36.383244
4825,36.383244
4462,36.383244
4642,36.383244
4369,36.383244
4672,36.383244
4661,36.383244
4655,36.383244
4716,36.383244
4377,36.383244
4484,36.383244
4911,36.383244
5218,36.383244
5759,36.383244
5456,36.383244
5359,36.383244
5305,36.383244
5769,36.383244
5565,36.383244
5367,36.383244
5633,36.383244
5664,36.383244
6082,36.383244
6505,36.383244
5813,36.383244
6379,36.383244
6091,36.383244
6219,36.383244
6052,36.383244
6105,36.383244
6030,36.383244
5969,36.383244
5707,36.383244
5681,36.383244
6052,36.383244
5904,36.383244
5426,36.383244
6005,36.383244
5766,36.383244
5946,36.383244
5981,36.383244
6104,36.383244
5991,36.383244
5670,36.383244
5709,36.383244
5416,36.383244
5793,36.383244
