True,Pred
5750,22.196459
5399,12.382286
6123,8.738993
5730,6.7526016
6015,5.4557233
5989,4.534829
6333,3.8630378
6388,3.3757865
6048,3.030031
6322,2.7911825
6405,2.6302478
6523,2.5239706
