True,Pred
4323,19.931717
4825,19.931717
4462,19.931717
4642,19.931717
4369,19.931717
4672,19.931717
4661,19.931717
4655,19.931717
4716,19.931717
4377,19.931717
4484,19.931717
4911,19.931717
5218,19.931717
5759,19.931717
5456,19.931717
5359,19.931717
5305,19.931717
5769,19.931717
5565,19.931717
5367,19.931717
5633,19.931717
5664,19.931717
6082,19.931717
6505,19.931717
5813,19.931717
6379,19.931717
6091,19.931717
6219,19.931717
6052,19.931717
6105,19.931717
6030,19.931717
5969,19.931717
5707,19.931717
5681,19.931717
6052,19.931717
5904,19.931717
5426,19.931717
6005,19.931717
5766,19.931717
5946,19.931717
5981,19.931717
6104,19.931717
5991,19.931717
5670,19.931717
5709,19.931717
5416,19.931717
5793,19.931717
