True,Pred
4323,20.044666
4825,20.044666
4462,20.044666
4642,20.044666
4369,20.044666
4672,20.044666
4661,20.044666
4655,20.044666
4716,20.044666
4377,20.044666
4484,20.044666
4911,20.044666
5218,20.044666
5759,20.044666
5456,20.044666
5359,20.044666
5305,20.044666
5769,20.044666
5565,20.044666
5367,20.044666
5633,20.044666
5664,20.044666
6082,20.044666
6505,20.044666
5813,20.044666
6379,20.044666
6091,20.044666
6219,20.044666
6052,20.044666
6105,20.044666
6030,20.044666
5969,20.044666
5707,20.044666
5681,20.044666
6052,20.044666
5904,20.044666
5426,20.044666
6005,20.044666
5766,20.044666
5946,20.044666
5981,20.044666
6104,20.044666
5991,20.044666
5670,20.044666
5709,20.044666
5416,20.044666
5793,20.044666
