True,Pred
5750,25.4465
5399,14.4454
6123,9.752161
5730,6.806479
6015,4.6883636
5989,3.1648939
6333,2.178241
6388,1.6302669
6048,1.3642079
6322,1.2455262
6405,1.1948301
6523,1.1735976
