True,Pred
5750,15.905574
5399,6.236662
6123,2.2729602
5730,1.1490791
6015,0.9293314
5989,0.8915521
6333,0.8852267
6388,0.88417256
6048,0.8839971
6322,0.8839679
6405,0.8839631
6523,0.88396215
