True,Pred
5750,23.321234
5399,11.768362
6123,6.8860793
5730,4.067997
6015,2.5031607
5989,1.776118
6333,1.4909582
6388,1.3892663
6048,1.3544142
6322,1.3426411
6405,1.3386838
6523,1.3373561
