True,Pred
5750,16.858034
5399,7.0517564
6123,3.5468247
5730,2.091522
6015,1.569001
5989,1.403001
6333,1.3529744
6388,1.3381526
6048,1.3337855
6322,1.3325007
6405,1.3321229
6523,1.3320119
