True,Pred
5750,24.35973
5399,14.244501
6123,10.037557
5730,7.3887353
6015,5.4316835
5989,3.9431515
6333,2.8842895
6388,2.2189949
6048,1.8517401
6322,1.6677556
6405,1.5807673
6523,1.5408541
