True,Pred
5750,19.149887
5399,9.094641
6123,4.5763316
5730,2.2895336
6015,1.3657519
5989,1.076088
6333,0.99594724
6388,0.97462636
6048,0.96901995
6322,0.9675504
6405,0.9671656
6523,0.9670648
