True,Pred
5750,29.493746
5399,17.480879
6123,12.766175
5730,9.988906
6015,7.9958186
5989,6.4046974
6333,5.0751405
6388,3.970373
6048,3.0993466
6322,2.4699414
6405,2.0580568
6523,1.8111368
