True,Pred
5750,19.65768
5399,10.246969
6123,5.273185
5730,2.4393582
6015,1.3190129
5989,1.0161021
6333,0.94719523
6388,0.9322627
6048,0.92906207
6322,0.92837775
6405,0.9282315
6523,0.9282002
