True,Pred
5750,31.240149
5399,22.631443
6123,19.778923
5730,18.397606
6015,17.613483
5989,17.12933
6333,16.81512
6388,16.604677
6048,16.460775
6322,16.36099
6405,16.291122
6523,16.241875
