,RMSE,MAE,MAPE,PI Width,CI Coverage,PI Overlap
mean,487.9325101713852,424.2296020507812,6.828450913772915,0.0,0.0,0.0
median,484.35377274393966,418.2036946614583,6.720321381161806,0.0,0.0,0.0
std,89.98391387032336,82.77630811558163,1.3062736388878113,0.0,0.0,0.0
