,RMSE,MAE,MAPE,PI Width,CI Coverage,PI Overlap
mean,295.7938770714247,226.53731929420408,4.06439027993419,0.0,0.0,0.0
median,281.92503001178596,211.15387745392627,3.787547485555609,0.0,0.0,0.0
std,44.93203689985508,48.3076036246733,0.8626194115309789,0.0,0.0,0.0
