,RMSE,MAE,MAPE,PI Width,CI Coverage,PI Overlap
mean,436.0583023619604,377.4821506076389,6.082176303028484,0.0,0.0,0.0
median,436.8700376744559,378.199951171875,6.092926813504409,0.0,0.0,0.0
std,13.728366466886484,10.334100093895518,0.1571668726798568,0.0,0.0,0.0
