,RMSE,MAE,MAPE,PI Width,CI Coverage,PI Overlap
mean,424.66927276281706,366.19393988715274,5.890828426878783,0.0,0.0,0.0
median,424.4843480215761,366.04927571614587,5.888324248566706,0.0,0.0,0.0
std,27.366407004691364,24.014904409110795,0.3781712000195713,0.0,0.0,0.0
