,RMSE,MAE,MAPE,PI Width,CI Coverage,PI Overlap
mean,304.9219773611013,262.0988986545139,4.288855890475312,0.0,0.0,0.0
median,288.3575502773225,246.25467936197919,4.038552281180426,0.0,0.0,0.0
std,50.36972505710044,47.54056127309102,0.7364694134284447,0.0,0.0,0.0
