,RMSE,MAE,MAPE,PI Width,CI Coverage,PI Overlap
mean,370.71187997560685,314.48863796657986,5.127164690317278,0.0,0.0,0.0
std,85.6595050842251,79.68842217827675,1.2264254531637697,0.0,0.0,0.0
