,RMSE,MAE,MAPE,PI Width,CI Coverage,PI Overlap
mean,268.0171769198997,207.00866102430558,3.756587119457591,0.0,0.0,0.0
std,3.4707901722344405,3.401841298243441,0.06712287602482145,0.0,0.0,0.0
