,RMSE,MAE,MAPE,PI Width,CI Coverage,PI Overlap
mean,372.80829330035584,319.18972167968747,5.159337196680777,0.0,0.0,0.0
median,371.0880139757203,318.95660400390625,5.150245718394732,0.0,0.0,0.0
std,101.5829537957561,93.14269696913878,1.4614430944162518,0.0,0.0,0.0
