,RMSE,MAE,MAPE,PI Width,CI Coverage,PI Overlap
mean,466.69126703515735,363.00833214240345,6.765046676490796,0.0,0.0,0.0
median,472.95164293788355,365.9280737900152,6.846131235395011,0.0,0.0,0.0
std,40.227107895340126,32.43830913276376,0.5958359239930249,0.0,0.0,0.0
