,RMSE,MAE,MAPE,PI Width,CI Coverage,PI Overlap
mean,276.1251179063715,219.1606684027778,4.015234710057723,0.0,0.0,0.0
std,1.3116137245646389,1.4357271053258809,0.0277356397219356,0.0,0.0,0.0
