,RMSE,MAE,MAPE,PI Width,CI Coverage,PI Overlap
mean,641.9051882663996,569.1759806315102,9.138417611800104,0.0,0.0,0.0
median,674.507513395991,600.7549641927083,9.642498612961898,0.0,0.0,0.0
std,96.71485551866105,91.18414870365676,1.455567548696477,0.0,0.0,0.0
