,RMSE,MAE,MAPE,PI Width,CI Coverage,PI Overlap
mean,465.79761076711617,399.7937581380209,6.422988138607256,0.0,0.0,0.0
median,464.5670962790206,398.10302734375,6.395359673593063,0.0,0.0,0.0
std,8.556801822071135,7.322043733650303,0.1143621673850547,0.0,0.0,0.0
