,RMSE,MAE,MAPE,PI Width,CI Coverage,PI Overlap
mean,496.29456147300306,433.3707424587674,6.957979606885434,0.0,0.0,0.0
median,495.7612217247099,433.1981201171875,6.9553556895066535,0.0,0.0,0.0
std,6.441215438253053,6.208247825515537,0.09946709237112288,0.0,0.0,0.0
