,RMSE,MAE,MAPE,PI Width,CI Coverage,PI Overlap
mean,303.66599931522535,252.00253770616322,4.128589889900136,0.0,0.0,0.0
std,6.377470007562647,6.504942410199815,0.10001248280751328,0.0,0.0,0.0
