,RMSE,MAE,MAPE,PI Width,CI Coverage,PI Overlap
mean,523.9262354024489,459.8631863064237,7.385618964518041,0.0,0.0,0.0
median,549.6560173087763,484.14290364583337,7.769054048484223,0.0,0.0,0.0
std,87.82570935540618,80.0024876215266,1.265039975818866,0.0,0.0,0.0
