,RMSE,MAE,MAPE,PI Width,CI Coverage,PI Overlap
mean,561.5038228669789,462.7234730113636,8.731936216462541,0.0,0.0,0.0
median,561.4801651600549,462.615966796875,8.730618368361625,0.0,0.0,0.0
std,0.12396882875823229,0.863222568627269,0.01058167872568387,0.0,0.0,0.0
