,RMSE,MAE,MAPE,PI Width,CI Coverage,PI Overlap
mean,628.2369181145838,564.8818901909724,9.07144920821681,0.0,0.0,0.0
median,628.4183750404538,565.0592447916667,9.074299573462843,0.0,0.0,0.0
std,2.5004461399844473,2.4220331007063622,0.03892585220774025,0.0,0.0,0.0
