,RMSE,MAE,MAPE,PI Width,CI Coverage,PI Overlap
mean,425.81958971471727,341.2148579393697,6.025037074594469,0.0,0.0,0.0
std,46.14793074450971,39.86620519156497,0.6983776503665697,0.0,0.0,0.0
