,RMSE,MAE,MAPE,PI Width,CI Coverage,PI Overlap
mean,3335.932357494287,3193.542442830403,35.62508203941673,0.0,0.0,0.0
std,349.2909820235913,340.30886241176137,3.8354028230709236,0.0,0.0,0.0
