,RMSE,MAE,MAPE,PI Width,CI Coverage,PI Overlap
mean,344.73041016548194,280.6338736074942,4.817670013407048,0.0,0.0,0.0
median,344.3766343037594,277.4164089626736,4.765282984894325,0.0,0.0,0.0
std,35.48514479636954,33.71206523927337,0.5294172871826004,0.0,0.0,0.0
