,RMSE,MAE,MAPE,PI Width,CI Coverage,PI Overlap
mean,511.3992756943559,449.36750217013895,7.226600749963592,0.0,0.0,0.0
median,524.8702503539253,459.95098876953125,7.3852458731537105,0.0,0.0,0.0
std,80.92863605345639,76.60170512265691,1.2124970404343225,0.0,0.0,0.0
