,RMSE,MAE,MAPE,PI Width,CI Coverage,PI Overlap
mean,353.55549656577307,304.13813612196185,4.923612320454937,0.0,0.0,0.0
median,356.9574485195061,307.21073404947913,4.970583585266377,0.0,0.0,0.0
std,17.969428812997798,16.637068615772353,0.2584528759465093,0.0,0.0,0.0
