,RMSE,MAE,MAPE,PI Width,CI Coverage,PI Overlap
mean,402.033737085514,347.53567165798614,5.602247801574876,0.0,0.0,0.0
median,482.31408714855627,420.82027180989587,6.758506477052627,0.0,0.0,0.0
std,115.42812355133997,105.87949757801276,1.6737577533313677,0.0,0.0,0.0
