,RMSE,MAE,MAPE,PI Width,CI Coverage,PI Overlap
mean,277.6354937436042,220.48128644418026,3.9777117774756383,0.0,0.0,0.0
median,276.812026630094,220.20765221637228,3.975399994905883,0.0,0.0,0.0
std,3.1251633398665852,3.045827989043573,0.04562862709113035,0.0,0.0,0.0
