,RMSE,MAE,MAPE,PI Width,CI Coverage,PI Overlap
mean,749.6254942994316,672.7344428168402,10.805143453431965,0.0,0.0,0.0
median,737.0967967259178,661.6011962890625,10.627008817458629,0.0,0.0,0.0
std,44.18082392456101,40.39455228020122,0.647534009208553,0.0,0.0,0.0
