,RMSE,MAE,MAPE,PI Width,CI Coverage,PI Overlap
mean,362.3572672669365,294.87330050998264,5.087788627480467,0.0,0.0,0.0
std,65.8647821761903,63.74216394160304,1.0282127567706059,0.0,0.0,0.0
