,RMSE,MAE,MAPE,PI Width,CI Coverage,PI Overlap
mean,276.72948496979166,231.27263590494795,3.821683785393049,0.0,0.0,0.0
median,263.40099725638686,219.17299397786456,3.6317081397162307,0.0,0.0,0.0
std,41.89476541474854,37.16141456606857,0.5697042298636864,0.0,0.0,0.0
