,RMSE,MAE,MAPE,PI Width,CI Coverage,PI Overlap
mean,5069047868822523.0,3336973230612980.5,52658981418078.18,0.0,0.0,0.0
median,5069047868822521.0,3336973230612981.5,52658981418078.17,0.0,0.0,0.0
std,2.034190510862431,1.0170952554312156,0.007946056683056372,0.0,0.0,0.0
