,RMSE,MAE,MAPE,PI Width,CI Coverage,PI Overlap
mean,2377.372442385697,2141.4641638861767,34.486277010603274,0.0,0.0,0.0
median,2393.752360863673,2137.696909586589,34.35255597759366,0.0,0.0,0.0
std,1086.6685551296057,1012.8080888958718,16.343375223606706,0.0,0.0,0.0
