,RMSE,MAE,MAPE,PI Width,CI Coverage,PI Overlap
mean,261.58742545756166,206.98177199590776,3.7345531375767886,0.0,0.0,0.0
median,260.8820432261246,206.36496117001488,3.6954491220664347,0.0,0.0,0.0
std,13.656467572210127,7.423309433305235,0.14727421151005285,0.0,0.0,0.0
