,RMSE,MAE,MAPE,PI Width,CI Coverage,PI Overlap
mean,331.31669938682415,283.2465928819445,4.6050040414902575,0.0,0.0,0.0
std,31.413332520206993,31.22284704010807,0.48114718424977587,0.0,0.0,0.0
