,RMSE,MAE,MAPE,PI Width,CI Coverage,PI Overlap
mean,259.24883216301936,205.97585922359494,3.7211681762384243,0.0,0.0,0.0
median,257.85937280427095,203.82256086482556,3.682953462672762,0.0,0.0,0.0
std,13.446104070055652,10.122915762875623,0.2061213547949122,0.0,0.0,0.0
