,RMSE,MAE,MAPE,PI Width,CI Coverage,PI Overlap
mean,339.5675756028985,290.1599609375,4.716400767388985,0.0,0.0,0.0
median,343.9381404575604,294.97064208984375,4.7902691714792915,0.0,0.0,0.0
std,11.303016917508414,11.596853788157345,0.17935382921319465,0.0,0.0,0.0
