,RMSE,MAE,MAPE,PI Width,CI Coverage,PI Overlap
mean,289.6847466005645,232.5341630329457,4.272866788255678,0.0,0.0,0.0
std,31.758149515445375,26.337462721516864,0.5040057056614825,0.0,0.0,0.0
