,RMSE,MAE,MAPE,PI Width,CI Coverage,PI Overlap
mean,3138.8726375368333,3016.159956190321,33.67664143639022,0.0,0.0,0.0
std,201.74013925483692,199.71399004714593,2.2584201243275115,0.0,0.0,0.0
