True,Pred
5750,4224.5747
5399,2890.946
6123,2424.6091
5730,416.838
6015,1900.7224
5989,825.6861
6333,1363.9944
6388,1500.4274
6048,326.6677
6322,961.51874
6405,444.31467
6523,488.1844
