True,Pred
5750,3451.1199
5399,4232.9165
6123,2559.9768
5730,3889.612
6015,1265.7036
5989,3080.4277
6333,667.7088
6388,3212.6677
6048,-63.381916
6322,3478.0027
6405,320.30087
6523,3571.0679
