True,Pred
5750,6625.519
5399,5512.343
6123,7558.5796
5730,3323.3462
6015,10067.898
5989,91.904816
6333,12617.169
6388,-5877.2734
6048,13784.479
6322,-5569.852
6405,11168.1455
6523,263.15305
