True,Pred
5750,4616.7964
5399,4039.1235
6123,4019.0764
5730,3053.9575
6015,2735.322
5989,2216.715
6333,1563.7122
6388,1467.5277
6048,749.9258
6322,441.12787
6405,226.02179
6523,-381.29236
