,RMSE,MAE,MAPE,PI Width,CI Coverage,PI Overlap
mean,245.41113865607403,186.33001708984372,3.1938996615934996,0.0,0.0,0.0
median,236.94123909303602,179.6189982096354,3.086522046305721,0.0,0.0,0.0
std,20.15248175346217,15.618319492864494,0.26432918159802643,0.0,0.0,0.0
