,RMSE,MAE,MAPE,PI Width,CI Coverage,PI Overlap
mean,506.28444510520427,441.25257975260416,7.0846614713642175,0.0,0.0,0.0
median,506.22821430306465,441.22298177083337,7.084057544606177,0.0,0.0,0.0
std,13.196435996883393,14.019233828292219,0.22491600549620247,0.0,0.0,0.0
