,RMSE,MAE,MAPE,PI Width,CI Coverage,PI Overlap
mean,467.1480470877929,349.7589305388621,6.473663339445045,0.0,0.0,0.0
median,466.9860543044117,349.49674479166663,6.468976473222109,0.0,0.0,0.0
std,0.5817810613250178,2.7870131777524234,0.03033542587876607,0.0,0.0,0.0
