,RMSE,MAE,MAPE,PI Width,CI Coverage,PI Overlap
mean,300.78573022637374,238.06225102055177,4.18907420200076,0.0,0.0,0.0
std,18.121017723395482,18.0796523151959,0.3496867934322163,0.0,0.0,0.0
