,RMSE,MAE,MAPE,PI Width,CI Coverage,PI Overlap
mean,235.00953636442716,198.76266818576389,3.28493089007523,0.0,0.0,0.0
std,63.67388832831938,57.76809152625865,0.9070862341291315,0.0,0.0,0.0
