,RMSE,MAE,MAPE,PI Width,CI Coverage,PI Overlap
mean,249.28389058604773,202.422213621062,3.5813273704663455,0.0,0.0,0.0
median,242.68719109247428,196.496689214939,3.4463840123419294,0.0,0.0,0.0
std,34.27307465021518,29.80653316583708,0.49576589450893327,0.0,0.0,0.0
