,RMSE,MAE,MAPE,PI Width,CI Coverage,PI Overlap
mean,525.0775307555464,461.24045681423615,7.405882428157488,0.0,0.0,0.0
median,528.4099438347116,464.758544921875,7.462310778460084,0.0,0.0,0.0
std,12.498715723886425,13.11735365121501,0.2102786094845075,0.0,0.0,0.0
