True,Pred
5750,4391.346
5399,3489.199
6123,3128.908
5730,2845.7427
6015,1428.4938
5989,1232.525
6333,1288.3239
6388,371.75458
6048,-65.64682
6322,615.95294
6405,-1596.081
6523,-1424.441
