,RMSE,MAE,MAPE,PI Width,CI Coverage,PI Overlap
mean,391.1144030895912,335.91936170789927,5.455487298522715,0.0,0.0,0.0
median,354.5987477510053,307.54691569010413,5.009864226741238,0.0,0.0,0.0
std,107.47376343270923,100.36375073422941,1.5689483867318332,0.0,0.0,0.0
