,RMSE,MAE,MAPE,PI Width,CI Coverage,PI Overlap
mean,290.43480471097877,225.18902285323176,4.040711134407284,0.0,0.0,0.0
median,290.7393930081523,221.38443384415064,3.983844978475463,0.0,0.0,0.0
std,22.082553225466793,18.465654135101662,0.327638189243636,0.0,0.0,0.0
