,RMSE,MAE,MAPE,PI Width,CI Coverage,PI Overlap
mean,392.3005478995077,336.2942979600695,5.454444317376443,0.0,0.0,0.0
median,380.1468234288255,329.9856770833333,5.348624863188347,0.0,0.0,0.0
std,86.23750038443457,80.59556737048638,1.2541643316121558,0.0,0.0,0.0
