,RMSE,MAE,MAPE,PI Width,CI Coverage,PI Overlap
mean,3185.4934323260322,3058.5898790147567,34.14111726661533,0.0,0.0,0.0
std,70.39673383805967,69.96032236187594,0.7917723216012891,0.0,0.0,0.0
