,RMSE,MAE,MAPE,PI Width,CI Coverage,PI Overlap
mean,457.38390365577385,398.2778076171875,6.442637716972826,0.0,0.0,0.0
median,439.847595954566,379.26521809895837,6.128254223369375,0.0,0.0,0.0
std,91.9392254120996,87.47041188176838,1.3677091380493287,0.0,0.0,0.0
