,RMSE,MAE,MAPE,PI Width,CI Coverage,PI Overlap
mean,346.19702464521885,295.0828436957465,4.799085865959264,0.0,0.0,0.0
std,41.47123507949268,43.09867774202476,0.6399559444965012,0.0,0.0,0.0
