,RMSE,MAE,MAPE,PI Width,CI Coverage,PI Overlap
mean,332.265104802204,282.7078165690104,4.610567415130944,0.0,0.0,0.0
median,334.419704153509,285.5610148111979,4.65016740897898,0.0,0.0,0.0
std,10.456041384014435,15.418969489829214,0.21498469328481376,0.0,0.0,0.0
