,RMSE,MAE,MAPE,PI Width,CI Coverage,PI Overlap
mean,289.74378256900974,237.01377437943268,4.356580390964108,0.0,0.0,0.0
median,284.8536533219085,232.45441323138297,4.288579694182204,0.0,0.0,0.0
std,21.658485032718747,16.215238712244744,0.2739167954665432,0.0,0.0,0.0
