,RMSE,MAE,MAPE,PI Width,CI Coverage,PI Overlap
mean,569.7386518329598,493.6732442220053,7.944800820905777,0.0,0.0,0.0
median,473.39264529694356,407.24983723958337,6.5447224112159095,0.0,0.0,0.0
std,273.77115572658204,238.5169216605255,3.7856029902269444,0.0,0.0,0.0
