,RMSE,MAE,MAPE,PI Width,CI Coverage,PI Overlap
mean,359.29353038957885,313.7437811957465,5.255765541861408,0.0,0.0,0.0
median,278.458050003531,227.66542561848956,3.8382663318573957,0.0,0.0,0.0
std,173.8456648883586,183.70432304871986,3.0408753012354492,0.0,0.0,0.0
