,RMSE,MAE,MAPE,PI Width,CI Coverage,PI Overlap
mean,415.5072273901333,374.0965874565973,6.158267075330901,0.0,0.0,0.0
median,331.85448250978504,286.19272867838544,4.6534495845546715,0.0,0.0,0.0
std,127.06868829802603,132.34374756091472,2.235569767360875,0.0,0.0,0.0
