True,Pred
5750,3661.6174
5399,2617.3364
6123,481.93567
5730,-424.93088
6015,-748.4216
5989,1405.1241
6333,863.1588
6388,2260.3247
6048,1422.4921
6322,1308.5035
6405,1292.4666
6523,1129.1637
