,RMSE,MAE,MAPE,PI Width,CI Coverage,PI Overlap
mean,255.33455626046688,219.08135579427082,3.648901634210916,0.0,0.0,0.0
median,255.54949583511535,219.10870361328125,3.646241780714444,0.0,0.0,0.0
std,2.709864594840549,1.9625501139039934,0.032639699871503,0.0,0.0,0.0
