,RMSE,MAE,MAPE,PI Width,CI Coverage,PI Overlap
mean,673.4938438871449,595.897342936198,9.604141348587982,0.0,0.0,0.0
median,656.8787448783737,578.5389200846354,9.283525810987399,0.0,0.0,0.0
std,253.77090582812198,242.00515039540977,3.8753796128397693,0.0,0.0,0.0
