,RMSE,MAE,MAPE,PI Width,CI Coverage,PI Overlap
mean,713.5150291491185,643.248660065407,11.508898920873138,0.0,0.0,0.0
std,396.0038081172496,407.83968401537004,7.305291094335614,0.0,0.0,0.0
