,RMSE,MAE,MAPE,PI Width,CI Coverage,PI Overlap
mean,2778.0934827310225,2438.9143013848197,39.293135420139805,0.0,0.0,0.0
std,3233.3929875743,2683.8961380357077,43.00092249656531,0.0,0.0,0.0
