,RMSE,MAE,MAPE,PI Width,CI Coverage,PI Overlap
mean,346.7518567553998,268.0384391715935,4.749957998383519,0.0,0.0,0.0
median,346.50948150382845,265.3868837098818,4.7461261762389455,0.0,0.0,0.0
std,29.49525595188934,26.293359009910123,0.4507899203385231,0.0,0.0,0.0
