,RMSE,MAE,MAPE,PI Width,CI Coverage,PI Overlap
mean,465.95481555501124,404.3717041015625,6.508922180151495,0.0,0.0,0.0
median,460.22979883647054,395.8145548502604,6.363580802745682,0.0,0.0,0.0
std,54.758205296867935,50.031806724019,0.7887082253335105,0.0,0.0,0.0
