,RMSE,MAE,MAPE,PI Width,CI Coverage,PI Overlap
mean,617.9315299456441,547.037745496962,8.7881560284936,0.0,0.0,0.0
median,626.023051966421,554.6874389648438,8.899371370445902,0.0,0.0,0.0
std,151.8357635749464,140.70195197515315,2.2436840025700064,0.0,0.0,0.0
