,RMSE,MAE,MAPE,PI Width,CI Coverage,PI Overlap
mean,350.05665164854224,297.53521728515625,4.88667172529638,0.0,0.0,0.0
median,312.7537212393295,264.1379597981771,4.409251936524013,0.0,0.0,0.0
std,116.93319708601945,104.92651700050844,1.6439271961307507,0.0,0.0,0.0
