,RMSE,MAE,MAPE,PI Width,CI Coverage,PI Overlap
mean,458.5672540758781,398.9378797743056,6.42711206287966,0.0,0.0,0.0
median,460.52295584198214,400.82208251953125,6.448202926096321,0.0,0.0,0.0
std,87.29201487054908,79.15033220605082,1.2445738702675597,0.0,0.0,0.0
