True,Pred
5750,4717.555
5399,4230.4067
6123,3515.265
5730,2956.7002
6015,2431.1628
5989,1830.176
6333,1150.9462
6388,637.40814
6048,148.12148
6322,-195.1128
6405,-557.79
6523,-521.67664
