,RMSE,MAE,MAPE,PI Width,CI Coverage,PI Overlap
mean,293.2046919418214,225.0298965845353,4.087190659999037,0.0,0.0,0.0
std,1.5344083484407756,2.2782173455232573,0.04164850655189281,0.0,0.0,0.0
