,RMSE,MAE,MAPE,PI Width,CI Coverage,PI Overlap
mean,407.7403018515284,352.1638902452256,5.708514175191961,0.0,0.0,0.0
median,445.9204024832019,389.51987711588544,6.261006717775388,0.0,0.0,0.0
std,99.69144933867003,91.08657153780977,1.4354349938740667,0.0,0.0,0.0
