,RMSE,MAE,MAPE,PI Width,CI Coverage,PI Overlap
mean,792.0810791080049,672.3206155847621,11.63676589479891,0.0,0.0,0.0
std,774.5699064178182,666.721148953659,11.454589402854051,0.0,0.0,0.0
