,RMSE,MAE,MAPE,PI Width,CI Coverage,PI Overlap
mean,715.7046011243214,606.5866835700142,10.081901918198206,0.0,0.0,0.0
std,806.6046489180258,709.9531892804032,11.652472281875502,0.0,0.0,0.0
