,RMSE,MAE,MAPE,PI Width,CI Coverage,PI Overlap
mean,1021.5482426360111,931.7782052993774,15.109560412107204,0.0,0.0,0.0
std,1169.4809628479993,1130.3722449165523,18.396640235984297,0.0,0.0,0.0
