,RMSE,MAE,MAPE,PI Width,CI Coverage,PI Overlap
mean,550.6634139066363,483.6992332175926,8.75223315195201,0.0,0.0,0.0
std,546.6059348495721,560.2839976870889,10.083392626276709,0.0,0.0,0.0
