,RMSE,MAE,MAPE,PI Width,CI Coverage,PI Overlap
mean,570.5901355778449,504.2299641927083,8.093000079153773,0.0,0.0,0.0
median,577.2155781453062,510.21103922526044,8.188607202267654,0.0,0.0,0.0
std,25.51200070178776,23.831562521862843,0.38163515116185653,0.0,0.0,0.0
