,RMSE,MAE,MAPE,PI Width,CI Coverage,PI Overlap
mean,417.4328935959119,361.1014431423611,5.84925756379546,0.0,0.0,0.0
median,386.0514079062384,333.3517049153646,5.376913253615879,0.0,0.0,0.0
std,145.68081004958347,136.37168835774733,2.144501345289229,0.0,0.0,0.0
