,RMSE,MAE,MAPE,PI Width,CI Coverage,PI Overlap
mean,343.71544432493516,295.403480360243,4.784862896351589,0.0,0.0,0.0
median,344.5761128860337,296.28068033854163,4.798653986713716,0.0,0.0,0.0
std,2.4183500492457544,2.257632048766325,0.03543778924096041,0.0,0.0,0.0
