,RMSE,MAE,MAPE,PI Width,CI Coverage,PI Overlap
mean,325.23180219290356,275.8388373480903,4.493915014469178,0.0,0.0,0.0
median,320.0874731543738,272.7951253255208,4.4474318970953,0.0,0.0,0.0
std,68.29985503985098,61.335924054702765,0.9697603040436606,0.0,0.0,0.0
