,RMSE,MAE,MAPE,PI Width,CI Coverage,PI Overlap
mean,469.02102469539517,408.5046264648438,6.58152164189097,0.0,0.0,0.0
median,461.8742874577771,398.88212076822913,6.416326817235693,0.0,0.0,0.0
std,73.49997973816726,67.25771605430424,1.0550601346538826,0.0,0.0,0.0
