,RMSE,MAE,MAPE,PI Width,CI Coverage,PI Overlap
mean,363.7776592084576,311.0626586914062,5.0725073356819035,0.0,0.0,0.0
median,338.94897759807515,290.56689453125,4.761602438466067,0.0,0.0,0.0
std,62.022965380082596,59.1759085438269,0.9121139982937464,0.0,0.0,0.0
