,RMSE,MAE,MAPE,PI Width,CI Coverage,PI Overlap
mean,445.47707835149197,387.42194552951395,6.243982003080855,0.0,0.0,0.0
median,427.54099302886283,368.60758463541663,5.9209312440584005,0.0,0.0,0.0
std,141.11536449131066,130.66930400314266,2.0690052108872536,0.0,0.0,0.0
