,RMSE,MAE,MAPE,PI Width,CI Coverage,PI Overlap
mean,276.0846450278554,219.28037398726852,3.9975749812949393,0.0,0.0,0.0
median,274.41659697534925,218.03984375,3.9588610430745352,0.0,0.0,0.0
std,10.512267519123887,12.198898960046602,0.2397051725640596,0.0,0.0,0.0
