,RMSE,MAE,MAPE,PI Width,CI Coverage,PI Overlap
mean,282.01223747871234,228.4336283798759,4.167782027689376,0.0,0.0,0.0
median,282.48862464509614,228.5354731133644,4.165577581554903,0.0,0.0,0.0
std,3.408428268132689,2.8493851109229693,0.059190278926509535,0.0,0.0,0.0
