,RMSE,MAE,MAPE,PI Width,CI Coverage,PI Overlap
mean,458.64562977253263,396.24744601779514,6.37761435150457,0.0,0.0,0.0
median,462.6219750117573,399.56547037760413,6.4297129335012535,0.0,0.0,0.0
std,18.35432523344719,14.953316510344752,0.23483993621943475,0.0,0.0,0.0
