,RMSE,MAE,MAPE,PI Width,CI Coverage,PI Overlap
mean,429.5859705470082,369.6902031792535,5.99080907244223,0.0,0.0,0.0
median,412.12872474334745,355.49965413411456,5.727985950903866,0.0,0.0,0.0
std,86.84502348487936,83.806680588414,1.2952115966570188,0.0,0.0,0.0
