,RMSE,MAE,MAPE,PI Width,CI Coverage,PI Overlap
mean,312.05426833568396,255.1135959201389,4.329960712985035,0.0,0.0,0.0
median,301.3673599864695,245.3518798828125,4.161956704855785,0.0,0.0,0.0
std,55.31626207559441,50.8621276471731,0.8688008251803581,0.0,0.0,0.0
