,RMSE,MAE,MAPE,PI Width,CI Coverage,PI Overlap
mean,402.3484814534318,347.11350911458334,5.61875352123828,0.0,0.0,0.0
median,408.18905430099153,355.4152425130208,5.742330712066806,0.0,0.0,0.0
std,69.08205783582865,61.85680703907948,0.9589706837908347,0.0,0.0,0.0
