,RMSE,MAE,MAPE,PI Width,CI Coverage,PI Overlap
mean,301.67989250108957,242.31631763599538,4.213159664019306,0.0,0.0,0.0
median,296.7912168582519,236.70711263020834,4.148510793385837,0.0,0.0,0.0
std,25.180870342229973,21.919165305214182,0.3699591054365078,0.0,0.0,0.0
