,RMSE,MAE,MAPE,PI Width,CI Coverage,PI Overlap
mean,308.8160946663136,260.4463406032986,4.255464631966218,0.0,0.0,0.0
median,288.53923029433207,238.96683756510419,3.920273714024712,0.0,0.0,0.0
std,63.47220312199156,58.72252360373089,0.9170557819702778,0.0,0.0,0.0
