,RMSE,MAE,MAPE,PI Width,CI Coverage,PI Overlap
mean,541.6021252116368,476.3826782226563,7.69624927437019,0.0,0.0,0.0
median,536.9131677108364,474.3767903645833,7.64172814071333,0.0,0.0,0.0
std,195.4555634405102,174.7744246192226,2.7498544167346037,0.0,0.0,0.0
