,RMSE,MAE,MAPE,PI Width,CI Coverage,PI Overlap
mean,348.20422369258455,299.2801215277778,4.845096116293532,0.0,0.0,0.0
median,347.781662852026,298.9939982096354,4.841876576861541,0.0,0.0,0.0
std,4.334686711063266,3.884428134320221,0.06018726260677639,0.0,0.0,0.0
