,RMSE,MAE,MAPE,PI Width,CI Coverage,PI Overlap
mean,548.6450211254606,481.40470241970485,7.771571768880851,0.0,0.0,0.0
median,527.0928033199646,461.14404296875,7.4243354511571376,0.0,0.0,0.0
std,181.48137392019765,164.13440969234222,2.584789046940291,0.0,0.0,0.0
