,RMSE,MAE,MAPE,PI Width,CI Coverage,PI Overlap
mean,459.47994844073935,394.32333441840274,6.337569370491761,0.0,0.0,0.0
median,461.1635456372564,395.5338134765625,6.355907462759155,0.0,0.0,0.0
std,7.869539176184508,5.746922941842289,0.08721053757678764,0.0,0.0,0.0
