True,Pred
5750,598.5355
5399,598.5044
6123,598.32166
5730,597.1363
6015,597.13556
5989,597.13257
6333,597.1222
6388,597.1222
6048,597.1222
6322,597.1221
6405,597.1221
6523,597.1221
