True,Pred
5750,316.9908
5399,316.9134
6123,316.41864
5730,313.93695
6015,313.93094
5989,313.9071
6333,313.84396
6388,313.8437
6048,313.84274
6322,313.84113
6405,313.84113
6523,313.84113
