True,Pred
5750,779.75653
5399,779.7222
6123,779.53406
5730,778.44507
6015,778.44434
5989,778.4419
6333,778.435
6388,778.435
6048,778.4349
6322,778.4348
6405,778.4348
6523,778.4348
