True,Pred
4462,406.12128
4642,406.12128
4369,406.12128
4672,406.12128
4661,406.12128
4655,406.12128
4716,406.12128
4377,406.12128
4484,406.12128
4911,406.12128
5218,406.12128
5759,406.12128
5456,406.12128
5359,406.12128
5305,406.12128
5769,406.12128
5565,406.12128
5367,406.12128
5633,406.12128
5664,406.12128
6082,406.12128
6505,406.12128
5813,406.12128
6379,406.12128
6091,406.12128
6219,406.12128
6052,406.12128
6105,406.12128
6030,406.12128
5969,406.12128
5707,406.12128
5681,406.12128
6052,406.12128
5904,406.12128
5426,406.12128
6005,406.12128
5766,406.12128
5946,406.12128
5981,406.12128
6104,406.12128
5991,406.12128
5670,406.12128
5709,406.12128
5416,406.12128
5793,406.12128
