True,Pred
5750,548.18726
5399,548.17145
6123,548.0859
5730,547.5327
6015,547.5325
5989,547.5319
6333,547.5299
6388,547.5299
6048,547.5299
6322,547.5299
6405,547.5299
6523,547.5299
