True,Pred
4462,664.56274
4642,664.56274
4369,664.56274
4672,664.56274
4661,664.56274
4655,664.56274
4716,664.56274
4377,664.56274
4484,664.56274
4911,664.56274
5218,664.56274
5759,664.56274
5456,664.56274
5359,664.56274
5305,664.56274
5769,664.56274
5565,664.56274
5367,664.56274
5633,664.56274
5664,664.56274
6082,664.56274
6505,664.56274
5813,664.56274
6379,664.56274
6091,664.56274
6219,664.56274
6052,664.56274
6105,664.56274
6030,664.56274
5969,664.56274
5707,664.56274
5681,664.56274
6052,664.56274
5904,664.56274
5426,664.56274
6005,664.56274
5766,664.56274
5946,664.56274
5981,664.56274
6104,664.56274
5991,664.56274
5670,664.56274
5709,664.56274
5416,664.56274
5793,664.56274
