True,Pred
5750,383.1029
5399,383.06903
6123,382.85342
5730,381.80978
6015,381.8087
5989,381.80417
6333,381.79285
6388,381.79282
6048,381.79276
6322,381.79263
6405,381.79263
6523,381.79263
