True,Pred
5750,672.7498
5399,672.72577
6123,672.563
5730,671.66486
6015,671.66455
5989,671.66266
6333,671.6574
6388,671.6574
6048,671.6574
6322,671.6574
6405,671.6574
6523,671.6574
