True,Pred
4462,460.41724
4642,460.41724
4369,460.41724
4672,460.41724
4661,460.41724
4655,460.41724
4716,460.41724
4377,460.41724
4484,460.41724
4911,460.41724
5218,460.41724
5759,460.41724
5456,460.41724
5359,460.41724
5305,460.41724
5769,460.41724
5565,460.41724
5367,460.41724
5633,460.41724
5664,460.41724
6082,460.41724
6505,460.41724
5813,460.41724
6379,460.41724
6091,460.41724
6219,460.41724
6052,460.41724
6105,460.41724
6030,460.41724
5969,460.41724
5707,460.41724
5681,460.41724
6052,460.41724
5904,460.41724
5426,460.41724
6005,460.41724
5766,460.41724
5946,460.41724
5981,460.41724
6104,460.41724
5991,460.41724
5670,460.41724
5709,460.41724
5416,460.41724
5793,460.41724
