True,Pred
5750,635.17834
5399,635.1795
6123,635.14984
5730,633.6621
6015,633.6621
5989,633.66144
6333,633.65063
6388,633.65063
6048,633.65063
6322,633.6504
6405,633.6504
6523,633.6504
