True,Pred
5750,717.46844
5399,717.44476
6123,717.3269
5730,716.8845
6015,716.88416
5989,716.88354
6333,716.8823
6388,716.8823
6048,716.8823
6322,716.8823
6405,716.8823
6523,716.8823
