True,Pred
4462,890.26245
4642,890.26245
4369,890.26245
4672,890.26245
4661,890.26245
4655,890.26245
4716,890.26245
4377,890.26245
4484,890.26245
4911,890.26245
5218,890.26245
5759,890.26245
5456,890.26245
5359,890.26245
5305,890.26245
5769,890.26245
5565,890.26245
5367,890.26245
5633,890.26245
5664,890.26245
6082,890.26245
6505,890.26245
5813,890.26245
6379,890.26245
6091,890.26245
6219,890.26245
6052,890.26245
6105,890.26245
6030,890.26245
5969,890.26245
5707,890.26245
5681,890.26245
6052,890.26245
5904,890.26245
5426,890.26245
6005,890.26245
5766,890.26245
5946,890.26245
5981,890.26245
6104,890.26245
5991,890.26245
5670,890.26245
5709,890.26245
5416,890.26245
5793,890.26245
