True,Pred
5750,897.64636
5399,897.62897
6123,897.524
5730,896.9762
6015,896.97595
5989,896.9752
6333,896.9735
6388,896.9735
6048,896.9735
6322,896.9735
6405,896.9735
6523,896.9735
