,RMSE,MAE,MAPE,PI Width,CI Coverage,PI Overlap
mean,548.5534219016731,478.37944742838533,7.729992924065432,0.0,0.0,0.0
median,488.42170056860505,423.2573649088542,6.806931764609346,0.0,0.0,0.0
std,222.19129375821814,204.71059708481047,3.2262933608574484,0.0,0.0,0.0
