,RMSE,MAE,MAPE,PI Width,CI Coverage,PI Overlap
mean,250.28974382768604,203.15529963795734,3.6540820898173765,0.0,0.0,0.0
median,241.52005458879623,195.6307998285061,3.532784561247808,0.0,0.0,0.0
std,32.25087023987955,27.157639263559528,0.4884177855788764,0.0,0.0,0.0
