,RMSE,MAE,MAPE,PI Width,CI Coverage,PI Overlap
mean,252.2862168248471,205.78915147569444,3.74859971248078,0.0,0.0,0.0
median,249.59981212922065,204.320361328125,3.7174302108899164,0.0,0.0,0.0
std,10.392363142005587,9.777392356505235,0.18939282266482393,0.0,0.0,0.0
