,RMSE,MAE,MAPE,PI Width,CI Coverage,PI Overlap
mean,375.5730588231701,324.0134426540799,5.232430780364171,0.0,0.0,0.0
median,363.68627703990296,313.01444498697913,5.0538813964351395,0.0,0.0,0.0
std,98.67176490568993,90.14366476049791,1.4339080308586893,0.0,0.0,0.0
