,RMSE,MAE,MAPE,PI Width,CI Coverage,PI Overlap
mean,291.8758828084392,232.67372757523145,4.161920439949583,0.0,0.0,0.0
std,25.622672283179757,20.15005450593978,0.3208173838965159,0.0,0.0,0.0
