,RMSE,MAE,MAPE,PI Width,CI Coverage,PI Overlap
mean,421.8709862621517,365.3133070203993,5.912097992449507,0.0,0.0,0.0
std,97.78733766057738,90.58472838468384,1.4138348998021306,0.0,0.0,0.0
