,RMSE,MAE,MAPE,PI Width,CI Coverage,PI Overlap
mean,254.10502563549656,218.07233208550346,3.6328295787359464,0.0,0.0,0.0
median,254.18328477534232,217.93221028645831,3.627979085346835,0.0,0.0,0.0
std,3.4017554917093165,2.458770448998204,0.03930478068662319,0.0,0.0,0.0
