,RMSE,MAE,MAPE,PI Width,CI Coverage,PI Overlap
mean,429.50095669736237,372.98226047092015,6.017314756477194,0.0,0.0,0.0
median,428.52074714815694,371.50398763020837,5.985949592315652,0.0,0.0,0.0
std,58.5887326234373,54.06114754129086,0.8471743596545366,0.0,0.0,0.0
