,RMSE,MAE,MAPE,PI Width,CI Coverage,PI Overlap
mean,281.3457503064184,221.19765661168987,4.05202897436558,0.0,0.0,0.0
median,276.8403516075307,218.06342230902777,3.9735522144919173,0.0,0.0,0.0
std,16.984388443389527,15.742988888945368,0.2911832297330905,0.0,0.0,0.0
