,RMSE,MAE,MAPE,PI Width,CI Coverage,PI Overlap
mean,431.73258438532156,375.67700195312506,6.051639148889026,0.0,0.0,0.0
median,423.14899912682245,362.86468505859375,5.826174217813077,0.0,0.0,0.0
std,136.96837963481994,126.84166731317741,2.0192577995243557,0.0,0.0,0.0
