,RMSE,MAE,MAPE,PI Width,CI Coverage,PI Overlap
mean,381.1931372959846,331.6453423394097,5.386812350872887,0.0,0.0,0.0
median,222.23895047990564,188.71978759765625,3.1216167678941025,0.0,0.0,0.0
std,244.89057640949628,223.70673635182254,3.5421587436222337,0.0,0.0,0.0
