,RMSE,MAE,MAPE,PI Width,CI Coverage,PI Overlap
mean,260.2446510824782,203.32078334263397,3.6529834433308777,0.0,0.0,0.0
median,256.6052806459878,199.56090727306548,3.57050565998539,0.0,0.0,0.0
std,11.602910915647946,11.83801814437351,0.22841049020796694,0.0,0.0,0.0
