,RMSE,MAE,MAPE,PI Width,CI Coverage,PI Overlap
mean,345.3674538594143,295.5008355034722,4.7943884214551105,0.0,0.0,0.0
median,339.62454420150755,290.89644368489587,4.721157226255515,0.0,0.0,0.0
std,19.598418211170173,19.002642426778028,0.2907791898661425,0.0,0.0,0.0
