,RMSE,MAE,MAPE,PI Width,CI Coverage,PI Overlap
mean,290.2007215691372,230.37622341579865,3.8866880019648273,0.0,0.0,0.0
median,264.677399843771,208.008056640625,3.565301607087909,0.0,0.0,0.0
std,71.85136246037113,68.07450712798827,1.0288797031626253,0.0,0.0,0.0
