,RMSE,MAE,MAPE,PI Width,CI Coverage,PI Overlap
mean,273.5817903943973,214.36861183449074,3.9142598965586752,0.0,0.0,0.0
median,273.64187992150795,214.79820963541667,3.921203659778845,0.0,0.0,0.0
std,1.6213037084703408,1.5315694441167695,0.029871359831051648,0.0,0.0,0.0
