,RMSE,MAE,MAPE,PI Width,CI Coverage,PI Overlap
mean,287.23751138719064,242.08746337890625,4.002126958281711,0.0,0.0,0.0
median,245.80156229047464,205.13779703776044,3.419805534506736,0.0,0.0,0.0
std,94.46642076419185,86.35620234981991,1.3346366567263672,0.0,0.0,0.0
