True,Pred
5750,4897.7026
5399,4140.772
6123,3500.8242
5730,2959.7778
6015,2502.3496
5989,2115.6152
6333,1788.6498
6388,1512.2157
6048,1278.5042
6322,1080.9119
6405,913.85724
6523,772.62036
