,RMSE,MAE,MAPE,PI Width,CI Coverage,PI Overlap
mean,425.1862946997091,368.63205430772575,5.968194733221053,0.0,0.0,0.0
median,412.2086791591206,361.2921549479167,5.847350069523511,0.0,0.0,0.0
std,101.76661080901904,94.03392767107275,1.469696721042592,0.0,0.0,0.0
