,RMSE,MAE,MAPE,PI Width,CI Coverage,PI Overlap
mean,406.7842387445813,348.97176920572923,5.6363210580933565,0.0,0.0,0.0
median,419.2135902413935,361.5990193684896,5.817351757054443,0.0,0.0,0.0
std,44.53114955778608,45.32052198286383,0.6734677930875432,0.0,0.0,0.0
