,RMSE,MAE,MAPE,PI Width,CI Coverage,PI Overlap
mean,303.6352221729352,257.14965142144104,4.189960987687637,0.0,0.0,0.0
std,15.040800341945484,15.073418490698204,0.23767696792346618,0.0,0.0,0.0
