,RMSE,MAE,MAPE,PI Width,CI Coverage,PI Overlap
mean,255.53972354567713,206.30646461664247,3.7568387753124357,0.0,0.0,0.0
std,3.47356394780008,4.230243187076257,0.07815693582352803,0.0,0.0,0.0
