,RMSE,MAE,MAPE,PI Width,CI Coverage,PI Overlap
mean,364.3361153754866,316.825816514757,5.111730416541011,0.0,0.0,0.0
median,364.4605149902428,316.68798828125,5.109461819479652,0.0,0.0,0.0
std,6.746057442087957,6.500695819421195,0.10255930198906708,0.0,0.0,0.0
