,RMSE,MAE,MAPE,PI Width,CI Coverage,PI Overlap
mean,244.3459795832737,192.08967936197914,3.2932807403752244,0.0,0.0,0.0
median,237.35048602310275,185.51014811197916,3.1802910909024087,0.0,0.0,0.0
std,41.00467621986574,37.326322203482384,0.6423926745038342,0.0,0.0,0.0
