,RMSE,MAE,MAPE,PI Width,CI Coverage,PI Overlap
mean,375.2678457992857,324.07014567057297,5.245795974783555,0.0,0.0,0.0
median,370.5567826122758,318.6153157552083,5.147456849383219,0.0,0.0,0.0
std,28.019893605305512,30.7402308054437,0.5490106052583831,0.0,0.0,0.0
