,RMSE,MAE,MAPE,PI Width,CI Coverage,PI Overlap
mean,538.4836818802909,470.4042778862847,7.561964797439013,0.0,0.0,0.0
median,502.0829004811531,432.3316446940104,6.941159095917023,0.0,0.0,0.0
std,142.33253743079499,128.19969355179936,2.038938066117282,0.0,0.0,0.0
