,RMSE,MAE,MAPE,PI Width,CI Coverage,PI Overlap
mean,456.8837811475166,397.0165242513021,6.382076680848045,0.0,0.0,0.0
median,442.07989034691764,380.6859130859375,6.1108194897961665,0.0,0.0,0.0
std,79.41656778991619,74.29088328145424,1.1839926898728879,0.0,0.0,0.0
