,RMSE,MAE,MAPE,PI Width,CI Coverage,PI Overlap
mean,498.75966081090604,437.0112155490451,7.0175967348723685,0.0,0.0,0.0
median,496.6002845137439,434.45823160807294,6.975470584940836,0.0,0.0,0.0
std,51.043475282282415,47.28238656527159,0.7555585237985358,0.0,0.0,0.0
