,RMSE,MAE,MAPE,PI Width,CI Coverage,PI Overlap
mean,463.8440634700976,401.71381293402777,6.489323499235533,0.0,0.0,0.0
median,432.4612899411078,374.7740885416667,6.040337833347799,0.0,0.0,0.0
std,191.66810260224378,177.45230635804634,2.824198975212647,0.0,0.0,0.0
