,RMSE,MAE,MAPE,PI Width,CI Coverage,PI Overlap
mean,275.60110431456087,212.87336843679614,3.7585477681129356,0.0,0.0,0.0
std,26.117061081549096,21.17669624067441,0.3478361389666937,0.0,0.0,0.0
