,RMSE,MAE,MAPE,PI Width,CI Coverage,PI Overlap
mean,481.81947614627217,418.4318481445312,6.727607144809006,0.0,0.0,0.0
median,473.12449379864154,407.70017496744794,6.557484515949647,0.0,0.0,0.0
std,44.18531911909255,40.932579531480116,0.6490972957138402,0.0,0.0,0.0
