,RMSE,MAE,MAPE,PI Width,CI Coverage,PI Overlap
mean,589.3938492878752,520.3600680881076,8.367247171436377,0.0,0.0,0.0
std,195.59366477285673,183.45578946747563,2.9357290634973494,0.0,0.0,0.0
