,RMSE,MAE,MAPE,PI Width,CI Coverage,PI Overlap
mean,4723.848422061487,4687.76066385905,84.62419956452406,0.0,0.0,0.0
median,4823.153741561236,4787.978729248047,86.45921301111585,0.0,0.0,0.0
std,313.20483270396426,315.7995898753244,5.782355622213109,0.0,0.0,0.0
