,RMSE,MAE,MAPE,PI Width,CI Coverage,PI Overlap
mean,5133.0027670039235,5122.967618645563,84.13871149327385,0.0,0.0,0.0
median,5072.779235851319,5062.665601094564,83.14503768454236,0.0,0.0,0.0
std,302.928083194425,303.51720903553075,5.001805707869504,0.0,0.0,0.0
