True,Pred
5750,639.71216
5399,639.74036
6123,639.6926
5730,639.6927
6015,639.6926
5989,639.6926
6333,639.6926
6388,639.6926
6048,639.6926
6322,639.6926
6405,639.6926
6523,639.6926
