True,Pred
5750,842.60754
5399,842.41187
6123,839.5728
5730,839.5683
6015,839.53564
5989,839.5355
6333,839.5353
6388,839.53516
6048,839.53516
6322,839.53516
6405,839.53516
6523,839.53516
