True,Pred
5750,719.99677
5399,719.9965
6123,719.96875
5730,719.96875
6015,719.96875
5989,719.96875
6333,719.96875
6388,719.96875
6048,719.96875
6322,719.96875
6405,719.96875
6523,719.96875
