True,Pred
5750,669.4457
5399,669.3644
6123,668.7305
5730,668.7298
6015,668.72723
5989,668.72723
6333,668.7272
6388,668.7272
6048,668.7271
6322,668.7271
6405,668.7271
6523,668.7271
