True,Pred
4825,642.88763
4462,642.88763
4642,642.88763
4369,642.88763
4672,642.88763
4661,642.88763
4655,642.88763
4716,642.88763
4377,642.88763
4484,642.88763
4911,642.88763
5218,642.88763
5759,642.88763
5456,642.88763
5359,642.88763
5305,642.88763
5769,642.88763
5565,642.88763
5367,642.88763
5633,642.88763
5664,642.88763
6082,642.88763
6505,642.88763
5813,642.88763
6379,642.88763
6091,642.88763
6219,642.88763
6052,642.88763
6105,642.88763
6030,642.88763
5969,642.88763
5707,642.88763
5681,642.88763
6052,642.88763
5904,642.88763
5426,642.88763
6005,642.88763
5766,642.88763
5946,642.88763
5981,642.88763
6104,642.88763
5991,642.88763
5670,642.88763
5709,642.88763
5416,642.88763
5793,642.88763
