True,Pred
5750,994.2666
5399,994.25946
6123,993.64453
5730,993.64453
6015,993.64246
5989,993.64246
6333,993.64246
6388,993.64246
6048,993.64246
6322,993.64246
6405,993.64246
6523,993.64246
