True,Pred
5750,759.0458
5399,759.0395
6123,758.9591
5730,758.9591
6015,758.95905
5989,758.95905
6333,758.9591
6388,758.9591
6048,758.95905
6322,758.95905
6405,758.9591
6523,758.9591
