True,Pred
5750,627.5695
5399,627.4138
6123,625.9526
5730,625.94934
6015,625.93396
5989,625.93384
6333,625.9337
6388,625.9337
6048,625.9337
6322,625.9337
6405,625.9337
6523,625.9337
