True,Pred
5750,969.6818
5399,969.67126
6123,969.5012
5730,969.5012
6015,969.50104
5989,969.50104
6333,969.50104
6388,969.50104
6048,969.50104
6322,969.50104
6405,969.50104
6523,969.50104
