,RMSE,MAE,MAPE,PI Width,CI Coverage,PI Overlap
mean,278.7347519839605,222.57817305307537,4.07698082266582,0.0,0.0,0.0
median,277.4845658835562,219.6427001953125,4.034633593868863,0.0,0.0,0.0
std,18.552161744040596,18.12454010809745,0.3508875488956275,0.0,0.0,0.0
