,RMSE,MAE,MAPE,PI Width,CI Coverage,PI Overlap
mean,291.79101400696203,243.4323527018229,4.0128253577281665,0.0,0.0,0.0
median,286.2325898015359,230.8961385091146,3.8592878514113744,0.0,0.0,0.0
std,46.224518730018275,42.93300075601501,0.6481546844164741,0.0,0.0,0.0
