,RMSE,MAE,MAPE,PI Width,CI Coverage,PI Overlap
mean,287.8458914529529,235.26736099567825,4.321211708241065,0.0,0.0,0.0
median,288.3197275207176,235.87636095412233,4.335505532405673,0.0,0.0,0.0
std,2.1250053428231492,2.185856831276561,0.04790774580220042,0.0,0.0,0.0
