,RMSE,MAE,MAPE,PI Width,CI Coverage,PI Overlap
mean,332.5119594692053,283.54150254991316,4.606667816374408,0.0,0.0,0.0
median,325.67871330498883,277.3278605143229,4.5154024862893944,0.0,0.0,0.0
std,24.520428215900935,23.36669368697182,0.36250885592602,0.0,0.0,0.0
