,RMSE,MAE,MAPE,PI Width,CI Coverage,PI Overlap
mean,363.73850500082295,310.8209771050348,5.055112607683162,0.0,0.0,0.0
median,278.67024370330887,230.8204345703125,3.7892303509921774,0.0,0.0,0.0
std,124.87487700190346,111.73215680864638,1.7351166035468484,0.0,0.0,0.0
