,RMSE,MAE,MAPE,PI Width,CI Coverage,PI Overlap
mean,3081.4277899998556,2967.1415785047743,33.15618322261334,0.0,0.0,0.0
std,183.50614581533873,189.36656421256546,2.170571301939064,0.0,0.0,0.0
