,RMSE,MAE,MAPE,PI Width,CI Coverage,PI Overlap
mean,505.2127447754178,433.34058430989575,6.989090507578524,0.0,0.0,0.0
median,511.68304069521616,435.60137939453125,7.024151642580383,0.0,0.0,0.0
std,59.39533655453665,55.380659782652934,0.8661690320978632,0.0,0.0,0.0
