,RMSE,MAE,MAPE,PI Width,CI Coverage,PI Overlap
mean,714.0168920824786,630.8669894748263,10.124082137621917,0.0,0.0,0.0
median,739.9284969493353,659.5567830403646,10.5848592204742,0.0,0.0,0.0
std,198.30498816226014,178.22073348927057,2.845672533110848,0.0,0.0,0.0
