,RMSE,MAE,MAPE,PI Width,CI Coverage,PI Overlap
mean,573.5037092280251,510.52208658854164,8.209506364759514,0.0,0.0,0.0
median,539.5457248303981,479.07845052083337,7.702514342497352,0.0,0.0,0.0
std,125.76686553245916,119.24998194980576,1.9098434900265135,0.0,0.0,0.0
