,RMSE,MAE,MAPE,PI Width,CI Coverage,PI Overlap
mean,526.0423132624261,460.97363009982644,7.421857449414944,0.0,0.0,0.0
median,519.8152338222658,456.9748738606771,7.342946129652916,0.0,0.0,0.0
std,187.23864229166577,171.683866546453,2.7272411453101837,0.0,0.0,0.0
