,RMSE,MAE,MAPE,PI Width,CI Coverage,PI Overlap
mean,359.4938500088212,310.68652615017356,5.057128977626494,0.0,0.0,0.0
median,351.35038004734406,302.09641520182294,4.8972710264581085,0.0,0.0,0.0
std,54.38470210667121,58.08588828722139,0.9979965883367337,0.0,0.0,0.0
