,RMSE,MAE,MAPE,PI Width,CI Coverage,PI Overlap
mean,2155.171247351355,1924.741612921821,31.00655067839745,0.0,0.0,0.0
median,2357.075332082623,2097.9251505533857,33.74479330342151,0.0,0.0,0.0
std,1278.3431973134961,1149.5553389195618,18.492800263233704,0.0,0.0,0.0
