,RMSE,MAE,MAPE,PI Width,CI Coverage,PI Overlap
mean,460.355996739754,401.37259114583344,6.4529876835014734,0.0,0.0,0.0
median,463.1480703744169,403.8624471028646,6.481872805905813,0.0,0.0,0.0
std,51.084464051780714,50.15602181184786,0.7930460682413201,0.0,0.0,0.0
