,RMSE,MAE,MAPE,PI Width,CI Coverage,PI Overlap
mean,275.4387485187723,231.74567464192705,3.766541355064959,0.0,0.0,0.0
std,7.633034838044355,7.922030416998397,0.12505292052374567,0.0,0.0,0.0
