,RMSE,MAE,MAPE,PI Width,CI Coverage,PI Overlap
mean,355.9952166337544,306.39383002387154,4.9463747468278605,0.0,0.0,0.0
median,356.019230799073,306.40850830078125,4.946403736717288,0.0,0.0,0.0
std,1.5137739723241617,1.6337174143977455,0.025560253890507614,0.0,0.0,0.0
