,RMSE,MAE,MAPE,PI Width,CI Coverage,PI Overlap
mean,488.42087358898806,423.8421373155382,6.805862488353634,0.0,0.0,0.0
median,491.22627454689564,426.31148274739587,6.845006098171705,0.0,0.0,0.0
std,20.759597004499696,20.13779174886655,0.3222009555444728,0.0,0.0,0.0
