,RMSE,MAE,MAPE,PI Width,CI Coverage,PI Overlap
mean,287.56350632213685,241.17436659071183,3.9907049370764613,0.0,0.0,0.0
median,280.15586694838316,233.79730224609375,3.87941971093184,0.0,0.0,0.0
std,18.012130584849917,15.811897088818123,0.2331248197573999,0.0,0.0,0.0
