,RMSE,MAE,MAPE,PI Width,CI Coverage,PI Overlap
mean,342.62415232247076,294.08007405598954,4.7648891542759975,0.0,0.0,0.0
median,342.6945554792911,294.1335856119792,4.765208220718446,0.0,0.0,0.0
std,0.6289766431574075,0.4402432993133083,0.006218401845080866,0.0,0.0,0.0
