,RMSE,MAE,MAPE,PI Width,CI Coverage,PI Overlap
mean,286.93590405314325,235.40953667534723,4.009233723667632,0.0,0.0,0.0
median,271.31525311669725,224.42154134114583,3.8220108475812005,0.0,0.0,0.0
std,37.08312833886263,30.744840099486687,0.5001457397415252,0.0,0.0,0.0
