,RMSE,MAE,MAPE,PI Width,CI Coverage,PI Overlap
mean,269.92043718965687,218.30954718338813,3.865010355492321,0.0,0.0,0.0
median,260.81711826945076,209.6569245990954,3.7534274853215495,0.0,0.0,0.0
std,31.436943357792963,25.912582451396933,0.42938907276757904,0.0,0.0,0.0
