,RMSE,MAE,MAPE,PI Width,CI Coverage,PI Overlap
mean,460.1484024340241,400.7737263997396,6.466253896361256,0.0,0.0,0.0
std,106.58477385929199,97.72170919000443,1.532883509136842,0.0,0.0,0.0
