,RMSE,MAE,MAPE,PI Width,CI Coverage,PI Overlap
mean,486.9065992801543,432.9200141059028,7.0168745706242674,0.0,0.0,0.0
median,394.32257731457173,343.6318359375,5.550449287926711,0.0,0.0,0.0
std,242.7123758946815,233.80566592124205,3.836148671083588,0.0,0.0,0.0
