,RMSE,MAE,MAPE,PI Width,CI Coverage,PI Overlap
mean,244.9049859157812,189.40740650318284,3.281448375561181,0.0,0.0,0.0
median,244.6355026487513,189.46938069661456,3.28449803748331,0.0,0.0,0.0
std,0.5936462817750825,0.4325454673995297,0.011999090376188912,0.0,0.0,0.0
