,RMSE,MAE,MAPE,PI Width,CI Coverage,PI Overlap
mean,260.257134839265,219.83831922743053,3.6739551638555192,0.0,0.0,0.0
median,247.38046898214083,209.17724609375,3.5128170845969873,0.0,0.0,0.0
std,55.59406175070179,49.821652724849024,0.7633653095554623,0.0,0.0,0.0
