,RMSE,MAE,MAPE,PI Width,CI Coverage,PI Overlap
mean,509.6370639798982,385.8233338891006,7.2758870551500525,0.0,0.0,0.0
median,508.22983787954786,384.82062809641764,7.257821090428062,0.0,0.0,0.0
std,3.490404968316882,4.545326990213018,0.04307880978128061,0.0,0.0,0.0
