,RMSE,MAE,MAPE,PI Width,CI Coverage,PI Overlap
mean,472.44078726424465,411.41298692491324,6.62216173675161,0.0,0.0,0.0
median,457.4754000999632,394.6633707682292,6.339458442445876,0.0,0.0,0.0
std,145.36968017804696,135.53360752713718,2.1543210999829085,0.0,0.0,0.0
