,RMSE,MAE,MAPE,PI Width,CI Coverage,PI Overlap
mean,445.2548303082111,384.7668443467882,6.214843919485329,0.0,0.0,0.0
median,427.79554744163283,367.13197835286456,5.906596071271551,0.0,0.0,0.0
std,90.89606563225854,89.25661106265285,1.4065240010641076,0.0,0.0,0.0
