,RMSE,MAE,MAPE,PI Width,CI Coverage,PI Overlap
mean,378.3021245470267,327.306032986111,5.308732351419092,0.0,0.0,0.0
median,370.2810009221512,322.2718098958333,5.219131358702013,0.0,0.0,0.0
std,34.73223300804997,31.97254698614877,0.49402419316734664,0.0,0.0,0.0
