,RMSE,MAE,MAPE,PI Width,CI Coverage,PI Overlap
mean,711.2659301255652,629.8245496961806,10.117410486735679,0.0,0.0,0.0
median,717.3125503578229,633.0249633789062,10.163886466545005,0.0,0.0,0.0
std,106.59221965601311,95.01399880789941,1.5143616020397808,0.0,0.0,0.0
