,RMSE,MAE,MAPE,PI Width,CI Coverage,PI Overlap
mean,2380.5723159077993,2104.2073573642306,33.875868533107145,0.0,0.0,0.0
median,2198.379738204985,1967.6651102701821,31.680990367053695,0.0,0.0,0.0
std,2149.6435792357297,1789.9533793523494,28.66951695191343,0.0,0.0,0.0
