True,Pred
5750,4722.063
5399,3873.793
6123,2698.5312
5730,1976.8809
6015,1489.8732
5989,1285.453
6333,1094.6138
6388,887.14294
6048,649.1353
6322,469.04407
6405,355.61963
6523,297.1639
