,RMSE,MAE,MAPE,PI Width,CI Coverage,PI Overlap
mean,270.37925638337236,212.95514286747687,3.8858953092628754,0.0,0.0,0.0
median,267.96352547237734,211.12666558159722,3.8623439880404824,0.0,0.0,0.0
std,7.654075295233999,8.675771800679966,0.16917834293830833,0.0,0.0,0.0
