,RMSE,MAE,MAPE,PI Width,CI Coverage,PI Overlap
mean,380.0572496874009,326.26670057508676,5.2682790386189655,0.0,0.0,0.0
median,380.82578143370375,327.56011962890625,5.283437972132614,0.0,0.0,0.0
std,79.99214217997252,73.0981505363666,1.146273462045838,0.0,0.0,0.0
