,RMSE,MAE,MAPE,PI Width,CI Coverage,PI Overlap
mean,271.1859444581149,211.99255758618548,3.834137616136863,0.0,0.0,0.0
median,271.28542409799627,211.96709333147322,3.8283373437916275,0.0,0.0,0.0
std,2.2919368845576216,1.988446056005445,0.03256903551362172,0.0,0.0,0.0
