,RMSE,MAE,MAPE,PI Width,CI Coverage,PI Overlap
mean,372.95026294844257,322.4079698350695,5.221190981439242,0.0,0.0,0.0
median,367.3775457724338,316.0771484375,5.10872800243985,0.0,0.0,0.0
std,34.33607341462195,37.96167321975217,0.664282901420671,0.0,0.0,0.0
