,RMSE,MAE,MAPE,PI Width,CI Coverage,PI Overlap
mean,590.8836093270737,514.6792466905382,8.29095108173705,0.0,0.0,0.0
median,579.2378121058841,510.50480143229163,8.213694462087087,0.0,0.0,0.0
std,137.5298889858307,128.28230305040842,2.0153935430980012,0.0,0.0,0.0
