,RMSE,MAE,MAPE,PI Width,CI Coverage,PI Overlap
mean,356.50321370801106,274.53882935670043,4.896258339181151,0.0,0.0,0.0
std,26.730099894450376,25.160131227518335,0.4124539078601466,0.0,0.0,0.0
