,RMSE,MAE,MAPE,PI Width,CI Coverage,PI Overlap
mean,456.371641727329,395.85981716579863,6.380706062698123,0.0,0.0,0.0
std,159.9686139738494,147.89540725228542,2.348496885202964,0.0,0.0,0.0
