,RMSE,MAE,MAPE,PI Width,CI Coverage,PI Overlap
mean,321.2799605980219,274.1567342122396,4.4603029066808855,0.0,0.0,0.0
median,324.87043734188114,278.03068033854163,4.520592321507207,0.0,0.0,0.0
std,16.870997062806726,17.269898594275865,0.26773883260396386,0.0,0.0,0.0
