,RMSE,MAE,MAPE,PI Width,CI Coverage,PI Overlap
mean,264.9571705990678,214.3648040061773,3.898395003391692,0.0,0.0,0.0
std,14.77256588889793,11.936652325394375,0.2048648564666786,0.0,0.0,0.0
