,RMSE,MAE,MAPE,PI Width,CI Coverage,PI Overlap
mean,540.1519037521551,474.5161770290799,7.619710070089651,0.0,0.0,0.0
median,548.797323787189,484.33526611328125,7.775182930486023,0.0,0.0,0.0
std,104.91703496333447,96.97460502719876,1.5471362064916858,0.0,0.0,0.0
