True,Pred
5750.0,5919.237893643831
5399.0,5617.092632870195
6123.0,6164.932689710291
5730.0,5888.458626760791
6015.0,5980.614876755038
5989.0,5910.704568896695
6333.0,6122.924177368897
6388.0,6003.369896589941
6048.0,5810.3970990254165
6322.0,5834.6407657215
6405.0,5689.606536533445
6523.0,6039.428116243708
