,RMSE,MAE,MAPE,PI Width,CI Coverage,PI Overlap
mean,347.65520421643583,296.6980970594619,4.7978659288419685,0.0,0.0,0.0
median,350.8922867066062,299.21822102864587,4.83321743424606,0.0,0.0,0.0
std,23.02643237406891,21.87306979973675,0.34147818485946985,0.0,0.0,0.0
