,RMSE,MAE,MAPE,PI Width,CI Coverage,PI Overlap
mean,3022.941400895891,2891.33183186849,32.226387823907665,0.0,0.0,0.0
std,63.735440891057166,64.02086031018737,0.7265295371793791,0.0,0.0,0.0
