,RMSE,MAE,MAPE,PI Width,CI Coverage,PI Overlap
mean,233.66519930187687,197.35212809244794,3.257918477974224,0.0,0.0,0.0
std,24.56931200660289,20.858402745512326,0.3130470313227983,0.0,0.0,0.0
