,RMSE,MAE,MAPE,PI Width,CI Coverage,PI Overlap
mean,287.13419183407206,227.35280326429262,4.138046364234429,0.0,0.0,0.0
std,4.364285163194001,5.699175482665159,0.10722903726839532,0.0,0.0,0.0
