,RMSE,MAE,MAPE,PI Width,CI Coverage,PI Overlap
mean,483.0264774437457,427.8109605577257,6.919470390723538,0.0,0.0,0.0
median,427.053725466734,370.8125,5.980036040038951,0.0,0.0,0.0
std,256.0860990424454,259.05028310919164,4.224789964346904,0.0,0.0,0.0
