,RMSE,MAE,MAPE,PI Width,CI Coverage,PI Overlap
mean,3114.3585522788317,3008.599799601237,33.66399817672866,0.0,0.0,0.0
std,102.700196680908,106.12824629035013,1.2193845573487527,0.0,0.0,0.0
