,RMSE,MAE,MAPE,PI Width,CI Coverage,PI Overlap
mean,2939.8558966131272,2808.4781233045796,31.298574177837036,0.0,0.0,0.0
std,505.3189744156756,503.8489162970231,5.696921606904556,0.0,0.0,0.0
