,RMSE,MAE,MAPE,PI Width,CI Coverage,PI Overlap
mean,390.42095913291644,337.63807373046876,5.45331126098594,0.0,0.0,0.0
median,389.3192782264232,337.2811075846354,5.431069004457035,0.0,0.0,0.0
std,54.867338619516694,48.99596257643498,0.7702009218696554,0.0,0.0,0.0
