,RMSE,MAE,MAPE,PI Width,CI Coverage,PI Overlap
mean,267.5554288871901,213.12532635550215,3.8355349311767104,0.0,0.0,0.0
std,20.247993201303334,12.795992756249879,0.25392683092668417,0.0,0.0,0.0
