,RMSE,MAE,MAPE,PI Width,CI Coverage,PI Overlap
mean,287.94354550910714,234.62720984256626,4.332365273466868,0.0,0.0,0.0
median,278.4853260858337,227.41108842329544,4.259744884265986,0.0,0.0,0.0
std,35.463331980053134,35.0302200091333,0.6896030022212044,0.0,0.0,0.0
