,RMSE,MAE,MAPE,PI Width,CI Coverage,PI Overlap
mean,411.50448582821264,356.60145670572916,5.76219537952087,0.0,0.0,0.0
median,406.5085245731643,352.9334716796875,5.70949339810961,0.0,0.0,0.0
std,47.8568751827415,42.07344088253383,0.6530511685967947,0.0,0.0,0.0
