,RMSE,MAE,MAPE,PI Width,CI Coverage,PI Overlap
mean,363.15344778597296,311.13374023437495,5.032470818056845,0.0,0.0,0.0
median,368.7505779881957,317.08294677734375,5.122994321435693,0.0,0.0,0.0
std,37.015342036636596,34.36485534368897,0.5314091835166602,0.0,0.0,0.0
