,RMSE,MAE,MAPE,PI Width,CI Coverage,PI Overlap
mean,289.010782056457,244.23634982638887,3.9788299691760685,0.0,0.0,0.0
median,254.9505252511409,212.28432210286456,3.474067202715915,0.0,0.0,0.0
std,85.00752892333456,77.82265415487932,1.2259582544068897,0.0,0.0,0.0
