,RMSE,MAE,MAPE,PI Width,CI Coverage,PI Overlap
mean,273.63551628832175,220.97217316323136,4.022389217764542,0.0,0.0,0.0
median,272.1748085508218,216.83699717420214,3.925058986164858,0.0,0.0,0.0
std,12.994012588053838,11.263567771906379,0.22720258299117752,0.0,0.0,0.0
