,RMSE,MAE,MAPE,PI Width,CI Coverage,PI Overlap
mean,676.8064006973324,594.6382432725694,9.545002588183658,0.0,0.0,0.0
median,656.8749267452295,578.079081217448,9.275776667579429,0.0,0.0,0.0
std,225.40332036022852,202.99501767547372,3.2369803744688026,0.0,0.0,0.0
