,RMSE,MAE,MAPE,PI Width,CI Coverage,PI Overlap
mean,424.5096521276563,365.4398396809896,5.963723226117646,0.0,0.0,0.0
median,392.57226765756053,336.58563232421875,5.5814907989360325,0.0,0.0,0.0
std,150.14989008015306,141.38199525316548,2.213265067222937,0.0,0.0,0.0
