,RMSE,MAE,MAPE,PI Width,CI Coverage,PI Overlap
mean,281.01052087137015,231.7366678440824,4.254962754631009,0.0,0.0,0.0
median,281.22942798518795,231.97773125831117,4.268101186116009,0.0,0.0,0.0
std,5.06864776324607,3.830478159036144,0.07842135823096615,0.0,0.0,0.0
