,RMSE,MAE,MAPE,PI Width,CI Coverage,PI Overlap
mean,282.12021445721626,232.38412947417996,4.2679026385254515,0.0,0.0,0.0
median,282.30737328924295,233.3653902094415,4.2826299460649455,0.0,0.0,0.0
std,5.686011704905712,3.973131269116741,0.08062698672196937,0.0,0.0,0.0
