,RMSE,MAE,MAPE,PI Width,CI Coverage,PI Overlap
mean,390.04273872712474,334.98088650173605,5.441789153151831,0.0,0.0,0.0
median,378.2841002372351,328.397705078125,5.313436766838267,0.0,0.0,0.0
std,124.01822348978476,114.22859303222316,1.7854449534743657,0.0,0.0,0.0
