,RMSE,MAE,MAPE,PI Width,CI Coverage,PI Overlap
mean,288.60923227923564,240.20675998263886,3.9195769998657957,0.0,0.0,0.0
median,292.23704724372965,243.6206258138021,3.9697935836540017,0.0,0.0,0.0
std,11.81275431322153,10.201206561249508,0.15358000001847988,0.0,0.0,0.0
