,RMSE,MAE,MAPE,PI Width,CI Coverage,PI Overlap
mean,250.91458397363638,210.9647067599827,3.4611552150399176,0.0,0.0,0.0
median,253.8829329404369,212.69451904296875,3.483899687836028,0.0,0.0,0.0
std,10.909368280497528,8.146542207655202,0.12162807893547982,0.0,0.0,0.0
