True,Pred
5750,5043.496
5399,4520.6763
6123,3891.5806
5730,3141.0913
6015,2119.296
5989,1214.8302
6333,1113.9113
6388,1142.348
6048,1248.0902
6322,1156.7087
6405,599.37897
6523,-19.590939
