,RMSE,MAE,MAPE,PI Width,CI Coverage,PI Overlap
mean,309.9934991028551,265.7074286566841,4.344191148192127,0.0,0.0,0.0
median,350.9837222696534,302.15987141927087,4.894200320227769,0.0,0.0,0.0
std,63.77451433625448,56.28844354822244,0.8538199029194699,0.0,0.0,0.0
