,RMSE,MAE,MAPE,PI Width,CI Coverage,PI Overlap
mean,3578.519288788432,3448.7869506835946,38.56145265887361,0.0,0.0,0.0
std,331.09946950163476,327.23874593921045,3.702796370357189,0.0,0.0,0.0
