,RMSE,MAE,MAPE,PI Width,CI Coverage,PI Overlap
mean,415.98528787691896,361.55864122178826,5.857934845829157,0.0,0.0,0.0
median,399.293812534552,347.90675862630206,5.6236976801293945,0.0,0.0,0.0
std,109.15125336154759,101.7798608533873,1.5988571163480212,0.0,0.0,0.0
