,RMSE,MAE,MAPE,PI Width,CI Coverage,PI Overlap
mean,462.9899104346715,402.99638264973964,6.486511793992673,0.0,0.0,0.0
median,455.461870051867,390.9554443359375,6.278750572576982,0.0,0.0,0.0
std,103.21329416529147,94.83644085765312,1.5024836094978253,0.0,0.0,0.0
