,RMSE,MAE,MAPE,PI Width,CI Coverage,PI Overlap
mean,498.0268283685028,434.2175198025173,6.980401592128614,0.0,0.0,0.0
median,494.38705987489465,429.84525553385413,6.901878380518305,0.0,0.0,0.0
std,26.159662412430563,28.29765137792972,0.4821997404605075,0.0,0.0,0.0
