,RMSE,MAE,MAPE,PI Width,CI Coverage,PI Overlap
mean,349.5464590112907,296.19559733072913,4.856559281044544,0.0,0.0,0.0
median,331.47490554662966,279.4916788736979,4.605850362326576,0.0,0.0,0.0
std,98.74359647808467,91.55922132602348,1.4549831291316278,0.0,0.0,0.0
