,RMSE,MAE,MAPE,PI Width,CI Coverage,PI Overlap
mean,256.62365692318775,211.08808516245043,3.8611279200937303,0.0,0.0,0.0
median,252.3620971382394,204.96085611979166,3.737925939368274,0.0,0.0,0.0
std,34.52900617913595,30.33945917354473,0.5817420596216449,0.0,0.0,0.0
