,RMSE,MAE,MAPE,PI Width,CI Coverage,PI Overlap
mean,433.12314742557624,374.0484592013889,6.014254585929952,0.0,0.0,0.0
std,7.807381401998456,6.74655103740994,0.10636848769382327,0.0,0.0,0.0
