,RMSE,MAE,MAPE,PI Width,CI Coverage,PI Overlap
mean,356.12968573419886,308.63443467881945,5.002595431162698,0.0,0.0,0.0
median,354.4769134643624,307.0919189453125,4.978622949861721,0.0,0.0,0.0
std,9.418838010876591,8.619325366955579,0.13517481900052414,0.0,0.0,0.0
