,RMSE,MAE,MAPE,PI Width,CI Coverage,PI Overlap
mean,571.2900645187951,508.6100260416667,8.167072522905986,0.0,0.0,0.0
median,572.0922194882628,509.53861490885413,8.18199639533174,0.0,0.0,0.0
std,17.773314245164066,17.867350685501457,0.2871562126565749,0.0,0.0,0.0
