,RMSE,MAE,MAPE,PI Width,CI Coverage,PI Overlap
mean,525.3814411382307,456.86496039496524,7.359418234974767,0.0,0.0,0.0
median,547.7151136351852,475.91326904296875,7.638154653921067,0.0,0.0,0.0
std,140.14375737902702,128.85171709290452,2.0261524861697278,0.0,0.0,0.0
