,RMSE,MAE,MAPE,PI Width,CI Coverage,PI Overlap
mean,274.25410532629957,218.1826472077546,4.003791178679122,0.0,0.0,0.0
std,4.736012173928537,4.183695493920767,0.08649202448494873,0.0,0.0,0.0
