,RMSE,MAE,MAPE,PI Width,CI Coverage,PI Overlap
mean,707.7826313234342,654.3962646484376,10.69208197202171,0.0,0.0,0.0
std,471.5476920552343,461.756004311669,7.543496452107972,0.0,0.0,0.0
