,RMSE,MAE,MAPE,PI Width,CI Coverage,PI Overlap
mean,462.3273755191592,400.52874620225697,6.444984791348072,0.0,0.0,0.0
median,499.8857268404853,434.17433675130206,6.9715030992907465,0.0,0.0,0.0
std,92.11567868758883,82.98004595478734,1.3029713136075156,0.0,0.0,0.0
