,RMSE,MAE,MAPE,PI Width,CI Coverage,PI Overlap
mean,367.5741834482808,316.1580864800347,5.109358697821084,0.0,0.0,0.0
median,365.2650494302193,314.19376627604163,5.07843201466302,0.0,0.0,0.0
std,5.640062383925924,5.283037905111638,0.08360299086761076,0.0,0.0,0.0
