,RMSE,MAE,MAPE,PI Width,CI Coverage,PI Overlap
mean,280.3302665293952,232.75661621093752,4.283018175739854,0.0,0.0,0.0
median,274.23529842728107,228.9513523267663,4.210780971552774,0.0,0.0,0.0
std,26.332258696398195,24.16103286858855,0.45572240528212593,0.0,0.0,0.0
