,RMSE,MAE,MAPE,PI Width,CI Coverage,PI Overlap
mean,396.51611739832225,319.96053613973856,6.205037258488117,0.0,0.0,0.0
median,394.9910139417421,318.8462849069149,6.186055766117247,0.0,0.0,0.0
std,16.43835637763089,10.234544493531711,0.2458307899593681,0.0,0.0,0.0
