,RMSE,MAE,MAPE,PI Width,CI Coverage,PI Overlap
mean,417.44392641173147,362.1112847222222,5.855868997884182,0.0,0.0,0.0
median,398.5218591810401,349.02671305338544,5.643107135469806,0.0,0.0,0.0
std,81.1479259883243,74.74925468403545,1.1717503837977745,0.0,0.0,0.0
