,RMSE,MAE,MAPE,PI Width,CI Coverage,PI Overlap
mean,465.71206590132,402.2189602322049,6.469414691840248,0.0,0.0,0.0
median,478.5305092251906,411.3797810872396,6.606410202691978,0.0,0.0,0.0
std,44.30808373619047,39.99781137466767,0.6256859610576526,0.0,0.0,0.0
