,RMSE,MAE,MAPE,PI Width,CI Coverage,PI Overlap
mean,445.08895278006673,328.5686039439418,6.046081574184478,0.0,0.0,0.0
median,445.0488076315098,328.4843236019737,6.044805727898581,0.0,0.0,0.0
std,0.23159043525701506,1.4684057662800554,0.012593467567231932,0.0,0.0,0.0
