,RMSE,MAE,MAPE,PI Width,CI Coverage,PI Overlap
mean,4701.720706337926,4665.822539469402,83.98375002869176,0.0,0.0,0.0
median,4690.196670159852,4654.413937038846,83.77546847112534,0.0,0.0,0.0
std,349.2835374705349,352.09974505714655,6.428121501430437,0.0,0.0,0.0
