True,Pred
5750,453.92993
5399,453.9039
6123,453.7486
5730,453.14688
6015,453.14633
5989,453.14423
6333,453.13986
6388,453.13986
6048,453.13983
6322,453.13983
6405,453.13983
6523,453.13983
