True,Pred
4462,828.99023
4642,828.99023
4369,828.99023
4672,828.99023
4661,828.99023
4655,828.99023
4716,828.99023
4377,828.99023
4484,828.99023
4911,828.99023
5218,828.99023
5759,828.99023
5456,828.99023
5359,828.99023
5305,828.99023
5769,828.99023
5565,828.99023
5367,828.99023
5633,828.99023
5664,828.99023
6082,828.99023
6505,828.99023
5813,828.99023
6379,828.99023
6091,828.99023
6219,828.99023
6052,828.99023
6105,828.99023
6030,828.99023
5969,828.99023
5707,828.99023
5681,828.99023
6052,828.99023
5904,828.99023
5426,828.99023
6005,828.99023
5766,828.99023
5946,828.99023
5981,828.99023
6104,828.99023
5991,828.99023
5670,828.99023
5709,828.99023
5416,828.99023
5793,828.99023
