True,Pred
4462,195.08574
4642,195.08574
4369,195.08574
4672,195.08574
4661,195.08574
4655,195.08574
4716,195.08574
4377,195.08574
4484,195.08574
4911,195.08574
5218,195.08574
5759,195.08574
5456,195.08574
5359,195.08574
5305,195.08574
5769,195.08574
5565,195.08574
5367,195.08574
5633,195.08574
5664,195.08574
6082,195.08574
6505,195.08574
5813,195.08574
6379,195.08574
6091,195.08574
6219,195.08574
6052,195.08574
6105,195.08574
6030,195.08574
5969,195.08574
5707,195.08574
5681,195.08574
6052,195.08574
5904,195.08574
5426,195.08574
6005,195.08574
5766,195.08574
5946,195.08574
5981,195.08574
6104,195.08574
5991,195.08574
5670,195.08574
5709,195.08574
5416,195.08574
5793,195.08574
