True,Pred
4462,750.45166
4642,750.45166
4369,750.45166
4672,750.45166
4661,750.45166
4655,750.45166
4716,750.45166
4377,750.45166
4484,750.45166
4911,750.45166
5218,750.45166
5759,750.45166
5456,750.45166
5359,750.45166
5305,750.45166
5769,750.45166
5565,750.45166
5367,750.45166
5633,750.45166
5664,750.45166
6082,750.45166
6505,750.45166
5813,750.45166
6379,750.45166
6091,750.45166
6219,750.45166
6052,750.45166
6105,750.45166
6030,750.45166
5969,750.45166
5707,750.45166
5681,750.45166
6052,750.45166
5904,750.45166
5426,750.45166
6005,750.45166
5766,750.45166
5946,750.45166
5981,750.45166
6104,750.45166
5991,750.45166
5670,750.45166
5709,750.45166
5416,750.45166
5793,750.45166
