True,Pred
5750,748.02045
5399,748.01886
6123,747.99994
5730,747.8462
6015,747.8462
5989,747.8461
6333,747.8458
6388,747.8458
6048,747.8458
6322,747.8458
6405,747.8458
6523,747.8458
