True,Pred
4462,453.92993
4642,453.92993
4369,453.92993
4672,453.92993
4661,453.92993
4655,453.92993
4716,453.92993
4377,453.92993
4484,453.92993
4911,453.92993
5218,453.92993
5759,453.92993
5456,453.92993
5359,453.92993
5305,453.92993
5769,453.92993
5565,453.92993
5367,453.92993
5633,453.92993
5664,453.92993
6082,453.92993
6505,453.92993
5813,453.92993
6379,453.92993
6091,453.92993
6219,453.92993
6052,453.92993
6105,453.92993
6030,453.92993
5969,453.92993
5707,453.92993
5681,453.92993
6052,453.92993
5904,453.92993
5426,453.92993
6005,453.92993
5766,453.92993
5946,453.92993
5981,453.92993
6104,453.92993
5991,453.92993
5670,453.92993
5709,453.92993
5416,453.92993
5793,453.92993
