True,Pred
5750,850.8424
5399,850.79736
6123,850.43146
5730,846.35284
6015,846.3504
5989,846.3367
6333,846.25824
6388,846.2582
6048,846.25775
6322,846.2563
6405,846.2563
6523,846.2563
