True,Pred
5750,195.08574
5399,195.01282
6123,194.69598
5730,193.07204
6015,193.06616
5989,193.04843
6333,193.00409
6388,193.00378
6048,193.00304
6322,193.00182
6405,193.0018
6523,193.00175
