True,Pred
5750,803.2459
5399,803.23816
6123,803.18604
5730,802.8985
6015,802.89844
5989,802.89825
6333,802.89764
6388,802.89764
6048,802.89764
6322,802.89764
6405,802.89764
6523,802.89764
