True,Pred
5750,931.47925
5399,931.47034
6123,931.41394
5730,931.1533
6015,931.15326
5989,931.15295
6333,931.1524
6388,931.1524
6048,931.1524
6322,931.1524
6405,931.1524
6523,931.1524
