True,Pred
5750,910.87354
5399,910.8732
6123,910.86914
5730,910.72064
6015,910.72064
5989,910.72064
6333,910.7205
6388,910.7205
6048,910.7205
6322,910.7205
6405,910.7205
6523,910.7205
