True,Pred
5750,588.0477
5399,588.02246
6123,587.8878
5730,587.0833
6015,587.0828
5989,587.08124
6333,587.0764
6388,587.0764
6048,587.0764
6322,587.0764
6405,587.0764
6523,587.0764
