True,Pred
5750,418.91885
5399,418.80783
6123,418.0992
5730,413.76544
6015,413.75534
5989,413.71295
6333,413.58215
6388,413.58148
6048,413.57956
6322,413.57553
6405,413.5755
6523,413.57547
