True,Pred
5750,324.2343
5399,324.2252
6123,324.0206
5730,319.51105
6015,319.5101
5989,319.4968
6333,319.36563
6388,319.3656
6048,319.365
6322,319.36115
6405,319.36115
6523,319.3611
