True,Pred
4462,748.02045
4642,748.02045
4369,748.02045
4672,748.02045
4661,748.02045
4655,748.02045
4716,748.02045
4377,748.02045
4484,748.02045
4911,748.02045
5218,748.02045
5759,748.02045
5456,748.02045
5359,748.02045
5305,748.02045
5769,748.02045
5565,748.02045
5367,748.02045
5633,748.02045
5664,748.02045
6082,748.02045
6505,748.02045
5813,748.02045
6379,748.02045
6091,748.02045
6219,748.02045
6052,748.02045
6105,748.02045
6030,748.02045
5969,748.02045
5707,748.02045
5681,748.02045
6052,748.02045
5904,748.02045
5426,748.02045
6005,748.02045
5766,748.02045
5946,748.02045
5981,748.02045
6104,748.02045
5991,748.02045
5670,748.02045
5709,748.02045
5416,748.02045
5793,748.02045
