True,Pred
5750,962.41437
5399,962.4144
6123,962.41364
5730,962.41437
6015,962.4143
5989,962.41437
6333,962.41437
6388,962.41437
6048,962.41437
6322,962.41437
6405,962.41437
6523,962.41437
