True,Pred
5750,954.3165
5399,954.28186
6123,954.0924
5730,952.57385
6015,952.5731
5989,952.5704
6333,952.5602
6388,952.5602
6048,952.5602
6322,952.56006
6405,952.56006
6523,952.56006
