True,Pred
5750,769.02075
5399,769.048
6123,769.2356
5730,769.74384
6015,769.7436
5989,769.74316
6333,769.74286
6388,769.74286
6048,769.74286
6322,769.74286
6405,769.74286
6523,769.74286
