,RMSE,MAE,MAPE,PI Width,CI Coverage,PI Overlap
mean,2638.0439900890256,2504.507969495985,27.84593812032407,0.0,0.0,0.0
std,388.5680567870614,390.9880729624354,4.425975373474015,0.0,0.0,0.0
