,RMSE,MAE,MAPE,PI Width,CI Coverage,PI Overlap
mean,277.39860289408904,226.98000759548614,4.165108267284138,0.0,0.0,0.0
std,1.2097827604461466,1.4489525010373239,0.03016852859860095,0.0,0.0,0.0
