,RMSE,MAE,MAPE,PI Width,CI Coverage,PI Overlap
mean,281.6633011959999,243.09913601345488,3.962031064178933,0.0,0.0,0.0
median,280.0055645429979,241.75935872395831,3.940915685326221,0.0,0.0,0.0
std,13.882854216474938,14.449466646433917,0.2282946626998492,0.0,0.0,0.0
