,RMSE,MAE,MAPE,PI Width,CI Coverage,PI Overlap
mean,306.27385775175804,259.8163343641493,4.2422863159253,0.0,0.0,0.0
median,291.9778629314691,247.04563395182294,4.038914578056321,0.0,0.0,0.0
std,73.71851418518298,66.78594026881514,1.0466462141663726,0.0,0.0,0.0
