,RMSE,MAE,MAPE,PI Width,CI Coverage,PI Overlap
mean,1773.7788177342575,1600.583098602295,25.86115705168612,0.0,0.0,0.0
median,1517.1720663953056,1361.0406087239585,21.941042633205566,0.0,0.0,0.0
std,1103.332141832095,1034.3011599154393,16.710919246918753,0.0,0.0,0.0
