,RMSE,MAE,MAPE,PI Width,CI Coverage,PI Overlap
mean,475.6884542369964,412.3457343207465,6.649432080158523,0.0,0.0,0.0
median,435.98844158312727,377.7576904296875,6.087102159790484,0.0,0.0,0.0
std,180.69804395101772,160.68851984776995,2.5473969945384276,0.0,0.0,0.0
