,RMSE,MAE,MAPE,PI Width,CI Coverage,PI Overlap
mean,359.22249938180784,310.076255967882,5.004161979513425,0.0,0.0,0.0
median,358.89191191356423,309.61783854166663,4.996910255737182,0.0,0.0,0.0
std,1.4274721745471912,1.5346146840923078,0.02416881306113255,0.0,0.0,0.0
