,RMSE,MAE,MAPE,PI Width,CI Coverage,PI Overlap
mean,440.9326578412407,383.20022515190976,6.197055883007689,0.0,0.0,0.0
median,445.3782999591517,387.51192220052087,6.244143377261139,0.0,0.0,0.0
std,87.92210251787165,82.19442754123811,1.273031999838485,0.0,0.0,0.0
