,RMSE,MAE,MAPE,PI Width,CI Coverage,PI Overlap
mean,538.4180882334304,470.40631510416665,7.5515430160216015,0.0,0.0,0.0
median,539.1045831156977,471.10223388671875,7.562792335560809,0.0,0.0,0.0
std,19.542320701512654,18.95065155401112,0.3034589989920828,0.0,0.0,0.0
