,RMSE,MAE,MAPE,PI Width,CI Coverage,PI Overlap
mean,2823.018467324261,2696.104204644097,30.032964207645,0.0,0.0,0.0
std,177.6887950534472,179.91380535374805,2.0436255549415123,0.0,0.0,0.0
