,RMSE,MAE,MAPE,PI Width,CI Coverage,PI Overlap
mean,433.1362492494731,374.52741699218757,6.052908196643342,0.0,0.0,0.0
median,370.068085699265,321.4666341145833,5.206260071070117,0.0,0.0,0.0
std,184.02743494849702,168.23240723593403,2.668607101681823,0.0,0.0,0.0
