,RMSE,MAE,MAPE,PI Width,CI Coverage,PI Overlap
mean,257.20422274545837,206.2934636896307,3.7561296371462687,0.0,0.0,0.0
median,254.8352065444766,203.58249178799718,3.721650960235457,0.0,0.0,0.0
std,19.166198040248826,16.302709561088445,0.289817727313398,0.0,0.0,0.0
