,RMSE,MAE,MAPE,PI Width,CI Coverage,PI Overlap
mean,420.92470618789923,366.15241970486113,5.889867723455447,0.0,0.0,0.0
median,425.2155927508006,369.54874674479163,5.943287130751633,0.0,0.0,0.0
std,14.482633826320189,12.296278836924516,0.19431753414355019,0.0,0.0,0.0
