,RMSE,MAE,MAPE,PI Width,CI Coverage,PI Overlap
mean,747.2207394649148,657.6988091362848,10.54787301116159,0.0,0.0,0.0
median,736.5122727184581,649.5433553059895,10.413848158897064,0.0,0.0,0.0
std,233.7051972568609,212.82506770057398,3.4093836351549607,0.0,0.0,0.0
