,RMSE,MAE,MAPE,PI Width,CI Coverage,PI Overlap
mean,286.89031850822835,234.27801106770832,3.9568933108488187,0.0,0.0,0.0
median,271.9630509043292,224.58629557291667,3.8511873388499893,0.0,0.0,0.0
std,32.13670820019694,27.4708823197038,0.4223029832912263,0.0,0.0,0.0
