,RMSE,MAE,MAPE,PI Width,CI Coverage,PI Overlap
mean,2921.942177653723,2794.3957580566403,31.145036927664112,0.0,0.0,0.0
std,290.6008974839913,289.65702900978414,3.2819306640204156,0.0,0.0,0.0
