,RMSE,MAE,MAPE,PI Width,CI Coverage,PI Overlap
mean,349.316015468471,297.00802544487846,4.814976628513921,0.0,0.0,0.0
median,295.42608697478727,248.3072509765625,4.0525227725743616,0.0,0.0,0.0
std,93.2311268234596,85.89992920098518,1.3546703509074915,0.0,0.0,0.0
