,RMSE,MAE,MAPE,PI Width,CI Coverage,PI Overlap
mean,575.4355221133901,500.0622328016492,8.055273236312395,0.0,0.0,0.0
median,562.8925147301513,487.8209431966146,7.824677190349371,0.0,0.0,0.0
std,255.09886639096547,232.03964736072288,3.6720090898466444,0.0,0.0,0.0
