,RMSE,MAE,MAPE,PI Width,CI Coverage,PI Overlap
mean,365.90875391672085,314.5645277235243,5.078623415140327,0.0,0.0,0.0
median,320.24182523582834,274.12685139973956,4.4415074216664765,0.0,0.0,0.0
std,60.56065982820067,53.57055159612492,0.8427396058983861,0.0,0.0,0.0
