,RMSE,MAE,MAPE,PI Width,CI Coverage,PI Overlap
mean,452.80829030290624,390.9382405598959,6.29588253642306,0.0,0.0,0.0
median,455.48267279293714,393.4068603515625,6.330160751680684,0.0,0.0,0.0
std,49.767999448031986,43.97238974682213,0.6814545383319986,0.0,0.0,0.0
