,RMSE,MAE,MAPE,PI Width,CI Coverage,PI Overlap
mean,3111.1259309279308,3006.1913082546653,33.64036145632479,0.0,0.0,0.0
std,83.22733392549961,86.15620731007384,0.990443656164402,0.0,0.0,0.0
