,RMSE,MAE,MAPE,PI Width,CI Coverage,PI Overlap
mean,397.93296824710563,342.1093492296007,5.541119331410008,0.0,0.0,0.0
median,379.3675594992658,328.2384847005208,5.3012326134612024,0.0,0.0,0.0
std,100.72546320675373,90.7666884335364,1.413688203516558,0.0,0.0,0.0
