,RMSE,MAE,MAPE,PI Width,CI Coverage,PI Overlap
mean,429.29888692519046,371.4779432508681,5.985721083486299,0.0,0.0,0.0
median,460.92422648461365,398.0634765625,6.393041233481496,0.0,0.0,0.0
std,92.78101753329388,81.55249054827019,1.2660072506074462,0.0,0.0,0.0
