,RMSE,MAE,MAPE,PI Width,CI Coverage,PI Overlap
mean,290.69748868950506,235.16981378538995,4.252764515741718,0.0,0.0,0.0
std,2.0855246643850602,1.4666384696125203,0.028108233834264005,0.0,0.0,0.0
