,RMSE,MAE,MAPE,PI Width,CI Coverage,PI Overlap
mean,218.82924330808785,185.03511420355906,3.101489833436497,0.0,0.0,0.0
std,2.017515002040189,2.4843198098087704,0.03447982965707243,0.0,0.0,0.0
