,RMSE,MAE,MAPE,PI Width,CI Coverage,PI Overlap
mean,416.2816828560082,359.76635742187506,5.78501374581291,0.0,0.0,0.0
std,5.6057371616487455,4.829910875868069,0.07619352746071087,0.0,0.0,0.0
