,RMSE,MAE,MAPE,PI Width,CI Coverage,PI Overlap
mean,5090.406566190069,5080.277220408122,83.4351147264563,0.0,0.0,0.0
median,5083.428059816502,5073.335421244303,83.32087035331449,0.0,0.0,0.0
std,325.7574515410765,326.3999900998801,5.3787951297240415,0.0,0.0,0.0
