True,Pred
5750,722.3328
5399,722.3122
6123,721.60803
5730,721.60785
6015,721.6047
5989,721.6047
6333,721.6047
6388,721.6047
6048,721.6047
6322,721.6047
6405,721.6047
6523,721.6047
