True,Pred
4825,905.76587
4462,905.76587
4642,905.76587
4369,905.76587
4672,905.76587
4661,905.76587
4655,905.76587
4716,905.76587
4377,905.76587
4484,905.76587
4911,905.76587
5218,905.76587
5759,905.76587
5456,905.76587
5359,905.76587
5305,905.76587
5769,905.76587
5565,905.76587
5367,905.76587
5633,905.76587
5664,905.76587
6082,905.76587
6505,905.76587
5813,905.76587
6379,905.76587
6091,905.76587
6219,905.76587
6052,905.76587
6105,905.76587
6030,905.76587
5969,905.76587
5707,905.76587
5681,905.76587
6052,905.76587
5904,905.76587
5426,905.76587
6005,905.76587
5766,905.76587
5946,905.76587
5981,905.76587
6104,905.76587
5991,905.76587
5670,905.76587
5709,905.76587
5416,905.76587
5793,905.76587
