True,Pred
4825,895.38464
4462,895.38464
4642,895.38464
4369,895.38464
4672,895.38464
4661,895.38464
4655,895.38464
4716,895.38464
4377,895.38464
4484,895.38464
4911,895.38464
5218,895.38464
5759,895.38464
5456,895.38464
5359,895.38464
5305,895.38464
5769,895.38464
5565,895.38464
5367,895.38464
5633,895.38464
5664,895.38464
6082,895.38464
6505,895.38464
5813,895.38464
6379,895.38464
6091,895.38464
6219,895.38464
6052,895.38464
6105,895.38464
6030,895.38464
5969,895.38464
5707,895.38464
5681,895.38464
6052,895.38464
5904,895.38464
5426,895.38464
6005,895.38464
5766,895.38464
5946,895.38464
5981,895.38464
6104,895.38464
5991,895.38464
5670,895.38464
5709,895.38464
5416,895.38464
5793,895.38464
