True,Pred
5750,830.4754
5399,830.4635
6123,830.3152
5730,830.3152
6015,830.31506
5989,830.31506
6333,830.31506
6388,830.31506
6048,830.31506
6322,830.31506
6405,830.31506
6523,830.31506
