True,Pred
5750,957.19135
5399,957.1557
6123,956.7473
5730,956.74713
6015,956.7461
5989,956.7461
6333,956.7461
6388,956.7461
6048,956.7461
6322,956.7461
6405,956.7461
6523,956.7461
