True,Pred
5750,597.97754
5399,597.7984
6123,595.5521
5730,595.54736
6015,595.51666
5989,595.5165
6333,595.51605
6388,595.51605
6048,595.51605
6322,595.51605
6405,595.51605
6523,595.51605
