True,Pred
4825,483.98752
4462,483.98752
4642,483.98752
4369,483.98752
4672,483.98752
4661,483.98752
4655,483.98752
4716,483.98752
4377,483.98752
4484,483.98752
4911,483.98752
5218,483.98752
5759,483.98752
5456,483.98752
5359,483.98752
5305,483.98752
5769,483.98752
5565,483.98752
5367,483.98752
5633,483.98752
5664,483.98752
6082,483.98752
6505,483.98752
5813,483.98752
6379,483.98752
6091,483.98752
6219,483.98752
6052,483.98752
6105,483.98752
6030,483.98752
5969,483.98752
5707,483.98752
5681,483.98752
6052,483.98752
5904,483.98752
5426,483.98752
6005,483.98752
5766,483.98752
5946,483.98752
5981,483.98752
6104,483.98752
5991,483.98752
5670,483.98752
5709,483.98752
5416,483.98752
5793,483.98752
