True,Pred
4825,925.12756
4462,925.12756
4642,925.12756
4369,925.12756
4672,925.12756
4661,925.12756
4655,925.12756
4716,925.12756
4377,925.12756
4484,925.12756
4911,925.12756
5218,925.12756
5759,925.12756
5456,925.12756
5359,925.12756
5305,925.12756
5769,925.12756
5565,925.12756
5367,925.12756
5633,925.12756
5664,925.12756
6082,925.12756
6505,925.12756
5813,925.12756
6379,925.12756
6091,925.12756
6219,925.12756
6052,925.12756
6105,925.12756
6030,925.12756
5969,925.12756
5707,925.12756
5681,925.12756
6052,925.12756
5904,925.12756
5426,925.12756
6005,925.12756
5766,925.12756
5946,925.12756
5981,925.12756
6104,925.12756
5991,925.12756
5670,925.12756
5709,925.12756
5416,925.12756
5793,925.12756
