True,Pred
5750,1008.68317
5399,1008.6292
6123,1008.07086
5730,1008.07056
6015,1008.06866
5989,1008.06866
6333,1008.06866
6388,1008.06866
6048,1008.06866
6322,1008.06866
6405,1008.06866
6523,1008.06866
