True,Pred
5750,573.79205
5399,573.43445
6123,569.32983
5730,569.31445
6015,569.2265
5989,569.226
6333,569.2242
6388,569.2241
6048,569.2241
6322,569.22406
6405,569.22406
6523,569.2241
