True,Pred
5750,614.8539
5399,614.4287
6123,608.789
5730,608.7639
6015,608.59576
5989,608.5947
6333,608.5896
6388,608.58954
6048,608.5893
6322,608.5893
6405,608.5893
6523,608.5893
