True,Pred
5750,1016.0056
5399,1016.00464
6123,1015.99365
5730,1015.99365
6015,1015.99365
5989,1015.99365
6333,1015.99365
6388,1015.99365
6048,1015.99365
6322,1015.99365
6405,1015.99365
6523,1015.99365
