True,Pred
5750,937.8634
5399,937.86285
6123,937.86285
5730,937.86285
6015,937.86285
5989,937.86285
6333,937.86285
6388,937.86285
6048,937.86285
6322,937.86285
6405,937.86285
6523,937.86285
