,RMSE,MAE,MAPE,PI Width,CI Coverage,PI Overlap
mean,522.6008706795703,454.25896267361117,7.333687860309064,0.0,0.0,0.0
median,512.2818614881875,449.21630859375,7.248105779185305,0.0,0.0,0.0
std,194.40958720922245,173.18467519656954,2.7307064189930506,0.0,0.0,0.0
