,RMSE,MAE,MAPE,PI Width,CI Coverage,PI Overlap
mean,275.48286669649093,230.66487223307294,3.7648822757863374,0.0,0.0,0.0
median,275.69908980529647,230.52882893880206,3.762138201844671,0.0,0.0,0.0
std,12.288708481891506,12.169103060258404,0.189442460298435,0.0,0.0,0.0
