True,Pred
4825,764.32635
4462,764.32635
4642,764.32635
4369,764.32635
4672,764.32635
4661,764.32635
4655,764.32635
4716,764.32635
4377,764.32635
4484,764.32635
4911,764.32635
5218,764.32635
5759,764.32635
5456,764.32635
5359,764.32635
5305,764.32635
5769,764.32635
5565,764.32635
5367,764.32635
5633,764.32635
5664,764.32635
6082,764.32635
6505,764.32635
5813,764.32635
6379,764.32635
6091,764.32635
6219,764.32635
6052,764.32635
6105,764.32635
6030,764.32635
5969,764.32635
5707,764.32635
5681,764.32635
6052,764.32635
5904,764.32635
5426,764.32635
6005,764.32635
5766,764.32635
5946,764.32635
5981,764.32635
6104,764.32635
5991,764.32635
5670,764.32635
5709,764.32635
5416,764.32635
5793,764.32635
