True,Pred
5750,589.3964
5399,589.39606
6123,589.37854
5730,589.37854
6015,589.37854
5989,589.37854
6333,589.37854
6388,589.37854
6048,589.37854
6322,589.37854
6405,589.37854
6523,589.37854
