True,Pred
5750,697.21747
5399,697.12805
6123,695.89484
5730,695.8934
6015,695.8834
5989,695.8834
6333,695.88336
6388,695.88336
6048,695.88336
6322,695.88336
6405,695.88336
6523,695.88336
