True,Pred
5750,965.1166
5399,964.9879
6123,963.5306
5730,963.5289
6015,963.5189
5989,963.5189
6333,963.51886
6388,963.51886
6048,963.51886
6322,963.51886
6405,963.51886
6523,963.51886
