True,Pred
5750,752.0765
5399,751.96594
6123,750.7132
5730,750.7112
6015,750.70074
5989,750.70074
6333,750.7007
6388,750.7007
6048,750.7007
6322,750.7007
6405,750.7007
6523,750.7007
