True,Pred
4825,409.80936
4462,409.80936
4642,409.80936
4369,409.80936
4672,409.80936
4661,409.80936
4655,409.80936
4716,409.80936
4377,409.80936
4484,409.80936
4911,409.80936
5218,409.80936
5759,409.80936
5456,409.80936
5359,409.80936
5305,409.80936
5769,409.80936
5565,409.80936
5367,409.80936
5633,409.80936
5664,409.80936
6082,409.80936
6505,409.80936
5813,409.80936
6379,409.80936
6091,409.80936
6219,409.80936
6052,409.80936
6105,409.80936
6030,409.80936
5969,409.80936
5707,409.80936
5681,409.80936
6052,409.80936
5904,409.80936
5426,409.80936
6005,409.80936
5766,409.80936
5946,409.80936
5981,409.80936
6104,409.80936
5991,409.80936
5670,409.80936
5709,409.80936
5416,409.80936
5793,409.80936
