True,Pred
5750,796.29706
5399,796.28314
6123,795.9938
5730,795.9937
6015,795.9932
5989,795.9932
6333,795.9932
6388,795.9932
6048,795.9932
6322,795.9932
6405,795.9932
6523,795.9932
