True,Pred
5750,589.1787
5399,588.9175
6123,586.3448
5730,586.3373
6015,586.3
5989,586.2998
6333,586.29926
6388,586.29926
6048,586.29926
6322,586.29926
6405,586.29926
6523,586.29926
