True,Pred
4825,841.45746
4462,841.45746
4642,841.45746
4369,841.45746
4672,841.45746
4661,841.45746
4655,841.45746
4716,841.45746
4377,841.45746
4484,841.45746
4911,841.45746
5218,841.45746
5759,841.45746
5456,841.45746
5359,841.45746
5305,841.45746
5769,841.45746
5565,841.45746
5367,841.45746
5633,841.45746
5664,841.45746
6082,841.45746
6505,841.45746
5813,841.45746
6379,841.45746
6091,841.45746
6219,841.45746
6052,841.45746
6105,841.45746
6030,841.45746
5969,841.45746
5707,841.45746
5681,841.45746
6052,841.45746
5904,841.45746
5426,841.45746
6005,841.45746
5766,841.45746
5946,841.45746
5981,841.45746
6104,841.45746
5991,841.45746
5670,841.45746
5709,841.45746
5416,841.45746
5793,841.45746
