True,Pred
5750,330.952
5399,330.96152
6123,331.0212
5730,331.02118
6015,331.02115
5989,331.02115
6333,331.02115
6388,331.02115
6048,331.02115
6322,331.02115
6405,331.02115
6523,331.02115
