True,Pred
5750,558.80383
5399,558.62396
6123,556.7362
5730,556.7319
6015,556.70776
5989,556.70764
6333,556.7074
6388,556.7074
6048,556.7074
6322,556.7074
6405,556.7074
6523,556.7074
