True,Pred
4825,697.21747
4462,697.21747
4642,697.21747
4369,697.21747
4672,697.21747
4661,697.21747
4655,697.21747
4716,697.21747
4377,697.21747
4484,697.21747
4911,697.21747
5218,697.21747
5759,697.21747
5456,697.21747
5359,697.21747
5305,697.21747
5769,697.21747
5565,697.21747
5367,697.21747
5633,697.21747
5664,697.21747
6082,697.21747
6505,697.21747
5813,697.21747
6379,697.21747
6091,697.21747
6219,697.21747
6052,697.21747
6105,697.21747
6030,697.21747
5969,697.21747
5707,697.21747
5681,697.21747
6052,697.21747
5904,697.21747
5426,697.21747
6005,697.21747
5766,697.21747
5946,697.21747
5981,697.21747
6104,697.21747
5991,697.21747
5670,697.21747
5709,697.21747
5416,697.21747
5793,697.21747
