True,Pred
5750,841.45746
5399,841.25275
6123,838.2212
5730,838.216
6015,838.1769
5989,838.1766
6333,838.1763
6388,838.1763
6048,838.1763
6322,838.1763
6405,838.1763
6523,838.1763
