True,Pred
5750,4199.3916
5399,5146.0796
6123,2582.3743
5730,4931.969
6015,1315.3679
5989,4880.0337
6333,694.70483
6388,4631.4243
6048,243.50703
6322,4257.475
6405,17.51599
6523,4034.2192
