,RMSE,MAE,MAPE,PI Width,CI Coverage,PI Overlap
mean,339.3529913766583,286.99572482638894,4.668089222093012,0.0,0.0,0.0
median,335.391034308459,283.15871175130206,4.604019339085255,0.0,0.0,0.0
std,67.58629499101954,62.944630631447424,0.9747335402213276,0.0,0.0,0.0
