,RMSE,MAE,MAPE,PI Width,CI Coverage,PI Overlap
mean,388.2574922883654,334.4048244900174,5.404966522383831,0.0,0.0,0.0
median,388.22152396336753,335.79229736328125,5.42037458252336,0.0,0.0,0.0
std,68.1829879659739,65.26713658494319,1.0269587163167146,0.0,0.0,0.0
