,RMSE,MAE,MAPE,PI Width,CI Coverage,PI Overlap
mean,3238.0289407314904,3134.4091518825953,35.10028698168206,0.0,0.0,0.0
std,72.06624549580908,73.94580249424364,0.848030865482365,0.0,0.0,0.0
