True,Pred
5750,369.85736
5399,369.86142
6123,369.82587
5730,369.82587
6015,369.82587
5989,369.82587
6333,369.82587
6388,369.82587
6048,369.82587
6322,369.82587
6405,369.82587
6523,369.82587
