,RMSE,MAE,MAPE,PI Width,CI Coverage,PI Overlap
mean,268.9933209178395,216.99487701664128,3.9236881794491665,0.0,0.0,0.0
std,0.2153722787509347,0.4053938964317834,0.007092557083322152,0.0,0.0,0.0
