,RMSE,MAE,MAPE,PI Width,CI Coverage,PI Overlap
mean,1674.785176367451,1496.9607781304255,24.156254440082147,0.0,0.0,0.0
median,1754.6167257817913,1590.2115071614585,25.59560286112256,0.0,0.0,0.0
std,1006.3699285560277,900.9640051351512,14.506552243730587,0.0,0.0,0.0
