,RMSE,MAE,MAPE,PI Width,CI Coverage,PI Overlap
mean,281.6470342594314,224.01505398220485,3.7833766324957723,0.0,0.0,0.0
std,62.17117947265104,58.48529644202431,0.8850049636499931,0.0,0.0,0.0
