,RMSE,MAE,MAPE,PI Width,CI Coverage,PI Overlap
mean,300.28798790625183,237.0979632953266,4.201127845236336,0.0,0.0,0.0
std,12.998283393441396,14.333101235063054,0.26633956562832,0.0,0.0,0.0
