,RMSE,MAE,MAPE,PI Width,CI Coverage,PI Overlap
mean,2987.747828108797,2634.024640909831,42.45190697527543,0.0,0.0,0.0
std,3333.0598307086084,2734.0419874190557,43.75268424756378,0.0,0.0,0.0
