,RMSE,MAE,MAPE,PI Width,CI Coverage,PI Overlap
mean,902.594009045419,835.5283649769864,14.913719435570954,0.0,0.0,0.0
std,545.0822033096687,561.4004088435162,10.049864466033497,0.0,0.0,0.0
