True,Pred
5750,3835.3286
5399,2157.6538
6123,2159.513
5730,2083.4932
6015,2478.299
5989,2036.2208
6333,1070.5436
6388,1173.9873
6048,973.62463
6322,1010.92694
6405,976.76935
6523,508.43958
