True,Pred
5750,4545.625
5399,3964.1453
6123,3628.4304
5730,3207.7576
6015,2310.1465
5989,2188.6218
6333,1884.4807
6388,1561.0337
6048,1059.1436
6322,1150.3441
6405,884.27826
6523,693.15985
