,RMSE,MAE,MAPE,PI Width,CI Coverage,PI Overlap
mean,316.67151161272125,267.0888631184896,4.369362538374829,0.0,0.0,0.0
median,315.5019498477932,266.08819580078125,4.3548721135295985,0.0,0.0,0.0
std,6.558990116835658,7.268666906702715,0.11194923458359922,0.0,0.0,0.0
