,RMSE,MAE,MAPE,PI Width,CI Coverage,PI Overlap
mean,374.33465322304363,320.23541937934027,5.171435732552684,0.0,0.0,0.0
median,373.620601082338,319.9045613606771,5.167765229034141,0.0,0.0,0.0
std,12.86296344056613,12.536194239335964,0.1942653694570663,0.0,0.0,0.0
