,RMSE,MAE,MAPE,PI Width,CI Coverage,PI Overlap
mean,277.7323992041284,218.24381658380682,4.005652029361947,0.0,0.0,0.0
median,277.8772766018696,218.64196222478694,4.020869966969096,0.0,0.0,0.0
std,2.3698542465150947,2.1994009527892513,0.050484628645245944,0.0,0.0,0.0
