,RMSE,MAE,MAPE,PI Width,CI Coverage,PI Overlap
mean,698.6007587955592,615.1983127170138,9.871833051609629,0.0,0.0,0.0
median,710.5673197687287,627.497334798177,10.06604713692181,0.0,0.0,0.0
std,160.9387300905765,147.34907864503657,2.3518326407549015,0.0,0.0,0.0
