,RMSE,MAE,MAPE,PI Width,CI Coverage,PI Overlap
mean,499.3122707479764,435.08069797092014,6.9860657989917465,0.0,0.0,0.0
median,501.4074510360176,437.08770751953125,7.018129282779416,0.0,0.0,0.0
std,14.977429098407287,14.359004010967,0.22975964337483784,0.0,0.0,0.0
