,RMSE,MAE,MAPE,PI Width,CI Coverage,PI Overlap
mean,614.0008951330041,537.5265896267362,8.622388624510737,0.0,0.0,0.0
median,584.9822799634994,512.8058878580729,8.226529939547335,0.0,0.0,0.0
std,126.87528875575833,113.25097199783251,1.8057953362719827,0.0,0.0,0.0
