,RMSE,MAE,MAPE,PI Width,CI Coverage,PI Overlap
mean,2994.786865197196,2883.9994554307723,32.228881624074496,0.0,0.0,0.0
std,115.2413730987648,118.8127204994018,1.3622045964360654,0.0,0.0,0.0
