,RMSE,MAE,MAPE,PI Width,CI Coverage,PI Overlap
mean,570.0565543782085,502.52782660590276,8.075331788701861,0.0,0.0,0.0
median,576.1227528834917,510.24471028645837,8.185153108932843,0.0,0.0,0.0
std,142.23351692468205,127.91014353450461,2.0365909564092877,0.0,0.0,0.0
