,RMSE,MAE,MAPE,PI Width,CI Coverage,PI Overlap
mean,263.39540915393275,213.39355811403507,3.7541986221082686,0.0,0.0,0.0
median,263.3591926250441,210.76380037006578,3.6801406375322046,0.0,0.0,0.0
std,33.262414304874675,25.362080367456485,0.44096373219379476,0.0,0.0,0.0
