,RMSE,MAE,MAPE,PI Width,CI Coverage,PI Overlap
mean,295.883569323908,255.10660264756945,4.188091602225062,0.0,0.0,0.0
median,226.75491547186851,192.704833984375,3.2093660531280372,0.0,0.0,0.0
std,138.5117331059231,125.6192125429554,1.9700226155845404,0.0,0.0,0.0
