,RMSE,MAE,MAPE,PI Width,CI Coverage,PI Overlap
mean,457.0714463284273,396.39666748046875,6.375928842765063,0.0,0.0,0.0
median,469.71872883566346,405.7152506510417,6.514190671693952,0.0,0.0,0.0
std,90.37332003093131,83.51225147185788,1.320912112353589,0.0,0.0,0.0
