,RMSE,MAE,MAPE,PI Width,CI Coverage,PI Overlap
mean,419.04661361038626,363.2113050672743,5.87217217149831,0.0,0.0,0.0
median,399.0378408876277,347.9498291015625,5.631383516435889,0.0,0.0,0.0
std,93.22463965449414,85.78685954039058,1.3426358370069051,0.0,0.0,0.0
