,RMSE,MAE,MAPE,PI Width,CI Coverage,PI Overlap
mean,2416.002141992936,2150.448273923662,34.83280460909017,0.0,0.0,0.0
median,1598.8715281795683,1416.6144714355469,23.04895889075113,0.0,0.0,0.0
std,2038.1271016781825,1836.7403432989283,29.634668073102194,0.0,0.0,0.0
