True,Pred
5750,3086.7507
5399,1123.9679
6123,2661.0532
5730,2100.7056
6015,740.3001
5989,-39.640057
6333,-1133.9429
6388,-1026.6262
6048,-1742.7075
6322,-2297.9731
6405,-2518.5554
6523,-223.63647
