,RMSE,MAE,MAPE,PI Width,CI Coverage,PI Overlap
mean,350.53632886646903,303.1402777777778,4.892583184407278,0.0,0.0,0.0
std,48.9624507918604,43.99984496917305,0.6942528345835671,0.0,0.0,0.0
