,RMSE,MAE,MAPE,PI Width,CI Coverage,PI Overlap
mean,511.1319517731172,452.0022745768229,7.268701460054812,0.0,0.0,0.0
median,507.2866837011994,448.5944620768229,7.21459383550525,0.0,0.0,0.0
std,14.668381974275084,14.022235378889668,0.22471500532517488,0.0,0.0,0.0
