,RMSE,MAE,MAPE,PI Width,CI Coverage,PI Overlap
mean,456.78033456115367,396.6186672634549,6.403714932574022,0.0,0.0,0.0
median,436.8920372565608,376.86295572916663,6.067651719423967,0.0,0.0,0.0
std,168.08315429660334,156.13529638049778,2.4741231462822366,0.0,0.0,0.0
