True,Pred
5750,4758.6426
5399,4139.515
6123,3878.7502
5730,3138.0933
6015,3204.6973
5989,2525.5889
6333,2090.657
6388,1748.4591
6048,765.701
6322,917.4738
6405,409.17932
6523,48.647827
