,RMSE,MAE,MAPE,PI Width,CI Coverage,PI Overlap
mean,310.23777633740696,257.0242730034722,4.225226376053488,0.0,0.0,0.0
median,296.7751736198071,243.8961181640625,4.003601782491059,0.0,0.0,0.0
std,53.78639015744388,50.30467923389778,0.7647469402931838,0.0,0.0,0.0
