,RMSE,MAE,MAPE,PI Width,CI Coverage,PI Overlap
mean,308.07739842914356,257.8642252604166,4.212518759132695,0.0,0.0,0.0
median,301.438630027188,251.9688517252604,4.115674733714224,0.0,0.0,0.0
std,22.27407993611485,23.094185185510206,0.3510495052956915,0.0,0.0,0.0
