,RMSE,MAE,MAPE,PI Width,CI Coverage,PI Overlap
mean,396.90942315136965,346.4225192599826,5.578562188672962,0.0,0.0,0.0
median,397.27499586087754,346.7693074544271,5.584013227077749,0.0,0.0,0.0
std,3.438382741529621,2.9751892323894373,0.04693746281490879,0.0,0.0,0.0
