,RMSE,MAE,MAPE,PI Width,CI Coverage,PI Overlap
mean,335.5925754296523,267.69994282518695,4.728367701406157,0.0,0.0,0.0
std,30.32282571469025,31.011614137483985,0.49681911148505015,0.0,0.0,0.0
