,RMSE,MAE,MAPE,PI Width,CI Coverage,PI Overlap
mean,530.251937384122,465.65860866970485,7.4904190135227795,0.0,0.0,0.0
std,103.67957398313953,95.15102515738583,1.5090727540951534,0.0,0.0,0.0
