,RMSE,MAE,MAPE,PI Width,CI Coverage,PI Overlap
mean,453.25275578478977,395.3973741319444,6.373070137853983,0.0,0.0,0.0
median,434.4061390014176,379.06638590494794,6.10603556533259,0.0,0.0,0.0
std,131.83777130875876,119.67896174253607,1.8970572233906535,0.0,0.0,0.0
