,RMSE,MAE,MAPE,PI Width,CI Coverage,PI Overlap
mean,290.2357788013936,231.18238376524386,4.2098991877414615,0.0,0.0,0.0
median,290.0771473268186,229.65561880716461,4.159777528313437,0.0,0.0,0.0
std,29.582995782990015,20.034107385580683,0.3590659961917613,0.0,0.0,0.0
