,RMSE,MAE,MAPE,PI Width,CI Coverage,PI Overlap
mean,481.52950753274143,421.4117621527778,6.768504696411882,0.0,0.0,0.0
median,478.947043757491,419.0182088216146,6.730189638225805,0.0,0.0,0.0
std,10.621347920347825,10.03421314594684,0.1605290171708054,0.0,0.0,0.0
