,RMSE,MAE,MAPE,PI Width,CI Coverage,PI Overlap
mean,2887.43617264469,2764.273685370551,30.81897667803772,0.0,0.0,0.0
std,84.2120850235286,85.07410747795898,0.9666541717513526,0.0,0.0,0.0
