,RMSE,MAE,MAPE,PI Width,CI Coverage,PI Overlap
mean,2133.1392981385115,1910.6134329477943,31.04352301034427,0.0,0.0,0.0
median,1831.0356703237958,1665.605712890625,26.825204213516592,0.0,0.0,0.0
std,1307.4874911129275,1221.8594678324362,19.868703249982158,0.0,0.0,0.0
