,RMSE,MAE,MAPE,PI Width,CI Coverage,PI Overlap
mean,701.8467214149365,641.3884118874867,10.384757293897913,0.0,0.0,0.0
std,1139.9069311141725,1125.8795722102286,18.4204956080543,0.0,0.0,0.0
