True,Pred
5750,1940.9124
5399,443.69385
6123,463.67618
5730,197.3174
6015,99.731865
5989,19.489273
6333,11.016546
6388,8.587962
6048,1.25267
6322,0.47564542
6405,0.2972905
6523,0.20396727
