,RMSE,MAE,MAPE,PI Width,CI Coverage,PI Overlap
mean,422.2184401742017,365.4606255425346,5.9106783977689386,0.0,0.0,0.0
median,420.09873472579284,361.8829345703125,5.829713522966359,0.0,0.0,0.0
std,79.38289759415561,72.71392353618684,1.1301834189127986,0.0,0.0,0.0
