,RMSE,MAE,MAPE,PI Width,CI Coverage,PI Overlap
mean,532.5112721717185,468.67455105251736,7.526864376199614,0.0,0.0,0.0
median,536.7925324518853,471.7679443359375,7.572434474651988,0.0,0.0,0.0
std,74.48623682831628,70.3782565196476,1.1175238662545883,0.0,0.0,0.0
