,RMSE,MAE,MAPE,PI Width,CI Coverage,PI Overlap
mean,279.960424712658,220.90918479370916,3.8524143021974924,0.0,0.0,0.0
std,2.353547051548958,1.6712021367034686,0.02412630568949458,0.0,0.0,0.0
