,RMSE,MAE,MAPE,PI Width,CI Coverage,PI Overlap
mean,2991.08757505306,2867.275280422634,31.983017158610416,0.0,0.0,0.0
std,20.89623811205148,22.043050788433625,0.2543538237360381,0.0,0.0,0.0
