,RMSE,MAE,MAPE,PI Width,CI Coverage,PI Overlap
mean,263.6608425870663,214.25060872395832,3.6552720553300344,0.0,0.0,0.0
median,264.49180357832546,215.3464599609375,3.662542514713691,0.0,0.0,0.0
std,17.44270396715778,14.334211291482806,0.2255702023686778,0.0,0.0,0.0
