,RMSE,MAE,MAPE,PI Width,CI Coverage,PI Overlap
mean,289.1701632116731,236.05166751922124,4.321019405819157,0.0,0.0,0.0
median,285.03077794612494,224.7459251767113,4.046880234794413,0.0,0.0,0.0
std,40.2189130670989,38.25310969044499,0.7344109998346507,0.0,0.0,0.0
