,RMSE,MAE,MAPE,PI Width,CI Coverage,PI Overlap
mean,262.34344855267693,211.56461472284224,3.7953594989359667,0.0,0.0,0.0
median,250.94075916642993,197.87711007254464,3.5449518845019,0.0,0.0,0.0
std,52.340188186874556,49.078108964174426,0.8491568248826835,0.0,0.0,0.0
