,RMSE,MAE,MAPE,PI Width,CI Coverage,PI Overlap
mean,464.1697470546235,402.90709092881946,6.472004922941307,0.0,0.0,0.0
median,464.11403478249554,401.9704386393229,6.456003759820913,0.0,0.0,0.0
std,23.71011558348879,22.16261906853064,0.3540141374931781,0.0,0.0,0.0
