,RMSE,MAE,MAPE,PI Width,CI Coverage,PI Overlap
mean,549.3772525730396,481.4822129991319,7.737195244806164,0.0,0.0,0.0
median,535.5761561855236,467.8165690104167,7.509741370121205,0.0,0.0,0.0
std,67.24622600279547,66.94614409615052,1.1103263464132116,0.0,0.0,0.0
