,RMSE,MAE,MAPE,PI Width,CI Coverage,PI Overlap
mean,510.99971331831773,446.80541178385414,7.1872642139162455,0.0,0.0,0.0
median,503.66426177756216,436.34220377604163,7.009288462222148,0.0,0.0,0.0
std,92.63665628232552,86.34682906798908,1.3636704024129112,0.0,0.0,0.0
