,RMSE,MAE,MAPE,PI Width,CI Coverage,PI Overlap
mean,1275.7279890498985,1220.0613071017794,19.95368071734631,0.0,0.0,0.0
median,935.5761350406258,879.1156412760416,14.200373907198896,0.0,0.0,0.0
std,1115.9513689087917,1136.5743678127312,18.642810624769083,0.0,0.0,0.0
