,RMSE,MAE,MAPE,PI Width,CI Coverage,PI Overlap
mean,564.0029885934928,495.0677327473959,7.951596879509725,0.0,0.0,0.0
median,565.3822061284047,492.2915242513021,7.901759063109465,0.0,0.0,0.0
std,111.70870544783882,104.17144581703653,1.6659674392544497,0.0,0.0,0.0
