,RMSE,MAE,MAPE,PI Width,CI Coverage,PI Overlap
mean,246.49817830599144,197.86266474529978,3.4962465714621915,0.0,0.0,0.0
median,238.24669187548005,191.7112233231707,3.417304857519678,0.0,0.0,0.0
std,27.79478981415699,20.73865098741675,0.33926473345465147,0.0,0.0,0.0
