,RMSE,MAE,MAPE,PI Width,CI Coverage,PI Overlap
mean,340.45725404524524,291.59925672743054,4.730030663844752,0.0,0.0,0.0
median,322.6258807683182,276.4974568684896,4.493017724690473,0.0,0.0,0.0
std,44.88231418691134,40.37053043837082,0.6292780153373635,0.0,0.0,0.0
