,RMSE,MAE,MAPE,PI Width,CI Coverage,PI Overlap
mean,280.89167176334314,220.39220566860467,4.013178349676781,0.0,0.0,0.0
std,2.7252176063496507,4.700551895114819,0.09724431642191605,0.0,0.0,0.0
