,RMSE,MAE,MAPE,PI Width,CI Coverage,PI Overlap
mean,5.100843914178074e+56,1.6036749044979392e+56,2.4626509954979816e+54,0.0,0.0,0.0
median,5.100843914178075e+56,1.6036749044979394e+56,2.4626509954979823e+54,0.0,0.0,0.0
std,8.860149271096078e+40,2.2150373177740194e+40,6.92199161804381e+38,0.0,0.0,0.0
