,RMSE,MAE,MAPE,PI Width,CI Coverage,PI Overlap
mean,386.9314826412918,328.9648423936633,5.319906713122645,0.0,0.0,0.0
median,442.4570627464049,381.8376057942708,6.146790713606707,0.0,0.0,0.0
std,85.96185069417801,78.25813394893987,1.2227126295318125,0.0,0.0,0.0
