,RMSE,MAE,MAPE,PI Width,CI Coverage,PI Overlap
mean,398.68671757352894,345.8702284071181,5.602994092236898,0.0,0.0,0.0
median,400.77058293912995,348.9483235677083,5.645884150418016,0.0,0.0,0.0
std,30.335655517920753,27.498608341215707,0.41986165559776295,0.0,0.0,0.0
