,RMSE,MAE,MAPE,PI Width,CI Coverage,PI Overlap
mean,459.9676060123725,401.7641303168403,6.483877866376347,0.0,0.0,0.0
median,439.28330774607235,379.90228271484375,6.118127216164412,0.0,0.0,0.0
std,107.22905112107387,103.40896827353608,1.6407737870472412,0.0,0.0,0.0
