,RMSE,MAE,MAPE,PI Width,CI Coverage,PI Overlap
mean,396.87454672744025,344.9032931857639,5.590731701251996,0.0,0.0,0.0
median,375.71983517479816,327.9122314453125,5.329986797553327,0.0,0.0,0.0
std,45.264203506679124,38.888236335522606,0.5965819052668173,0.0,0.0,0.0
