,RMSE,MAE,MAPE,PI Width,CI Coverage,PI Overlap
mean,2339.1329785485873,2008.5680279652277,32.57027122934956,0.0,0.0,0.0
std,2557.999780177541,2089.395358042548,33.79318852103871,0.0,0.0,0.0
