,RMSE,MAE,MAPE,PI Width,CI Coverage,PI Overlap
mean,269.16370286798093,212.0746951219512,3.818114799719109,0.0,0.0,0.0
median,268.36351632106556,210.7349168730945,3.7877733371647744,0.0,0.0,0.0
std,1.7882490331624554,3.0813559485677526,0.06760812181316561,0.0,0.0,0.0
