,RMSE,MAE,MAPE,PI Width,CI Coverage,PI Overlap
mean,2784.9002758777237,2657.3132005479597,29.590690799243767,0.0,0.0,0.0
std,91.0370494861273,92.48011819200886,1.0520310502774706,0.0,0.0,0.0
