,RMSE,MAE,MAPE,PI Width,CI Coverage,PI Overlap
mean,729.461185751888,643.7100273980035,10.334343060124917,0.0,0.0,0.0
median,784.2401509266434,690.356689453125,11.072196194282132,0.0,0.0,0.0
std,151.55117143941348,135.92699149196915,2.1658310283841966,0.0,0.0,0.0
