True,Pred
5750,5250.4976
5399,4778.7188
6123,4278.5596
5730,3774.5967
6015,2760.1272
5989,1475.5377
6333,148.43872
6388,-1129.2228
6048,-1693.9736
6322,411.54547
6405,1991.2551
6523,3523.619
