,RMSE,MAE,MAPE,PI Width,CI Coverage,PI Overlap
mean,343.71767296320047,267.06489345791107,4.7025323519550755,0.0,0.0,0.0
median,350.46375060216934,270.2603594805744,4.799314104461195,0.0,0.0,0.0
std,25.223767893180064,23.50548015518279,0.39125198286932344,0.0,0.0,0.0
