,RMSE,MAE,MAPE,PI Width,CI Coverage,PI Overlap
mean,2434.940966297727,2166.8075964185928,34.88055200609789,0.0,0.0,0.0
median,2464.9952368904583,2182.583953857422,35.04127752933688,0.0,0.0,0.0
std,1203.7378312694798,1107.5180697011817,17.879467682846734,0.0,0.0,0.0
