True,Pred
5750,4555.3936
5399,3582.1956
6123,2816.9153
5730,2215.133
6015,1741.9185
5989,1369.8037
6333,1077.1891
6388,847.0898
6048,666.14984
6322,523.86676
6405,411.98166
6523,324.00024
