True,Pred
5750,4580.141
5399,3621.208
6123,2863.04
5730,2263.6028
6015,1789.6648
5989,1414.9513
6333,1118.6886
6388,884.45197
6048,699.2554
6322,552.8321
6405,437.06415
6523,345.53363
