,RMSE,MAE,MAPE,PI Width,CI Coverage,PI Overlap
mean,2903.240890572065,2772.744235907661,30.886739796605397,0.0,0.0,0.0
std,129.72162948382487,130.1771220742249,1.4755725471824508,0.0,0.0,0.0
