,RMSE,MAE,MAPE,PI Width,CI Coverage,PI Overlap
mean,285.3574650433423,221.25124073517628,3.956247253296668,0.0,0.0,0.0
std,18.924760254951554,14.434561383490012,0.2454489805691954,0.0,0.0,0.0
