,RMSE,MAE,MAPE,PI Width,CI Coverage,PI Overlap
mean,384.42174078240436,334.2052734375,5.385567133781939,0.0,0.0,0.0
median,386.12577669438286,335.71244303385413,5.4093373207565065,0.0,0.0,0.0
std,12.97019571309288,11.368069314017784,0.17933368396082547,0.0,0.0,0.0
