,RMSE,MAE,MAPE,PI Width,CI Coverage,PI Overlap
mean,486.6457535264617,430.21236436631955,6.922615910162024,0.0,0.0,0.0
median,492.98820536309455,436.05025227864587,7.015545574605851,0.0,0.0,0.0
std,25.96546371359971,23.40345144478049,0.37158120008457274,0.0,0.0,0.0
