,RMSE,MAE,MAPE,PI Width,CI Coverage,PI Overlap
mean,263.5644631884741,203.12721310177363,3.586978866954221,0.0,0.0,0.0
std,2.594169572068211,3.0461466546159417,0.06976076424834218,0.0,0.0,0.0
