,RMSE,MAE,MAPE,PI Width,CI Coverage,PI Overlap
mean,630.0577586561992,547.8090983072917,8.785699661701843,0.0,0.0,0.0
median,629.6662073761458,547.2821248372395,8.777124569729002,0.0,0.0,0.0
std,8.566837556902096,7.942060417124646,0.1271541758263643,0.0,0.0,0.0
