,RMSE,MAE,MAPE,PI Width,CI Coverage,PI Overlap
mean,2870.1448055796823,2748.3731031629773,30.64338188934794,0.0,0.0,0.0
std,41.689847465216744,43.54109689828567,0.5002834489218414,0.0,0.0,0.0
