,RMSE,MAE,MAPE,PI Width,CI Coverage,PI Overlap
mean,284.08863725073905,227.46606374547102,4.088657001855936,0.0,0.0,0.0
median,280.8226024453836,224.76098102072012,4.044867826981159,0.0,0.0,0.0
std,9.773627862271855,8.627330172989664,0.12955637457123673,0.0,0.0,0.0
