,RMSE,MAE,MAPE,PI Width,CI Coverage,PI Overlap
mean,822.400399202484,738.9054511176217,11.866104129905592,0.0,0.0,0.0
median,797.7352020789262,716.8141276041667,11.510919502460515,0.0,0.0,0.0
std,96.13703561769134,86.49316789624665,1.3855446892312158,0.0,0.0,0.0
