,RMSE,MAE,MAPE,PI Width,CI Coverage,PI Overlap
mean,2002.0320275332087,1779.1183826204804,28.69497909890106,0.0,0.0,0.0
median,1393.341205832546,1269.1021525065103,20.43172998124194,0.0,0.0,0.0
std,1731.5006445968925,1518.2899228004535,24.425044589678624,0.0,0.0,0.0
