,RMSE,MAE,MAPE,PI Width,CI Coverage,PI Overlap
mean,513.2951205782091,446.4001207139757,7.186182199346906,0.0,0.0,0.0
median,452.8441377930588,391.1213582356771,6.293862490504315,0.0,0.0,0.0
std,188.73711291338878,168.6861693282515,2.685483895142948,0.0,0.0,0.0
