,RMSE,MAE,MAPE,PI Width,CI Coverage,PI Overlap
mean,578.6447950156518,509.6774373372395,8.18839478121649,0.0,0.0,0.0
median,559.4308027881002,494.048828125,7.94617388131552,0.0,0.0,0.0
std,145.51254781615913,132.1709475738465,2.1095537170595398,0.0,0.0,0.0
