,RMSE,MAE,MAPE,PI Width,CI Coverage,PI Overlap
mean,460.8878499454249,399.96553276909725,6.424957921374927,0.0,0.0,0.0
median,458.7316617878183,397.67535400390625,6.387787732135147,0.0,0.0,0.0
std,19.690284122264984,18.299359836542475,0.291936642823724,0.0,0.0,0.0
