,RMSE,MAE,MAPE,PI Width,CI Coverage,PI Overlap
mean,699.4374359517134,625.8720296223959,10.0462019530421,0.0,0.0,0.0
median,703.9112284301696,630.1325073242188,10.114607282885387,0.0,0.0,0.0
std,19.912759322928643,19.1948271926144,0.3081894884792873,0.0,0.0,0.0
