,RMSE,MAE,MAPE,PI Width,CI Coverage,PI Overlap
mean,466.83586726455627,409.24645996093744,6.598965208562973,0.0,0.0,0.0
median,432.0827287759653,369.95412190755206,5.949691443429288,0.0,0.0,0.0
std,116.10443365573434,112.57229796705447,1.7870264372836229,0.0,0.0,0.0
