,RMSE,MAE,MAPE,PI Width,CI Coverage,PI Overlap
mean,550.3748443895464,480.13526068793414,7.732288552773836,0.0,0.0,0.0
median,544.5101196872668,471.5018513997396,7.562655125835537,0.0,0.0,0.0
std,195.02231236180464,178.86709446641012,2.8471190016656145,0.0,0.0,0.0
