,RMSE,MAE,MAPE,PI Width,CI Coverage,PI Overlap
mean,5332.50767834316,5322.6062662972345,87.4277343395603,0.0,0.0,0.0
median,5492.355799328006,5483.005444844564,90.07206064938012,0.0,0.0,0.0
std,699.1998288996099,700.8050914826119,11.548357138723402,0.0,0.0,0.0
