True,Pred
4655,177.18211
4716,177.18211
4377,177.18211
4484,177.18211
4911,177.18211
5218,177.18211
5759,177.18211
5456,177.18211
5359,177.18211
5305,177.18211
5769,177.18211
5565,177.18211
5367,177.18211
5633,177.18211
5664,177.18211
6082,177.18211
6505,177.18211
5813,177.18211
6379,177.18211
6091,177.18211
6219,177.18211
6052,177.18211
6105,177.18211
6030,177.18211
5969,177.18211
5707,177.18211
5681,177.18211
6052,177.18211
5904,177.18211
5426,177.18211
6005,177.18211
5766,177.18211
5946,177.18211
5981,177.18211
6104,177.18211
5991,177.18211
5670,177.18211
5709,177.18211
5416,177.18211
5793,177.18211
