True,Pred
5750,740.7653
5399,740.7618
6123,740.7553
5730,740.7425
6015,740.71356
5989,740.62994
6333,740.4434
6388,740.1157
6048,739.71277
6322,739.7127
6405,739.71246
6523,739.71204
