True,Pred
4655,226.45874
4716,226.45874
4377,226.45874
4484,226.45874
4911,226.45874
5218,226.45874
5759,226.45874
5456,226.45874
5359,226.45874
5305,226.45874
5769,226.45874
5565,226.45874
5367,226.45874
5633,226.45874
5664,226.45874
6082,226.45874
6505,226.45874
5813,226.45874
6379,226.45874
6091,226.45874
6219,226.45874
6052,226.45874
6105,226.45874
6030,226.45874
5969,226.45874
5707,226.45874
5681,226.45874
6052,226.45874
5904,226.45874
5426,226.45874
6005,226.45874
5766,226.45874
5946,226.45874
5981,226.45874
6104,226.45874
5991,226.45874
5670,226.45874
5709,226.45874
5416,226.45874
5793,226.45874
