True,Pred
4655,83.42525
4716,83.42525
4377,83.42525
4484,83.42525
4911,83.42525
5218,83.42525
5759,83.42525
5456,83.42525
5359,83.42525
5305,83.42525
5769,83.42525
5565,83.42525
5367,83.42525
5633,83.42525
5664,83.42525
6082,83.42525
6505,83.42525
5813,83.42525
6379,83.42525
6091,83.42525
6219,83.42525
6052,83.42525
6105,83.42525
6030,83.42525
5969,83.42525
5707,83.42525
5681,83.42525
6052,83.42525
5904,83.42525
5426,83.42525
6005,83.42525
5766,83.42525
5946,83.42525
5981,83.42525
6104,83.42525
5991,83.42525
5670,83.42525
5709,83.42525
5416,83.42525
5793,83.42525
