True,Pred
5750,803.704
5399,803.7036
6123,803.7031
5730,803.7016
6015,803.6967
5989,803.68604
6333,803.66833
6388,803.6297
6048,803.59576
6322,803.59576
6405,803.59576
6523,803.59576
