True,Pred
5750,139.99438
5399,139.86536
6123,139.60304
5730,139.08244
6015,137.9769
5989,135.79027
6333,132.09853
6388,126.819466
6048,120.80245
6322,120.67289
6405,120.45895
6523,120.12553
