True,Pred
5750,411.4946
5399,411.45697
6123,411.36893
5730,411.1549
6015,410.5668
5989,409.29523
6333,406.90686
6388,403.108
6048,395.3617
6322,395.3466
6405,395.3168
6523,395.26083
