True,Pred
5750,743.06934
5399,743.06946
6123,743.0958
5730,743.1733
6015,743.3596
5989,743.7076
6333,744.3242
6388,745.3845
6048,747.1048
6322,747.1038
6405,747.10205
6523,747.09875
