True,Pred
4655,89.059006
4716,89.059006
4377,89.059006
4484,89.059006
4911,89.059006
5218,89.059006
5759,89.059006
5456,89.059006
5359,89.059006
5305,89.059006
5769,89.059006
5565,89.059006
5367,89.059006
5633,89.059006
5664,89.059006
6082,89.059006
6505,89.059006
5813,89.059006
6379,89.059006
6091,89.059006
6219,89.059006
6052,89.059006
6105,89.059006
6030,89.059006
5969,89.059006
5707,89.059006
5681,89.059006
6052,89.059006
5904,89.059006
5426,89.059006
6005,89.059006
5766,89.059006
5946,89.059006
5981,89.059006
6104,89.059006
5991,89.059006
5670,89.059006
5709,89.059006
5416,89.059006
5793,89.059006
