True,Pred
5750,606.6335
5399,606.6316
6123,606.62646
5730,606.6153
6015,606.5926
5989,606.5451
6333,606.4537
6388,606.29486
6048,606.0283
6322,606.0283
6405,606.02826
6523,606.028
