True,Pred
5750,909.9267
5399,909.92676
6123,909.92676
5730,909.92676
6015,909.9265
5989,909.9261
6333,909.9199
6388,909.84174
6048,909.04865
6322,909.04865
6405,909.04865
6523,909.0486
