True,Pred
4655,184.99399
4716,184.99399
4377,184.99399
4484,184.99399
4911,184.99399
5218,184.99399
5759,184.99399
5456,184.99399
5359,184.99399
5305,184.99399
5769,184.99399
5565,184.99399
5367,184.99399
5633,184.99399
5664,184.99399
6082,184.99399
6505,184.99399
5813,184.99399
6379,184.99399
6091,184.99399
6219,184.99399
6052,184.99399
6105,184.99399
6030,184.99399
5969,184.99399
5707,184.99399
5681,184.99399
6052,184.99399
5904,184.99399
5426,184.99399
6005,184.99399
5766,184.99399
5946,184.99399
5981,184.99399
6104,184.99399
5991,184.99399
5670,184.99399
5709,184.99399
5416,184.99399
5793,184.99399
