True,Pred
4655,52.155552
4716,52.155552
4377,52.155552
4484,52.155552
4911,52.155552
5218,52.155552
5759,52.155552
5456,52.155552
5359,52.155552
5305,52.155552
5769,52.155552
5565,52.155552
5367,52.155552
5633,52.155552
5664,52.155552
6082,52.155552
6505,52.155552
5813,52.155552
6379,52.155552
6091,52.155552
6219,52.155552
6052,52.155552
6105,52.155552
6030,52.155552
5969,52.155552
5707,52.155552
5681,52.155552
6052,52.155552
5904,52.155552
5426,52.155552
6005,52.155552
5766,52.155552
5946,52.155552
5981,52.155552
6104,52.155552
5991,52.155552
5670,52.155552
5709,52.155552
5416,52.155552
5793,52.155552
