True,Pred
5750,539.97034
5399,539.9148
6123,539.73254
5730,539.3925
6015,538.8878
5989,537.9106
6333,535.85645
6388,532.36255
6048,527.97095
6322,527.9533
6405,527.9233
6523,527.87787
