True,Pred
4655,458.85394
4716,458.85394
4377,458.85394
4484,458.85394
4911,458.85394
5218,458.85394
5759,458.85394
5456,458.85394
5359,458.85394
5305,458.85394
5769,458.85394
5565,458.85394
5367,458.85394
5633,458.85394
5664,458.85394
6082,458.85394
6505,458.85394
5813,458.85394
6379,458.85394
6091,458.85394
6219,458.85394
6052,458.85394
6105,458.85394
6030,458.85394
5969,458.85394
5707,458.85394
5681,458.85394
6052,458.85394
5904,458.85394
5426,458.85394
6005,458.85394
5766,458.85394
5946,458.85394
5981,458.85394
6104,458.85394
5991,458.85394
5670,458.85394
5709,458.85394
5416,458.85394
5793,458.85394
