True,Pred
5750,985.8507
5399,985.8503
6123,985.8499
5730,985.84894
6015,985.8465
5989,985.839
6333,985.8182
6388,985.77637
6048,985.7296
6322,985.7296
6405,985.7296
6523,985.7296
