True,Pred
5750,274.07687
5399,274.0438
6123,273.97128
5730,273.83755
6015,273.5783
5989,272.98813
6333,271.66705
6388,268.54382
6048,260.3484
6322,260.3352
6405,260.31076
6523,260.26675
