True,Pred
4655,330.60934
4716,330.60934
4377,330.60934
4484,330.60934
4911,330.60934
5218,330.60934
5759,330.60934
5456,330.60934
5359,330.60934
5305,330.60934
5769,330.60934
5565,330.60934
5367,330.60934
5633,330.60934
5664,330.60934
6082,330.60934
6505,330.60934
5813,330.60934
6379,330.60934
6091,330.60934
6219,330.60934
6052,330.60934
6105,330.60934
6030,330.60934
5969,330.60934
5707,330.60934
5681,330.60934
6052,330.60934
5904,330.60934
5426,330.60934
6005,330.60934
5766,330.60934
5946,330.60934
5981,330.60934
6104,330.60934
5991,330.60934
5670,330.60934
5709,330.60934
5416,330.60934
5793,330.60934
