True,Pred
5750,940.1186
5399,940.1185
6123,940.11847
5730,940.11835
6015,940.11804
5989,940.1169
6333,940.1144
6388,940.10394
6048,940.0427
6322,940.0427
6405,940.0427
6523,940.0427
