True,Pred
5750,120.58712
5399,120.48584
6123,120.2731
5730,119.8411
6015,118.95049
5989,117.19937
6333,114.16069
6388,109.75171
6048,104.95324
6322,104.86277
6405,104.710236
6523,104.46653
