True,Pred
5750,52.155552
5399,52.101788
6123,51.94961
5730,51.603733
6015,50.932777
5989,49.758385
6333,47.912487
6388,45.053345
6048,38.416317
6322,38.251873
6405,37.99179
6523,37.599434
