True,Pred
5750,468.1127
5399,468.08948
6123,468.05014
5730,467.9853
6015,467.8782
5989,467.64584
6333,467.0783
6388,465.94266
6048,461.9715
6322,461.9683
6405,461.96313
6523,461.95438
