True,Pred
4655,260.60815
4716,260.60815
4377,260.60815
4484,260.60815
4911,260.60815
5218,260.60815
5759,260.60815
5456,260.60815
5359,260.60815
5305,260.60815
5769,260.60815
5565,260.60815
5367,260.60815
5633,260.60815
5664,260.60815
6082,260.60815
6505,260.60815
5813,260.60815
6379,260.60815
6091,260.60815
6219,260.60815
6052,260.60815
6105,260.60815
6030,260.60815
5969,260.60815
5707,260.60815
5681,260.60815
6052,260.60815
5904,260.60815
5426,260.60815
6005,260.60815
5766,260.60815
5946,260.60815
5981,260.60815
6104,260.60815
5991,260.60815
5670,260.60815
5709,260.60815
5416,260.60815
5793,260.60815
