True,Pred
4655,106.005394
4716,106.005394
4377,106.005394
4484,106.005394
4911,106.005394
5218,106.005394
5759,106.005394
5456,106.005394
5359,106.005394
5305,106.005394
5769,106.005394
5565,106.005394
5367,106.005394
5633,106.005394
5664,106.005394
6082,106.005394
6505,106.005394
5813,106.005394
6379,106.005394
6091,106.005394
6219,106.005394
6052,106.005394
6105,106.005394
6030,106.005394
5969,106.005394
5707,106.005394
5681,106.005394
6052,106.005394
5904,106.005394
5426,106.005394
6005,106.005394
5766,106.005394
5946,106.005394
5981,106.005394
6104,106.005394
5991,106.005394
5670,106.005394
5709,106.005394
5416,106.005394
5793,106.005394
