True,Pred
5750,172.93314
5399,172.87796
6123,172.70517
5730,172.42397
6015,171.92867
5989,171.03827
6333,169.52638
6388,167.32254
6048,165.302
6322,165.27408
6405,165.23035
6523,165.16783
