True,Pred
5750,450.1985
5399,450.19574
6123,450.18753
5730,450.1678
6015,450.1208
5989,449.9999
6333,449.71268
6388,449.02457
6048,447.57254
6322,447.57224
6405,447.57132
6523,447.5695
