True,Pred
5750,522.93896
5399,522.93854
6123,522.9378
5730,522.93616
6015,522.9328
5989,522.92395
6333,522.89966
6388,522.85254
6048,522.79004
6322,522.79004
6405,522.79004
6523,522.79004
