,RMSE,MAE,MAPE,PI Width,CI Coverage,PI Overlap
mean,447.7505408073968,386.21013997395835,6.263834321865199,0.0,0.0,0.0
median,470.981907321293,407.2361653645833,6.539908083922221,0.0,0.0,0.0
std,53.5796261799035,53.95811679274472,0.7867046098872715,0.0,0.0,0.0
