,RMSE,MAE,MAPE,PI Width,CI Coverage,PI Overlap
mean,650.1021281368431,569.1666897243924,9.142429420294112,0.0,0.0,0.0
median,655.8481154439974,580.8679606119792,9.318729179747194,0.0,0.0,0.0
std,194.13700062399798,173.90641930380954,2.7459603368738073,0.0,0.0,0.0
