,RMSE,MAE,MAPE,PI Width,CI Coverage,PI Overlap
mean,608.6522579114466,536.7455430772569,8.621606653599809,0.0,0.0,0.0
median,610.3924365490191,538.849365234375,8.638553247564065,0.0,0.0,0.0
std,204.8171987435405,186.34115812506002,2.9721671546423867,0.0,0.0,0.0
