,RMSE,MAE,MAPE,PI Width,CI Coverage,PI Overlap
mean,338.28574633973943,289.6056274414062,4.708175833192197,0.0,0.0,0.0
median,338.1871226745399,289.75484212239587,4.708514618131874,0.0,0.0,0.0
std,3.8672119243951677,3.9959401039443248,0.06378291031632503,0.0,0.0,0.0
