,RMSE,MAE,MAPE,PI Width,CI Coverage,PI Overlap
mean,377.62494576678444,323.106487358941,5.245064997520955,0.0,0.0,0.0
median,371.919030632087,316.9701944986979,5.132882355606123,0.0,0.0,0.0
std,80.68907574350492,72.95216575157352,1.1260989034430071,0.0,0.0,0.0
