,RMSE,MAE,MAPE,PI Width,CI Coverage,PI Overlap
mean,243.9633360369938,197.2346331455911,3.5659401650442697,0.0,0.0,0.0
median,241.61515349962946,193.68151571584303,3.5223621280993553,0.0,0.0,0.0
std,11.985030402632827,10.288096045341492,0.178384648764813,0.0,0.0,0.0
