,RMSE,MAE,MAPE,PI Width,CI Coverage,PI Overlap
mean,293.51542086974007,244.54256449854654,4.522747120249979,0.0,0.0,0.0
median,291.04169727928866,240.91635628633722,4.487130800418817,0.0,0.0,0.0
std,42.77057868881037,39.32992677978068,0.7562144895682753,0.0,0.0,0.0
