,RMSE,MAE,MAPE,PI Width,CI Coverage,PI Overlap
mean,417.1316232600013,359.142815483941,5.906213070761864,0.0,0.0,0.0
median,386.3556631870141,306.399169921875,5.236622695125875,0.0,0.0,0.0
std,159.05522774300917,157.6501684377593,2.533444379281368,0.0,0.0,0.0
