,RMSE,MAE,MAPE,PI Width,CI Coverage,PI Overlap
mean,477.88729541201326,416.21630316840276,6.702807630607773,0.0,0.0,0.0
median,478.3553723988367,412.6594645182292,6.6260534032193625,0.0,0.0,0.0
std,143.37014818519452,132.9577151586744,2.1074370048320663,0.0,0.0,0.0
