,RMSE,MAE,MAPE,PI Width,CI Coverage,PI Overlap
mean,501.2671348933616,437.5880642361111,7.030540214742047,0.0,0.0,0.0
median,510.05922968577045,444.14697265625,7.129718062322144,0.0,0.0,0.0
std,49.35142338405481,45.93217399377388,0.7300916323150314,0.0,0.0,0.0
