True,Pred
5750,4743.2524
5399,4032.2603
6123,4526.934
5730,5376.966
6015,5368.235
5989,3198.569
6333,2261.9722
6388,3901.42
6048,6346.391
6322,4884.1475
6405,272.85468
6523,440.85318
