,RMSE,MAE,MAPE,PI Width,CI Coverage,PI Overlap
mean,352.78399326982634,303.0546196831598,4.894774684836188,0.0,0.0,0.0
median,352.3108283227132,302.40411376953125,4.884644756911669,0.0,0.0,0.0
std,1.8241916246374688,1.6903954140858028,0.02594803107061101,0.0,0.0,0.0
