,RMSE,MAE,MAPE,PI Width,CI Coverage,PI Overlap
mean,6092.197774278629,6083.709476647277,99.97062509318472,0.0,0.0,0.0
median,6092.273525171586,6083.789667740464,99.97202265594677,0.0,0.0,0.0
std,0.5925257364728755,0.6307391499598552,0.011032480482623036,0.0,0.0,0.0
