,RMSE,MAE,MAPE,PI Width,CI Coverage,PI Overlap
mean,6092.259499715671,6083.772929228346,99.97169746461935,0.0,0.0,0.0
median,6092.343689939806,6083.860902025053,99.97320772275931,0.0,0.0,0.0
std,0.5442054601597097,0.5782555387867544,0.010094925210636718,0.0,0.0,0.0
