True,Pred
5750,7.039919
5399,1.3849137
6123,0.673609
5730,0.610199
6015,0.60493445
5989,0.6045003
6333,0.60446453
6388,0.60446155
6048,0.6044613
6322,0.6044613
6405,0.6044613
6523,0.6044613
