True,Pred
5750,13.653224
5399,5.347691
6123,1.9918114
5730,0.91726136
6015,0.6803812
5989,0.63602597
6333,0.6280323
6388,0.62660205
6048,0.62634647
6322,0.62630093
6405,0.6262927
6523,0.6262913
