True,Pred
5750,13.328309
5399,5.1768436
6123,1.9389682
5730,0.9711269
6015,0.7718316
5989,0.73604673
6333,0.72980636
6388,0.7287238
6048,0.7285362
6322,0.7285037
6405,0.7284981
6523,0.72849715
