True,Pred
4323,6.0101075
4825,6.0101075
4462,6.0101075
4642,6.0101075
4369,6.0101075
4672,6.0101075
4661,6.0101075
4655,6.0101075
4716,6.0101075
4377,6.0101075
4484,6.0101075
4911,6.0101075
5218,6.0101075
5759,6.0101075
5456,6.0101075
5359,6.0101075
5305,6.0101075
5769,6.0101075
5565,6.0101075
5367,6.0101075
5633,6.0101075
5664,6.0101075
6082,6.0101075
6505,6.0101075
5813,6.0101075
6379,6.0101075
6091,6.0101075
6219,6.0101075
6052,6.0101075
6105,6.0101075
6030,6.0101075
5969,6.0101075
5707,6.0101075
5681,6.0101075
6052,6.0101075
5904,6.0101075
5426,6.0101075
6005,6.0101075
5766,6.0101075
5946,6.0101075
5981,6.0101075
6104,6.0101075
5991,6.0101075
5670,6.0101075
5709,6.0101075
5416,6.0101075
5793,6.0101075
