True,Pred
4323,5.6322966
4825,5.6322966
4462,5.6322966
4642,5.6322966
4369,5.6322966
4672,5.6322966
4661,5.6322966
4655,5.6322966
4716,5.6322966
4377,5.6322966
4484,5.6322966
4911,5.6322966
5218,5.6322966
5759,5.6322966
5456,5.6322966
5359,5.6322966
5305,5.6322966
5769,5.6322966
5565,5.6322966
5367,5.6322966
5633,5.6322966
5664,5.6322966
6082,5.6322966
6505,5.6322966
5813,5.6322966
6379,5.6322966
6091,5.6322966
6219,5.6322966
6052,5.6322966
6105,5.6322966
6030,5.6322966
5969,5.6322966
5707,5.6322966
5681,5.6322966
6052,5.6322966
5904,5.6322966
5426,5.6322966
6005,5.6322966
5766,5.6322966
5946,5.6322966
5981,5.6322966
6104,5.6322966
5991,5.6322966
5670,5.6322966
5709,5.6322966
5416,5.6322966
5793,5.6322966
