True,Pred
4323,14.819045
4825,14.819045
4462,14.819045
4642,14.819045
4369,14.819045
4672,14.819045
4661,14.819045
4655,14.819045
4716,14.819045
4377,14.819045
4484,14.819045
4911,14.819045
5218,14.819045
5759,14.819045
5456,14.819045
5359,14.819045
5305,14.819045
5769,14.819045
5565,14.819045
5367,14.819045
5633,14.819045
5664,14.819045
6082,14.819045
6505,14.819045
5813,14.819045
6379,14.819045
6091,14.819045
6219,14.819045
6052,14.819045
6105,14.819045
6030,14.819045
5969,14.819045
5707,14.819045
5681,14.819045
6052,14.819045
5904,14.819045
5426,14.819045
6005,14.819045
5766,14.819045
5946,14.819045
5981,14.819045
6104,14.819045
5991,14.819045
5670,14.819045
5709,14.819045
5416,14.819045
5793,14.819045
