True,Pred
5750,6.7283754
5399,1.3302768
6123,0.72869676
5730,0.67377645
6015,0.6689982
5989,0.66858447
6333,0.66854864
6388,0.6685455
6048,0.66854525
6322,0.66854525
6405,0.66854525
6523,0.66854525
