True,Pred
5750,12.324968
5399,4.2356286
6123,1.4959073
5730,0.74180764
6015,0.5901384
5989,0.5628899
6333,0.55811185
6388,0.5572777
6048,0.5571321
6322,0.55710673
6405,0.5571023
6523,0.5571015
