True,Pred
5750,12.183124
5399,3.392297
6123,1.0479141
5730,0.6177436
6015,0.55531234
5989,0.5466106
6333,0.5454068
6388,0.54524046
6048,0.54521745
6322,0.54521435
6405,0.54521394
6523,0.5452138
