True,Pred
5750,7.0495467
5399,1.1700664
6123,0.413234
5730,0.35554838
6015,0.35147348
5989,0.35118222
6333,0.3511614
6388,0.3511599
6048,0.3511598
6322,0.3511598
6405,0.3511598
6523,0.3511598
