True,Pred
4323,8.209013
4825,8.209013
4462,8.209013
4642,8.209013
4369,8.209013
4672,8.209013
4661,8.209013
4655,8.209013
4716,8.209013
4377,8.209013
4484,8.209013
4911,8.209013
5218,8.209013
5759,8.209013
5456,8.209013
5359,8.209013
5305,8.209013
5769,8.209013
5565,8.209013
5367,8.209013
5633,8.209013
5664,8.209013
6082,8.209013
6505,8.209013
5813,8.209013
6379,8.209013
6091,8.209013
6219,8.209013
6052,8.209013
6105,8.209013
6030,8.209013
5969,8.209013
5707,8.209013
5681,8.209013
6052,8.209013
5904,8.209013
5426,8.209013
6005,8.209013
5766,8.209013
5946,8.209013
5981,8.209013
6104,8.209013
5991,8.209013
5670,8.209013
5709,8.209013
5416,8.209013
5793,8.209013
