True,Pred
5750,15.148752
5399,6.735536
6123,3.0103269
5730,1.374604
6015,0.8560059
5989,0.7261262
6333,0.6961508
6388,0.6893817
6048,0.68786097
6322,0.68751967
6405,0.68744314
6523,0.687426
