True,Pred
5750,13.759028
5399,4.9587026
6123,1.6638664
5730,0.73082435
6015,0.5511671
5989,0.521057
6333,0.5161489
6388,0.5153526
6048,0.5152235
6322,0.5152025
6405,0.5151992
6523,0.51519865
