True,Pred
4323,15.148752
4825,15.148752
4462,15.148752
4642,15.148752
4369,15.148752
4672,15.148752
4661,15.148752
4655,15.148752
4716,15.148752
4377,15.148752
4484,15.148752
4911,15.148752
5218,15.148752
5759,15.148752
5456,15.148752
5359,15.148752
5305,15.148752
5769,15.148752
5565,15.148752
5367,15.148752
5633,15.148752
5664,15.148752
6082,15.148752
6505,15.148752
5813,15.148752
6379,15.148752
6091,15.148752
6219,15.148752
6052,15.148752
6105,15.148752
6030,15.148752
5969,15.148752
5707,15.148752
5681,15.148752
6052,15.148752
5904,15.148752
5426,15.148752
6005,15.148752
5766,15.148752
5946,15.148752
5981,15.148752
6104,15.148752
5991,15.148752
5670,15.148752
5709,15.148752
5416,15.148752
5793,15.148752
