True,Pred
4323,16.516346
4825,16.516346
4462,16.516346
4642,16.516346
4369,16.516346
4672,16.516346
4661,16.516346
4655,16.516346
4716,16.516346
4377,16.516346
4484,16.516346
4911,16.516346
5218,16.516346
5759,16.516346
5456,16.516346
5359,16.516346
5305,16.516346
5769,16.516346
5565,16.516346
5367,16.516346
5633,16.516346
5664,16.516346
6082,16.516346
6505,16.516346
5813,16.516346
6379,16.516346
6091,16.516346
6219,16.516346
6052,16.516346
6105,16.516346
6030,16.516346
5969,16.516346
5707,16.516346
5681,16.516346
6052,16.516346
5904,16.516346
5426,16.516346
6005,16.516346
5766,16.516346
5946,16.516346
5981,16.516346
6104,16.516346
5991,16.516346
5670,16.516346
5709,16.516346
5416,16.516346
5793,16.516346
