True,Pred
5750,12.880561
5399,4.247465
6123,1.349149
5730,0.65390813
6015,0.5337095
5989,0.5147829
6333,0.51185304
6388,0.5114007
6048,0.51133084
6322,0.51132005
6405,0.51131845
6523,0.5113182
