True,Pred
5750,5.7879677
5399,1.3468964
6123,0.49505514
5730,0.4070162
6015,0.39919996
5989,0.39851755
6333,0.39845806
6388,0.39845288
6048,0.39845243
6322,0.3984524
6405,0.3984524
6523,0.3984524
