True,Pred
5750,8.447179
5399,2.0660207
6123,0.6734064
5730,0.50565857
6015,0.48879248
5989,0.4871348
6333,0.4869722
6388,0.48695624
6048,0.4869547
6322,0.48695457
6405,0.48695457
6523,0.48695457
