True,Pred
5750,15.272785
5399,4.196781
6123,1.2288654
5730,0.70676124
6015,0.63650775
5989,0.62757903
6333,0.62645316
6388,0.6263113
6048,0.6262934
6322,0.62629116
6405,0.6262909
6523,0.62629086
