True,Pred
5750,8.411226
5399,1.6171525
6123,0.56246316
5730,0.4709896
6015,0.46400276
5989,0.46347505
6333,0.46343523
6388,0.4634322
6048,0.46343198
6322,0.46343195
6405,0.46343195
6523,0.46343195
