True,Pred
5750,11.695921
5399,2.6903682
6123,0.81593484
5730,0.552451
6015,0.5217896
5989,0.51832414
6333,0.51793265
6388,0.5178884
6048,0.5178834
6322,0.5178828
6405,0.5178828
6523,0.5178828
