True,Pred
4323,9.308486
4825,9.308486
4462,9.308486
4642,9.308486
4369,9.308486
4672,9.308486
4661,9.308486
4655,9.308486
4716,9.308486
4377,9.308486
4484,9.308486
4911,9.308486
5218,9.308486
5759,9.308486
5456,9.308486
5359,9.308486
5305,9.308486
5769,9.308486
5565,9.308486
5367,9.308486
5633,9.308486
5664,9.308486
6082,9.308486
6505,9.308486
5813,9.308486
6379,9.308486
6091,9.308486
6219,9.308486
6052,9.308486
6105,9.308486
6030,9.308486
5969,9.308486
5707,9.308486
5681,9.308486
6052,9.308486
5904,9.308486
5426,9.308486
6005,9.308486
5766,9.308486
5946,9.308486
5981,9.308486
6104,9.308486
5991,9.308486
5670,9.308486
5709,9.308486
5416,9.308486
5793,9.308486
