True,Pred
5750,6.0101075
5399,1.0962524
6123,0.5569427
5730,0.51788366
6015,0.51523113
5989,0.51505184
6333,0.5150397
6388,0.5150389
6048,0.51503885
6322,0.51503885
6405,0.51503885
6523,0.51503885
