True,Pred
5750,4.422341
5399,0.9052062
6123,0.52755547
5730,0.4941025
6015,0.49123418
5989,0.49098903
6333,0.4909681
6388,0.49096626
6048,0.4909661
6322,0.4909661
6405,0.4909661
6523,0.4909661
