True,Pred
5750,9.144784
5399,2.4863439
6123,0.7904134
5730,0.5045948
6015,0.46665236
5989,0.4618373
6333,0.46122995
6388,0.46115336
6048,0.46114373
6322,0.4611425
6405,0.46114233
6523,0.4611423
