True,Pred
4323,11.550604
4825,11.550604
4462,11.550604
4642,11.550604
4369,11.550604
4672,11.550604
4661,11.550604
4655,11.550604
4716,11.550604
4377,11.550604
4484,11.550604
4911,11.550604
5218,11.550604
5759,11.550604
5456,11.550604
5359,11.550604
5305,11.550604
5769,11.550604
5565,11.550604
5367,11.550604
5633,11.550604
5664,11.550604
6082,11.550604
6505,11.550604
5813,11.550604
6379,11.550604
6091,11.550604
6219,11.550604
6052,11.550604
6105,11.550604
6030,11.550604
5969,11.550604
5707,11.550604
5681,11.550604
6052,11.550604
5904,11.550604
5426,11.550604
6005,11.550604
5766,11.550604
5946,11.550604
5981,11.550604
6104,11.550604
5991,11.550604
5670,11.550604
5709,11.550604
5416,11.550604
5793,11.550604
