True,Pred
5750,14.977511
5399,4.8763685
6123,1.5749286
5730,0.76491666
6015,0.6235422
5989,0.6013778
6333,0.59796995
6388,0.5974476
6048,0.5973676
6322,0.59735525
6405,0.5973534
6523,0.5973531
