True,Pred
4323,16.269884
4825,16.269884
4462,16.269884
4642,16.269884
4369,16.269884
4672,16.269884
4661,16.269884
4655,16.269884
4716,16.269884
4377,16.269884
4484,16.269884
4911,16.269884
5218,16.269884
5759,16.269884
5456,16.269884
5359,16.269884
5305,16.269884
5769,16.269884
5565,16.269884
5367,16.269884
5633,16.269884
5664,16.269884
6082,16.269884
6505,16.269884
5813,16.269884
6379,16.269884
6091,16.269884
6219,16.269884
6052,16.269884
6105,16.269884
6030,16.269884
5969,16.269884
5707,16.269884
5681,16.269884
6052,16.269884
5904,16.269884
5426,16.269884
6005,16.269884
5766,16.269884
5946,16.269884
5981,16.269884
6104,16.269884
5991,16.269884
5670,16.269884
5709,16.269884
5416,16.269884
5793,16.269884
