True,Pred
5750,9.308486
5399,2.4667215
6123,0.8998277
5730,0.6495991
6015,0.6158384
5989,0.6114124
6333,0.61083454
6388,0.61075914
6048,0.61074936
6322,0.61074805
6405,0.61074793
6523,0.61074793
