True,Pred
5750,5.6410933
5399,1.4004565
6123,0.59704006
5730,0.48624653
6015,0.47236916
5989,0.4706551
6333,0.4704438
6388,0.47041777
6048,0.47041452
6322,0.47041416
6405,0.47041407
6523,0.47041407
