True,Pred
5750,11.74814
5399,3.4701483
6123,1.0634842
5730,0.56101984
6015,0.481651
5989,0.4699579
6333,0.46825445
6388,0.46800667
6048,0.46797067
6322,0.46796542
6405,0.46796465
6523,0.46796453
