True,Pred
5750,12.685959
5399,4.5654016
6123,1.6380732
5730,0.8064629
6015,0.64068294
5989,0.61146206
6333,0.60644597
6388,0.605589
6048,0.60544264
6322,0.60541767
6405,0.6054134
6523,0.60541266
