True,Pred
4323,10.600648
4825,10.600648
4462,10.600648
4642,10.600648
4369,10.600648
4672,10.600648
4661,10.600648
4655,10.600648
4716,10.600648
4377,10.600648
4484,10.600648
4911,10.600648
5218,10.600648
5759,10.600648
5456,10.600648
5359,10.600648
5305,10.600648
5769,10.600648
5565,10.600648
5367,10.600648
5633,10.600648
5664,10.600648
6082,10.600648
6505,10.600648
5813,10.600648
6379,10.600648
6091,10.600648
6219,10.600648
6052,10.600648
6105,10.600648
6030,10.600648
5969,10.600648
5707,10.600648
5681,10.600648
6052,10.600648
5904,10.600648
5426,10.600648
6005,10.600648
5766,10.600648
5946,10.600648
5981,10.600648
6104,10.600648
5991,10.600648
5670,10.600648
5709,10.600648
5416,10.600648
5793,10.600648
