True,Pred
5750,4.909291
5399,0.79193044
6123,0.44216043
5730,0.4199829
6015,0.41862833
5989,0.41854584
6333,0.41854078
6388,0.41854048
6048,0.41854048
6322,0.41854048
6405,0.41854048
6523,0.41854048
