True,Pred
4323,7.132709
4825,7.132709
4462,7.132709
4642,7.132709
4369,7.132709
4672,7.132709
4661,7.132709
4655,7.132709
4716,7.132709
4377,7.132709
4484,7.132709
4911,7.132709
5218,7.132709
5759,7.132709
5456,7.132709
5359,7.132709
5305,7.132709
5769,7.132709
5565,7.132709
5367,7.132709
5633,7.132709
5664,7.132709
6082,7.132709
6505,7.132709
5813,7.132709
6379,7.132709
6091,7.132709
6219,7.132709
6052,7.132709
6105,7.132709
6030,7.132709
5969,7.132709
5707,7.132709
5681,7.132709
6052,7.132709
5904,7.132709
5426,7.132709
6005,7.132709
5766,7.132709
5946,7.132709
5981,7.132709
6104,7.132709
5991,7.132709
5670,7.132709
5709,7.132709
5416,7.132709
5793,7.132709
