True,Pred
4323,9.631919
4825,9.631919
4462,9.631919
4642,9.631919
4369,9.631919
4672,9.631919
4661,9.631919
4655,9.631919
4716,9.631919
4377,9.631919
4484,9.631919
4911,9.631919
5218,9.631919
5759,9.631919
5456,9.631919
5359,9.631919
5305,9.631919
5769,9.631919
5565,9.631919
5367,9.631919
5633,9.631919
5664,9.631919
6082,9.631919
6505,9.631919
5813,9.631919
6379,9.631919
6091,9.631919
6219,9.631919
6052,9.631919
6105,9.631919
6030,9.631919
5969,9.631919
5707,9.631919
5681,9.631919
6052,9.631919
5904,9.631919
5426,9.631919
6005,9.631919
5766,9.631919
5946,9.631919
5981,9.631919
6104,9.631919
5991,9.631919
5670,9.631919
5709,9.631919
5416,9.631919
5793,9.631919
