True,Pred
5750,11.36864
5399,3.5905478
6123,1.1596749
5730,0.6630999
6015,0.5881113
5989,0.57757217
6333,0.57610726
6388,0.5759039
6048,0.5758757
6322,0.57587177
6405,0.5758712
6523,0.5758711
