True,Pred
5750,9.044461
5399,1.4691274
6123,0.5444794
5730,0.4919759
6015,0.4893844
5989,0.48925757
6333,0.48925138
6388,0.48925108
6048,0.48925108
6322,0.48925108
6405,0.48925108
6523,0.48925108
