,RMSE,MAE,MAPE,PI Width,CI Coverage,PI Overlap
mean,450.4059599528148,391.39110785590276,6.308164001376585,0.0,0.0,0.0
std,109.64084662543003,108.87391831306863,1.7718279044710663,0.0,0.0,0.0
