,RMSE,MAE,MAPE,PI Width,CI Coverage,PI Overlap
mean,278.7158729120446,220.4975204839939,3.9658299034827453,0.0,0.0,0.0
std,43.91789638162534,44.92745006845082,0.8248130976544138,0.0,0.0,0.0
