,RMSE,MAE,MAPE,PI Width,CI Coverage,PI Overlap
mean,2933.2860238118897,2809.5554877387153,31.33005417033731,0.0,0.0,0.0
std,171.2358202239617,173.1496705516099,1.9680048301054824,0.0,0.0,0.0
