,RMSE,MAE,MAPE,PI Width,CI Coverage,PI Overlap
mean,2047.1705937457107,1837.101376512316,29.60291451903658,0.0,0.0,0.0
median,2237.279460935354,2006.9908955891926,32.271546916798755,0.0,0.0,0.0
std,1174.0587180708565,1071.7539589799544,17.277669729258456,0.0,0.0,0.0
