,RMSE,MAE,MAPE,PI Width,CI Coverage,PI Overlap
mean,313.6441621896763,262.29293755425346,4.288366516789029,0.0,0.0,0.0
median,312.32867883461324,260.8555908203125,4.267625488177098,0.0,0.0,0.0
std,12.43218987466148,12.962506671937563,0.1991209499771357,0.0,0.0,0.0
