,RMSE,MAE,MAPE,PI Width,CI Coverage,PI Overlap
mean,271.26503103655114,216.28080475983796,3.9633875322453687,0.0,0.0,0.0
std,0.9259496707257889,0.3766770922854819,0.006553186494284334,0.0,0.0,0.0
