,RMSE,MAE,MAPE,PI Width,CI Coverage,PI Overlap
mean,477.9757206194548,417.6414198133681,6.722702991202563,0.0,0.0,0.0
median,403.90843256093376,348.99235026041663,5.61843323931476,0.0,0.0,0.0
std,177.3010729981958,165.0169122724379,2.6302616392115574,0.0,0.0,0.0
