,RMSE,MAE,MAPE,PI Width,CI Coverage,PI Overlap
mean,387.5297414139433,333.66230604383685,5.381185118293936,0.0,0.0,0.0
median,396.1961874239786,341.4250691731771,5.499847076598599,0.0,0.0,0.0
std,33.034697029975675,30.264686628492477,0.4703357936856422,0.0,0.0,0.0
