,RMSE,MAE,MAPE,PI Width,CI Coverage,PI Overlap
mean,489.31261055734535,425.9311225043403,6.839836762345619,0.0,0.0,0.0
median,466.7626181334633,402.98492431640625,6.470733674379885,0.0,0.0,0.0
std,47.06014567398265,45.219054059465954,0.7227935437841481,0.0,0.0,0.0
