,RMSE,MAE,MAPE,PI Width,CI Coverage,PI Overlap
mean,274.5989935627278,228.3753919813368,3.730712162089508,0.0,0.0,0.0
median,275.6512744658541,229.3740030924479,3.7453720195078115,0.0,0.0,0.0
std,3.660216758037742,3.4539824804725123,0.05180437090144495,0.0,0.0,0.0
