,RMSE,MAE,MAPE,PI Width,CI Coverage,PI Overlap
mean,310.1600896430003,259.4357245551215,4.273655473965476,0.0,0.0,0.0
median,300.50560823721827,245.85831705729166,4.067437387066141,0.0,0.0,0.0
std,28.64557721455823,27.43654608419447,0.40997607497632277,0.0,0.0,0.0
