,RMSE,MAE,MAPE,PI Width,CI Coverage,PI Overlap
mean,267.28907117266994,214.65071971862298,3.8127442561274436,0.0,0.0,0.0
std,32.468407944328064,25.32139639434143,0.4124765439540981,0.0,0.0,0.0
