,RMSE,MAE,MAPE,PI Width,CI Coverage,PI Overlap
mean,413.67015584226687,357.7045545789931,5.791806424333837,0.0,0.0,0.0
median,397.40558476493686,347.82830810546875,5.632023760057501,0.0,0.0,0.0
std,100.81757125999079,94.61573198582722,1.4759945655715396,0.0,0.0,0.0
