,RMSE,MAE,MAPE,PI Width,CI Coverage,PI Overlap
mean,297.33606649783167,245.3723667689732,4.526492572995901,0.0,0.0,0.0
median,286.104404291738,236.57132393973214,4.369661701309395,0.0,0.0,0.0
std,43.97457309232174,38.72819494384632,0.7595616157860485,0.0,0.0,0.0
