,RMSE,MAE,MAPE,PI Width,CI Coverage,PI Overlap
mean,426.96068873311157,360.3500854492187,5.9104022511048875,0.0,0.0,0.0
std,285.85405377215284,273.4443385651429,4.381740355517878,0.0,0.0,0.0
