,RMSE,MAE,MAPE,PI Width,CI Coverage,PI Overlap
mean,310.7007670343346,247.4055888407939,4.341434991353596,0.0,0.0,0.0
std,74.55126524711642,69.79668009218514,1.2197431854983394,0.0,0.0,0.0
