,RMSE,MAE,MAPE,PI Width,CI Coverage,PI Overlap
mean,296.57968078990814,242.90880810893177,4.420336280318102,0.0,0.0,0.0
median,291.5030464834606,241.1454766456117,4.365983626373225,0.0,0.0,0.0
std,21.295162686847632,14.950446227600448,0.21881670645690288,0.0,0.0,0.0
