,RMSE,MAE,MAPE,PI Width,CI Coverage,PI Overlap
mean,412.8623064639339,356.97144504123264,5.747732090487193,0.0,0.0,0.0
median,453.4746465153647,392.8284912109375,6.306961099049652,0.0,0.0,0.0
std,86.98015126274473,78.58185632741495,1.233436901050289,0.0,0.0,0.0
