,RMSE,MAE,MAPE,PI Width,CI Coverage,PI Overlap
mean,3283.1941552812223,2755.8871459960938,44.20036303262206,0.0,0.0,0.0
median,1915.0794416329932,1737.3459981282554,27.957331026747706,0.0,0.0,0.0
std,6183.898065817678,4672.321542012309,74.32587658182959,0.0,0.0,0.0
