,RMSE,MAE,MAPE,PI Width,CI Coverage,PI Overlap
mean,628.9433831019613,557.532763671875,8.953888042845618,0.0,0.0,0.0
median,662.369797491669,589.6952311197916,9.460885365181962,0.0,0.0,0.0
std,194.61499839900094,178.73352031291958,2.8542773632787575,0.0,0.0,0.0
