,RMSE,MAE,MAPE,PI Width,CI Coverage,PI Overlap
mean,349.7564076290536,299.5758341471354,4.843276521589242,0.0,0.0,0.0
median,350.27472562485025,300.1498616536458,4.854200627331376,0.0,0.0,0.0
std,3.254975429828729,3.014321896386265,0.047307785409300175,0.0,0.0,0.0
