,RMSE,MAE,MAPE,PI Width,CI Coverage,PI Overlap
mean,418.5073555878984,363.9595689561632,5.850107064218238,0.0,0.0,0.0
median,418.9792657314484,364.07741292317706,5.851398647116759,0.0,0.0,0.0
std,6.961200313418768,6.151100657345438,0.09728962029520034,0.0,0.0,0.0
