,RMSE,MAE,MAPE,PI Width,CI Coverage,PI Overlap
mean,419.46087076818264,360.9908040364583,5.816585838313502,0.0,0.0,0.0
median,420.52570038499175,362.4521280924479,5.842731245548766,0.0,0.0,0.0
std,28.575876882840912,24.799255328195628,0.3794421203068366,0.0,0.0,0.0
