,RMSE,MAE,MAPE,PI Width,CI Coverage,PI Overlap
mean,348.1860581748678,298.83321668836805,4.8427960310441955,0.0,0.0,0.0
median,351.0631791391336,302.28326416015625,4.8946223297032985,0.0,0.0,0.0
std,17.534077961956175,16.42975974849661,0.2545111139194332,0.0,0.0,0.0
