,RMSE,MAE,MAPE,PI Width,CI Coverage,PI Overlap
mean,321.41419892778686,270.1765326605902,4.411491887126906,0.0,0.0,0.0
median,309.0575816292622,257.51145426432294,4.21676618338273,0.0,0.0,0.0
std,28.017718742481406,28.629171319895,0.4390661293191332,0.0,0.0,0.0
