,RMSE,MAE,MAPE,PI Width,CI Coverage,PI Overlap
mean,340.89550270885826,292.6038655598958,4.745038926050757,0.0,0.0,0.0
std,97.74940286672944,89.71985179835151,1.4220592717811336,0.0,0.0,0.0
