,RMSE,MAE,MAPE,PI Width,CI Coverage,PI Overlap
mean,433.1367139659153,373.8933539496528,6.0134953973765475,0.0,0.0,0.0
median,446.9014780349563,385.4637858072917,6.194307688191239,0.0,0.0,0.0
std,41.66145816596892,36.78899431902774,0.5799872696277106,0.0,0.0,0.0
