,RMSE,MAE,MAPE,PI Width,CI Coverage,PI Overlap
mean,293.1271879176263,247.97351616753474,4.052452191250426,0.0,0.0,0.0
median,286.3815270704972,238.92887369791669,3.9061666215469746,0.0,0.0,0.0
std,35.55816676801663,32.748671995238716,0.5037924577630291,0.0,0.0,0.0
