,RMSE,MAE,MAPE,PI Width,CI Coverage,PI Overlap
mean,2793.6325489076658,2666.4647538926874,29.695281576167968,0.0,0.0,0.0
std,72.065945749707,73.68372422431514,0.8408842555805783,0.0,0.0,0.0
