,RMSE,MAE,MAPE,PI Width,CI Coverage,PI Overlap
mean,5530.166234936364,5497.42244612046,99.91806498884746,0.0,0.0,0.0
median,5530.3499575357,5497.607265695612,99.92146803460835,0.0,0.0,0.0
std,1.6099035563920647,1.6194948184141618,0.02981943320700007,0.0,0.0,0.0
