,RMSE,MAE,MAPE,PI Width,CI Coverage,PI Overlap
mean,6093.208191786067,6084.771690375233,99.98898488667488,0.0,0.0,0.0
median,6093.239737459041,6084.806933775544,99.9896272792804,0.0,0.0,0.0
std,0.21102951623593594,0.2236370692687997,0.0038928962102552965,0.0,0.0,0.0
