True,Pred
5750,2.74919
5399,0.35157904
6123,0.21992174
5730,0.21419433
6015,0.213949
5989,0.21393849
6333,0.21393803
6388,0.21393803
6048,0.21393803
6322,0.21393803
6405,0.21393803
6523,0.21393803
