True,Pred
5750,2.1135712
5399,0.34349802
6123,0.24675182
5730,0.24188519
6015,0.24164185
5989,0.24162966
6333,0.24162906
6388,0.24162903
6048,0.24162903
6322,0.24162903
6405,0.24162903
6523,0.24162903
