True,Pred
4323,2.8682337
4825,2.8682337
4462,2.8682337
4642,2.8682337
4369,2.8682337
4672,2.8682337
4661,2.8682337
4655,2.8682337
4716,2.8682337
4377,2.8682337
4484,2.8682337
4911,2.8682337
5218,2.8682337
5759,2.8682337
5456,2.8682337
5359,2.8682337
5305,2.8682337
5769,2.8682337
5565,2.8682337
5367,2.8682337
5633,2.8682337
5664,2.8682337
6082,2.8682337
6505,2.8682337
5813,2.8682337
6379,2.8682337
6091,2.8682337
6219,2.8682337
6052,2.8682337
6105,2.8682337
6030,2.8682337
5969,2.8682337
5707,2.8682337
5681,2.8682337
6052,2.8682337
5904,2.8682337
5426,2.8682337
6005,2.8682337
5766,2.8682337
5946,2.8682337
5981,2.8682337
6104,2.8682337
5991,2.8682337
5670,2.8682337
5709,2.8682337
5416,2.8682337
5793,2.8682337
