True,Pred
4323,5.417995
4825,5.417995
4462,5.417995
4642,5.417995
4369,5.417995
4672,5.417995
4661,5.417995
4655,5.417995
4716,5.417995
4377,5.417995
4484,5.417995
4911,5.417995
5218,5.417995
5759,5.417995
5456,5.417995
5359,5.417995
5305,5.417995
5769,5.417995
5565,5.417995
5367,5.417995
5633,5.417995
5664,5.417995
6082,5.417995
6505,5.417995
5813,5.417995
6379,5.417995
6091,5.417995
6219,5.417995
6052,5.417995
6105,5.417995
6030,5.417995
5969,5.417995
5707,5.417995
5681,5.417995
6052,5.417995
5904,5.417995
5426,5.417995
6005,5.417995
5766,5.417995
5946,5.417995
5981,5.417995
6104,5.417995
5991,5.417995
5670,5.417995
5709,5.417995
5416,5.417995
5793,5.417995
