True,Pred
5750,9.269469
5399,1.9155376
6123,0.49421588
5730,0.34186926
6015,0.3281437
5989,0.32693097
6333,0.326824
6388,0.32681456
6048,0.32681376
6322,0.32681367
6405,0.32681367
6523,0.32681367
