True,Pred
4323,5.3870025
4825,5.3870025
4462,5.3870025
4642,5.3870025
4369,5.3870025
4672,5.3870025
4661,5.3870025
4655,5.3870025
4716,5.3870025
4377,5.3870025
4484,5.3870025
4911,5.3870025
5218,5.3870025
5759,5.3870025
5456,5.3870025
5359,5.3870025
5305,5.3870025
5769,5.3870025
5565,5.3870025
5367,5.3870025
5633,5.3870025
5664,5.3870025
6082,5.3870025
6505,5.3870025
5813,5.3870025
6379,5.3870025
6091,5.3870025
6219,5.3870025
6052,5.3870025
6105,5.3870025
6030,5.3870025
5969,5.3870025
5707,5.3870025
5681,5.3870025
6052,5.3870025
5904,5.3870025
5426,5.3870025
6005,5.3870025
5766,5.3870025
5946,5.3870025
5981,5.3870025
6104,5.3870025
5991,5.3870025
5670,5.3870025
5709,5.3870025
5416,5.3870025
5793,5.3870025
