True,Pred
4323,5.6990943
4825,5.6990943
4462,5.6990943
4642,5.6990943
4369,5.6990943
4672,5.6990943
4661,5.6990943
4655,5.6990943
4716,5.6990943
4377,5.6990943
4484,5.6990943
4911,5.6990943
5218,5.6990943
5759,5.6990943
5456,5.6990943
5359,5.6990943
5305,5.6990943
5769,5.6990943
5565,5.6990943
5367,5.6990943
5633,5.6990943
5664,5.6990943
6082,5.6990943
6505,5.6990943
5813,5.6990943
6379,5.6990943
6091,5.6990943
6219,5.6990943
6052,5.6990943
6105,5.6990943
6030,5.6990943
5969,5.6990943
5707,5.6990943
5681,5.6990943
6052,5.6990943
5904,5.6990943
5426,5.6990943
6005,5.6990943
5766,5.6990943
5946,5.6990943
5981,5.6990943
6104,5.6990943
5991,5.6990943
5670,5.6990943
5709,5.6990943
5416,5.6990943
5793,5.6990943
