True,Pred
5750,4.342951
5399,0.72446346
6123,0.34098455
5730,0.30979174
6015,0.30736244
5989,0.3071739
6333,0.30715925
6388,0.30715817
6048,0.30715805
6322,0.30715805
6405,0.30715805
6523,0.30715805
