True,Pred
4323,4.596811
4825,4.596811
4462,4.596811
4642,4.596811
4369,4.596811
4672,4.596811
4661,4.596811
4655,4.596811
4716,4.596811
4377,4.596811
4484,4.596811
4911,4.596811
5218,4.596811
5759,4.596811
5456,4.596811
5359,4.596811
5305,4.596811
5769,4.596811
5565,4.596811
5367,4.596811
5633,4.596811
5664,4.596811
6082,4.596811
6505,4.596811
5813,4.596811
6379,4.596811
6091,4.596811
6219,4.596811
6052,4.596811
6105,4.596811
6030,4.596811
5969,4.596811
5707,4.596811
5681,4.596811
6052,4.596811
5904,4.596811
5426,4.596811
6005,4.596811
5766,4.596811
5946,4.596811
5981,4.596811
6104,4.596811
5991,4.596811
5670,4.596811
5709,4.596811
5416,4.596811
5793,4.596811
