True,Pred
4323,6.385497
4825,6.385497
4462,6.385497
4642,6.385497
4369,6.385497
4672,6.385497
4661,6.385497
4655,6.385497
4716,6.385497
4377,6.385497
4484,6.385497
4911,6.385497
5218,6.385497
5759,6.385497
5456,6.385497
5359,6.385497
5305,6.385497
5769,6.385497
5565,6.385497
5367,6.385497
5633,6.385497
5664,6.385497
6082,6.385497
6505,6.385497
5813,6.385497
6379,6.385497
6091,6.385497
6219,6.385497
6052,6.385497
6105,6.385497
6030,6.385497
5969,6.385497
5707,6.385497
5681,6.385497
6052,6.385497
5904,6.385497
5426,6.385497
6005,6.385497
5766,6.385497
5946,6.385497
5981,6.385497
6104,6.385497
5991,6.385497
5670,6.385497
5709,6.385497
5416,6.385497
5793,6.385497
