True,Pred
4323,1.5118153
4825,1.5118153
4462,1.5118153
4642,1.5118153
4369,1.5118153
4672,1.5118153
4661,1.5118153
4655,1.5118153
4716,1.5118153
4377,1.5118153
4484,1.5118153
4911,1.5118153
5218,1.5118153
5759,1.5118153
5456,1.5118153
5359,1.5118153
5305,1.5118153
5769,1.5118153
5565,1.5118153
5367,1.5118153
5633,1.5118153
5664,1.5118153
6082,1.5118153
6505,1.5118153
5813,1.5118153
6379,1.5118153
6091,1.5118153
6219,1.5118153
6052,1.5118153
6105,1.5118153
6030,1.5118153
5969,1.5118153
5707,1.5118153
5681,1.5118153
6052,1.5118153
5904,1.5118153
5426,1.5118153
6005,1.5118153
5766,1.5118153
5946,1.5118153
5981,1.5118153
6104,1.5118153
5991,1.5118153
5670,1.5118153
5709,1.5118153
5416,1.5118153
5793,1.5118153
