True,Pred
5750,6.7881837
5399,1.0692593
6123,0.39880833
5730,0.34699145
6015,0.34327534
5989,0.34301046
6333,0.34299153
6388,0.34299022
6048,0.3429901
6322,0.3429901
6405,0.3429901
6523,0.3429901
