True,Pred
5750,4.590883
5399,0.581143
6123,0.29385298
5730,0.27997255
6015,0.27930748
5989,0.27927566
6333,0.27927414
6388,0.27927405
6048,0.27927405
6322,0.27927405
6405,0.27927405
6523,0.27927405
