True,Pred
4323,4.590883
4825,4.590883
4462,4.590883
4642,4.590883
4369,4.590883
4672,4.590883
4661,4.590883
4655,4.590883
4716,4.590883
4377,4.590883
4484,4.590883
4911,4.590883
5218,4.590883
5759,4.590883
5456,4.590883
5359,4.590883
5305,4.590883
5769,4.590883
5565,4.590883
5367,4.590883
5633,4.590883
5664,4.590883
6082,4.590883
6505,4.590883
5813,4.590883
6379,4.590883
6091,4.590883
6219,4.590883
6052,4.590883
6105,4.590883
6030,4.590883
5969,4.590883
5707,4.590883
5681,4.590883
6052,4.590883
5904,4.590883
5426,4.590883
6005,4.590883
5766,4.590883
5946,4.590883
5981,4.590883
6104,4.590883
5991,4.590883
5670,4.590883
5709,4.590883
5416,4.590883
5793,4.590883
