True,Pred
5750,2.4355893
5399,0.2912927
6123,0.20014004
5730,0.19713566
6015,0.19703782
5989,0.19703461
6333,0.19703451
6388,0.19703451
6048,0.19703451
6322,0.19703451
6405,0.19703451
6523,0.19703451
