True,Pred
5750,4.492298
5399,0.6429645
6123,0.2935298
5730,0.27293003
6015,0.27179348
5989,0.271731
6333,0.27172753
6388,0.27172735
6048,0.27172735
6322,0.27172735
6405,0.27172735
6523,0.27172735
