True,Pred
5750,3.6540534
5399,0.466598
6123,0.22693226
5730,0.21420646
6015,0.21355402
5989,0.21352065
6333,0.21351892
6388,0.21351886
6048,0.21351884
6322,0.21351884
6405,0.21351884
6523,0.21351884
