True,Pred
5750,5.417995
5399,0.7346272
6123,0.24850285
5730,0.21768558
6015,0.21584648
5989,0.2157372
6333,0.2157307
6388,0.2157303
6048,0.21573028
6322,0.21573028
6405,0.21573028
6523,0.21573028
