True,Pred
5750,4.599049
5399,0.74281275
6123,0.3140977
5730,0.28160757
6015,0.27926797
5989,0.27910015
6333,0.27908814
6388,0.27908725
6048,0.2790872
6322,0.2790872
6405,0.2790872
6523,0.2790872
