True,Pred
5750,6.385497
5399,0.9780045
6123,0.33858067
5730,0.29003876
6015,0.2866171
5989,0.28637734
6333,0.2863605
6388,0.28635937
6048,0.28635925
6322,0.28635925
6405,0.28635925
6523,0.28635925
