True,Pred
4323,6.7881837
4825,6.7881837
4462,6.7881837
4642,6.7881837
4369,6.7881837
4672,6.7881837
4661,6.7881837
4655,6.7881837
4716,6.7881837
4377,6.7881837
4484,6.7881837
4911,6.7881837
5218,6.7881837
5759,6.7881837
5456,6.7881837
5359,6.7881837
5305,6.7881837
5769,6.7881837
5565,6.7881837
5367,6.7881837
5633,6.7881837
5664,6.7881837
6082,6.7881837
6505,6.7881837
5813,6.7881837
6379,6.7881837
6091,6.7881837
6219,6.7881837
6052,6.7881837
6105,6.7881837
6030,6.7881837
5969,6.7881837
5707,6.7881837
5681,6.7881837
6052,6.7881837
5904,6.7881837
5426,6.7881837
6005,6.7881837
5766,6.7881837
5946,6.7881837
5981,6.7881837
6104,6.7881837
5991,6.7881837
5670,6.7881837
5709,6.7881837
5416,6.7881837
5793,6.7881837
