True,Pred
5750,2.8682337
5399,0.29696104
6123,0.20665157
5730,0.20416741
6015,0.20409983
5989,0.20409802
6333,0.20409796
6388,0.20409796
6048,0.20409796
6322,0.20409796
6405,0.20409796
6523,0.20409796
