True,Pred
5750,4.28816
5399,0.70109975
6123,0.31928715
5730,0.29043108
6015,0.28835237
5989,0.28820324
6333,0.28819254
6388,0.28819174
6048,0.28819168
6322,0.28819168
6405,0.28819168
6523,0.28819168
