True,Pred
5750,4.5445857
5399,0.70142996
6123,0.2940123
5730,0.2620924
6015,0.2596942
5989,0.2595147
6333,0.25950122
6388,0.2595002
6048,0.25950015
6322,0.25950015
6405,0.25950015
6523,0.25950015
