True,Pred
5750,8.253251
5399,1.5523927
6123,0.4649343
5730,0.34173748
6015,0.329264
5989,0.32801867
6333,0.3278945
6388,0.32788214
6048,0.32788092
6322,0.3278808
6405,0.3278808
6523,0.3278808
