True,Pred
5750,2.8628612
5399,0.3230096
6123,0.22515014
5730,0.22206105
6015,0.22196445
5989,0.22196144
6333,0.22196135
6388,0.22196135
6048,0.22196135
6322,0.22196135
6405,0.22196135
6523,0.22196135
