True,Pred
4323,4.599049
4825,4.599049
4462,4.599049
4642,4.599049
4369,4.599049
4672,4.599049
4661,4.599049
4655,4.599049
4716,4.599049
4377,4.599049
4484,4.599049
4911,4.599049
5218,4.599049
5759,4.599049
5456,4.599049
5359,4.599049
5305,4.599049
5769,4.599049
5565,4.599049
5367,4.599049
5633,4.599049
5664,4.599049
6082,4.599049
6505,4.599049
5813,4.599049
6379,4.599049
6091,4.599049
6219,4.599049
6052,4.599049
6105,4.599049
6030,4.599049
5969,4.599049
5707,4.599049
5681,4.599049
6052,4.599049
5904,4.599049
5426,4.599049
6005,4.599049
5766,4.599049
5946,4.599049
5981,4.599049
6104,4.599049
5991,4.599049
5670,4.599049
5709,4.599049
5416,4.599049
5793,4.599049
