True,Pred
5750,6.0628715
5399,0.9137577
6123,0.32280278
5730,0.27929246
6015,0.27631706
5989,0.27611482
6333,0.27610105
6388,0.27610007
6048,0.27610004
6322,0.2761
6405,0.2761
6523,0.2761
