True,Pred
4323,3.2636132
4825,3.2636132
4462,3.2636132
4642,3.2636132
4369,3.2636132
4672,3.2636132
4661,3.2636132
4655,3.2636132
4716,3.2636132
4377,3.2636132
4484,3.2636132
4911,3.2636132
5218,3.2636132
5759,3.2636132
5456,3.2636132
5359,3.2636132
5305,3.2636132
5769,3.2636132
5565,3.2636132
5367,3.2636132
5633,3.2636132
5664,3.2636132
6082,3.2636132
6505,3.2636132
5813,3.2636132
6379,3.2636132
6091,3.2636132
6219,3.2636132
6052,3.2636132
6105,3.2636132
6030,3.2636132
5969,3.2636132
5707,3.2636132
5681,3.2636132
6052,3.2636132
5904,3.2636132
5426,3.2636132
6005,3.2636132
5766,3.2636132
5946,3.2636132
5981,3.2636132
6104,3.2636132
5991,3.2636132
5670,3.2636132
5709,3.2636132
5416,3.2636132
5793,3.2636132
