True,Pred
4323,7.0533066
4825,7.0533066
4462,7.0533066
4642,7.0533066
4369,7.0533066
4672,7.0533066
4661,7.0533066
4655,7.0533066
4716,7.0533066
4377,7.0533066
4484,7.0533066
4911,7.0533066
5218,7.0533066
5759,7.0533066
5456,7.0533066
5359,7.0533066
5305,7.0533066
5769,7.0533066
5565,7.0533066
5367,7.0533066
5633,7.0533066
5664,7.0533066
6082,7.0533066
6505,7.0533066
5813,7.0533066
6379,7.0533066
6091,7.0533066
6219,7.0533066
6052,7.0533066
6105,7.0533066
6030,7.0533066
5969,7.0533066
5707,7.0533066
5681,7.0533066
6052,7.0533066
5904,7.0533066
5426,7.0533066
6005,7.0533066
5766,7.0533066
5946,7.0533066
5981,7.0533066
6104,7.0533066
5991,7.0533066
5670,7.0533066
5709,7.0533066
5416,7.0533066
5793,7.0533066
