True,Pred
5750,2.8853781
5399,0.37290612
6123,0.26421106
5730,0.260576
6015,0.26045626
5989,0.26045233
6333,0.26045218
6388,0.26045218
6048,0.26045218
6322,0.26045218
6405,0.26045218
6523,0.26045218
