True,Pred
5750,5.3149753
5399,1.0208379
6123,0.35909554
5730,0.2906565
6015,0.28414002
5989,0.28352547
6333,0.28346756
6388,0.28346214
6048,0.2834616
6322,0.28346157
6405,0.28346157
6523,0.28346157
