True,Pred
4323,4.5445857
4825,4.5445857
4462,4.5445857
4642,4.5445857
4369,4.5445857
4672,4.5445857
4661,4.5445857
4655,4.5445857
4716,4.5445857
4377,4.5445857
4484,4.5445857
4911,4.5445857
5218,4.5445857
5759,4.5445857
5456,4.5445857
5359,4.5445857
5305,4.5445857
5769,4.5445857
5565,4.5445857
5367,4.5445857
5633,4.5445857
5664,4.5445857
6082,4.5445857
6505,4.5445857
5813,4.5445857
6379,4.5445857
6091,4.5445857
6219,4.5445857
6052,4.5445857
6105,4.5445857
6030,4.5445857
5969,4.5445857
5707,4.5445857
5681,4.5445857
6052,4.5445857
5904,4.5445857
5426,4.5445857
6005,4.5445857
5766,4.5445857
5946,4.5445857
5981,4.5445857
6104,4.5445857
5991,4.5445857
5670,4.5445857
5709,4.5445857
5416,4.5445857
5793,4.5445857
