True,Pred
5750,9.277398
5399,2.3202384
6123,0.7528123
5730,0.4738381
6015,0.43096393
5989,0.42456132
6333,0.42360958
6388,0.4234682
6048,0.4234472
6322,0.4234441
6405,0.42344368
6523,0.4234436
