,RMSE,MAE,MAPE,PI Width,CI Coverage,PI Overlap
mean,312.61467286944315,267.9676771375868,4.346786354984982,0.0,0.0,0.0
std,8.668313010492197,8.059089414160406,0.12633008889802605,0.0,0.0,0.0
