,RMSE,MAE,MAPE,PI Width,CI Coverage,PI Overlap
mean,317.8393418857689,254.64499083401864,4.462017413794503,0.0,0.0,0.0
median,306.33752602380565,245.06431178042763,4.304853311097758,0.0,0.0,0.0
std,43.999525426555685,42.86632752917322,0.6977490977876608,0.0,0.0,0.0
