,RMSE,MAE,MAPE,PI Width,CI Coverage,PI Overlap
mean,545.3515119628768,479.15927463107636,7.698695620713078,0.0,0.0,0.0
median,541.220643924719,473.9924723307292,7.610302241990374,0.0,0.0,0.0
std,142.5662873942585,132.82540805780806,2.119007781579893,0.0,0.0,0.0
