,RMSE,MAE,MAPE,PI Width,CI Coverage,PI Overlap
mean,450.37868953887585,390.9114271375868,6.297611638615574,0.0,0.0,0.0
median,447.024503828898,386.2515665690104,6.2194367010338,0.0,0.0,0.0
std,52.82847658634185,46.82523489798787,0.7305483077477559,0.0,0.0,0.0
