,RMSE,MAE,MAPE,PI Width,CI Coverage,PI Overlap
mean,365.55013776120734,315.9883585611979,5.094410264337785,0.0,0.0,0.0
std,5.663015772324648,5.166788045374387,0.0813334350079769,0.0,0.0,0.0
