,RMSE,MAE,MAPE,PI Width,CI Coverage,PI Overlap
mean,2849.4643420889192,2728.414430406358,30.423819092517817,0.0,0.0,0.0
std,225.6820383974606,230.0362687680015,2.6226244833421113,0.0,0.0,0.0
