,RMSE,MAE,MAPE,PI Width,CI Coverage,PI Overlap
mean,362.4095425930042,313.7984198676215,5.146018942619878,0.0,0.0,0.0
median,264.9607893872584,219.69807942708331,3.6051310481425167,0.0,0.0,0.0
std,395.6055597037655,368.3865787587015,5.964407014947284,0.0,0.0,0.0
