,RMSE,MAE,MAPE,PI Width,CI Coverage,PI Overlap
mean,314.6184240654237,269.7485473632813,4.386968276035949,0.0,0.0,0.0
std,12.866778792586931,12.18270366312698,0.18881506294861244,0.0,0.0,0.0
