,RMSE,MAE,MAPE,PI Width,CI Coverage,PI Overlap
mean,379.413111615793,329.88190511067694,5.343776514776544,0.0,0.0,0.0
median,428.31371591433845,370.6477254231771,5.959388057113926,0.0,0.0,0.0
std,159.66704000818842,143.09153439582124,2.243548201432105,0.0,0.0,0.0
