,RMSE,MAE,MAPE,PI Width,CI Coverage,PI Overlap
mean,284.02505787038564,216.08475994731106,3.918304304662438,0.0,0.0,0.0
std,2.2102114935934214,2.167179204604646,0.0428783491646767,0.0,0.0,0.0
