,RMSE,MAE,MAPE,PI Width,CI Coverage,PI Overlap
mean,524.3597447944813,469.9412489149306,7.6238041713945535,0.0,0.0,0.0
median,486.89615189237395,423.3147176106771,6.797594310130622,0.0,0.0,0.0
std,233.89868869777942,234.13944883847995,3.857353274631429,0.0,0.0,0.0
