,RMSE,MAE,MAPE,PI Width,CI Coverage,PI Overlap
mean,431.142381440673,373.4068576388889,6.011587214653828,0.0,0.0,0.0
median,422.7886170887531,365.0111897786458,5.875934783941645,0.0,0.0,0.0
std,69.77091504955423,63.973013922798124,1.0117406862180969,0.0,0.0,0.0
