,RMSE,MAE,MAPE,PI Width,CI Coverage,PI Overlap
mean,258.22836827564237,205.6341724537037,3.7529855881718657,0.0,0.0,0.0
median,257.1548429550668,205.72685546875,3.7553767673794027,0.0,0.0,0.0
std,5.632316418391052,3.9055228689628394,0.08680336322960465,0.0,0.0,0.0
