,RMSE,MAE,MAPE,PI Width,CI Coverage,PI Overlap
mean,3127.6966598686827,3017.01442565918,33.737584029783804,0.0,0.0,0.0
std,131.30214103568318,133.79734564827638,1.5290246422878648,0.0,0.0,0.0
