,RMSE,MAE,MAPE,PI Width,CI Coverage,PI Overlap
mean,607.8097569140152,531.3981255425348,8.537561030885348,0.0,0.0,0.0
median,534.2975028796781,463.59670003255206,7.439559191501744,0.0,0.0,0.0
std,239.32880350103824,216.00390117026367,3.4407438296282797,0.0,0.0,0.0
