,RMSE,MAE,MAPE,PI Width,CI Coverage,PI Overlap
mean,316.2866107765904,264.3932332356771,4.3802291613704565,0.0,0.0,0.0
median,305.5181919568991,248.23490397135416,4.14719354341498,0.0,0.0,0.0
std,43.9885511871138,42.9795806892722,0.6450459397134599,0.0,0.0,0.0
