,RMSE,MAE,MAPE,PI Width,CI Coverage,PI Overlap
mean,438.89403445618643,380.7652289496528,6.122514826735132,0.0,0.0,0.0
median,449.71850654821543,390.83447265625,6.27842249910348,0.0,0.0,0.0
std,32.42156470456986,30.53038688029191,0.48153301290883643,0.0,0.0,0.0
