,RMSE,MAE,MAPE,PI Width,CI Coverage,PI Overlap
mean,445.0274300056568,387.34183213975695,6.256146186920079,0.0,0.0,0.0
median,419.91817514441846,364.0897013346354,5.872210064278724,0.0,0.0,0.0
std,115.18220363420168,107.40508009835769,1.6968362118433302,0.0,0.0,0.0
