,RMSE,MAE,MAPE,PI Width,CI Coverage,PI Overlap
mean,346.6483192459518,297.10724012586803,4.819930520319013,0.0,0.0,0.0
median,343.2692715969466,294.54215494791663,4.781443944477833,0.0,0.0,0.0
std,14.147927528477279,13.327652534472586,0.2038154527951984,0.0,0.0,0.0
