,RMSE,MAE,MAPE,PI Width,CI Coverage,PI Overlap
mean,410.1898475423001,356.18742540147565,5.7478670898176345,0.0,0.0,0.0
median,412.659972738231,358.84063720703125,5.78534316768676,0.0,0.0,0.0
std,40.9632351280903,34.587711416429876,0.5382769802661024,0.0,0.0,0.0
