,RMSE,MAE,MAPE,PI Width,CI Coverage,PI Overlap
mean,311.72576955318925,241.98709133938627,4.239929537869515,0.0,0.0,0.0
std,35.36594792787701,35.49370799898155,0.5714518203474787,0.0,0.0,0.0
