,RMSE,MAE,MAPE,PI Width,CI Coverage,PI Overlap
mean,475.1401174082288,413.4322645399306,6.6722311832797505,0.0,0.0,0.0
median,457.7959827052407,393.1623942057292,6.31997596958624,0.0,0.0,0.0
std,129.4379655382013,120.80442828217858,1.8980768889315165,0.0,0.0,0.0
