,RMSE,MAE,MAPE,PI Width,CI Coverage,PI Overlap
mean,286.0779894153242,214.30963858145253,3.7157706904167855,0.0,0.0,0.0
std,11.557077343597612,13.374270003142833,0.23958178389597137,0.0,0.0,0.0
