,RMSE,MAE,MAPE,PI Width,CI Coverage,PI Overlap
mean,278.24804465637266,232.6400160047743,3.878320237511274,0.0,0.0,0.0
std,22.65641996299945,20.623660563463087,0.29291474481393104,0.0,0.0,0.0
